Timestamp,activo,genero,edad,area_arqueologia,fuente_ingresos,tiempo_experiencia,formacion_academica,salario,departamento,factor_ingreso,cargo,sector_mercado,estabilidad_ingreso,dias_campo,personas_cargo,tecnologia,problema_laboral,valor_posgrado,area_posgrado,percepcion_remuneracion,solucion_profesion,"22.  Si pudieras decidir de nuevo, ¿volverías a elegir arqueología en Colombia como profesión? Califica de 1 a 5

1. No
2. Probablemente no
3. Quizás...Tal vez
4. Probablemente si
5. Claro ¡Me encanta!",Comentarios y sugerencias que nos quieras hacer o compartir. Puedes dejarnos reflexiones y anécdotas sobre tu vida profesional. Queremos escucharte,area_posgrado_original,volveria_elegir,id_respuesta,tipo_lugar
6/1/2026 19:40:11,"Si, es mi profesión principal",Hombre,31 años - 35 años,"Arqueología preventiva o de rescate: obras civiles, construcciones, licencias ambientales, etc","Contratista - prestación de servicios, Trabajador independiente, Consultoria, Emprendimientos propios - empresa propia",7 a 10 años,Pregrado,De 4 millones a 5 millones,Cauca,Tener RNA,Director o lider de proyecto,Empresario o emprendedor,Variables. Dependen de contratos,De 1 a 5 días,De 1 a 3 personas,"Excel, Word, QGis, Software de creación 3D: Blender, Agisfot Metashape, SketchUp, etc, AutoCAD, Redes sociales: WhatsApp, Telegram, etc",Bajos salarios,NA,No tengo posgrado,Mucho menor a la que debería ganar,Mayor estabilidad laboral,5,NA,No tengo posgrado,5,1,Departamento
6/1/2026 19:43:15,"No actualmente, pero lo he hecho antes",Hombre,20 años - 25 años,"Arqueología académica o básica: docencia, investigación, editoriales, museos, semilleros, proyectos academicos, universidades",Trabajador independiente,Entre 1 a 3 años,Pregrado,Menos de 2 millones de pesos,Cundinamarca,Manejo de SIG,Arqueologo,Semillerista de investigacion,Ocasionales o esporadicos,Más de 15 días,Ninguna,"Excel, Word, QGis, Redes sociales: WhatsApp, Telegram, etc, Inteligencia Artificial",Desconexion entre formacion y oportunidades,NA,No tengo posgrado,Mucho menor a la que debería ganar,Más oportunidades de empleo,4,NA,No tengo posgrado,4,2,Departamento
6/1/2026 19:45:03,"Si, es mi profesión principal",Hombre,31 años - 35 años,"Arqueología preventiva o de rescate: obras civiles, construcciones, licencias ambientales, etc","Empleado directo de tiempo completo, Consultoria",7 a 10 años,Pregrado,De 5 millones a 6 millones,Meta,Años de experiencia,Arqueologo,Consultoria ambiental o estudios de impacto,Muy estables,Más de 15 días,De 1 a 3 personas,"Excel, Word, QGis, ArcGis, Google Maps, Redes sociales: WhatsApp, Telegram, etc, BASECAMP",Falta de estabilidad laboral,NA,No tengo posgrado,Aproximadamente lo que debería ganar,Mayor estabilidad laboral,5,NA,No tengo posgrado,5,3,Departamento
6/1/2026 19:45:06,"Si, es mi profesión principal",Mujer,31 años - 35 años,"Arqueología preventiva o de rescate: obras civiles, construcciones, licencias ambientales, etc",Empleado directo de tiempo completo,11 y 15 años,Pregrado,De 3 millones a 4 millones,Antioquia,Ninguno,Arqueologo,Obras civiles y construccion,Muy estables,Más de 15 días,Ninguna,"Excel, Word, Google Maps",Bajos salarios,NA,No tengo posgrado,Mucho menor a la que debería ganar,Mejores salarios,2,NA,No tengo posgrado,2,4,Departamento
6/1/2026 19:46:45,"Si, es mi profesión principal",Mujer,31 años - 35 años,"Arqueología preventiva o de rescate: obras civiles, construcciones, licencias ambientales, etc",Empleado directo de tiempo completo,Entre 1 a 3 años,Estudiante de pregrado,De 2 millones a 2.5 millones,Antioquia,Años de experiencia,Auxiliar de arqueologia,Obras civiles y construccion,Variables. Dependen de contratos,Más de 15 días,De 1 a 3 personas,"Excel, Word",Bajos salarios,NA,No tengo posgrado,Aproximadamente lo que debería ganar,Mayor estabilidad laboral,5,NA,No tengo posgrado,5,5,Departamento
6/1/2026 19:47:51,"Si, es mi profesión principal",Mujer,26 años - 30 años,"Arqueología preventiva o de rescate: obras civiles, construcciones, licencias ambientales, etc",Empleado directo de tiempo completo,7 a 10 años,Pregrado,De 4 millones a 5 millones,Putumayo,Red de contactos,Arqueologo,Obras civiles y construccion,Muy estables,Más de 15 días,De 1 a 3 personas,Excel,Falta de estabilidad laboral,NA,No tengo posgrado,Mucho menor a la que debería ganar,Más oportunidades de empleo,1,NA,No tengo posgrado,1,6,Departamento
6/1/2026 19:48:53,"Si, ocasionalmente",Mujer,31 años - 35 años,"Arqueología preventiva o de rescate: obras civiles, construcciones, licencias ambientales, etc","Contratista - prestación de servicios, Museos y conservación. Gestor cultural",7 a 10 años,Pregrado,De 2 millones a 2.5 millones,Bogota D.C.,Red de contactos,Arqueologo,Obras civiles y construccion,Ocasionales o esporadicos,11 a 15 días,De 4 a 10 personas,"Excel, Word, QGis, Google Maps",Desconexion entre formacion y oportunidades,NA,No tengo posgrado,Mucho menor a la que debería ganar,Mayor estabilidad laboral,2,NA,No tengo posgrado,2,7,Departamento
6/1/2026 19:48:58,"Si, es mi profesión principal",Hombre,31 años - 35 años,"Arqueología preventiva o de rescate: obras civiles, construcciones, licencias ambientales, etc",Empleado directo de tiempo completo,Entre 1 a 3 años,Pregrado,De 3 millones a 4 millones,Meta,Ubicacion geografica,Auxiliar de arqueologia,Oil and Gas,Muy estables,Más de 15 días,Ninguna,"Excel, Word, QGis, ArcGis, AutoCAD, Google Maps",Bajos salarios,NA,No tengo posgrado,Algo menor de lo que debería ganar,Mejores salarios,4,NA,No tengo posgrado,4,8,Departamento
6/1/2026 19:50:16,"Si, es mi profesión principal",Mujer,20 años - 25 años,"Arqueología preventiva o de rescate: obras civiles, construcciones, licencias ambientales, etc","Empleado directo de tiempo completo, Contratista - prestación de servicios",Menos de 1 año,Pregrado,Menos de 2 millones de pesos,Bogota D.C.,Ninguno,Auxiliar de arqueologia,Laboratorios,Variables. Dependen de contratos,No realizo trabajo de campo,Ninguna,"Excel, Word",Falta de claridad en tarifas,NA,No tengo posgrado,Algo menor de lo que debería ganar,Mejor reconocimiento profesional,2,No hay garantías de mejoras de salario ni con experiencia ni con posgrados,No tengo posgrado,2,9,Departamento
6/1/2026 19:50:50,"Si, es mi profesión principal",Mujer,26 años - 30 años,"Arqueología preventiva o de rescate: obras civiles, construcciones, licencias ambientales, etc",Contratista - prestación de servicios,4 a 6 años,Pregrado,De 2.5 millones a 3 millones,La Guajira,Tener RNA,Arqueologo,Obras civiles y construccion,Variables. Dependen de contratos,Más de 15 días,De 1 a 3 personas,"Excel, QGis",Exceso de informalidad,NA,No tengo posgrado,Mucho menor a la que debería ganar,Mejor claridad en los honorarios o sueldos,5,NA,No tengo posgrado,5,10,Departamento
6/1/2026 19:51:47,"Si, es mi profesión principal",Mujer,20 años - 25 años,"Arqueología preventiva o de rescate: obras civiles, construcciones, licencias ambientales, etc",Contratista - prestación de servicios,Entre 1 a 3 años,Especializacion,De 2.5 millones a 3 millones,Bogota D.C.,Red de contactos,Arqueologo,Obras civiles y construccion,Variables. Dependen de contratos,Más de 15 días,Ninguna,"Excel, QGis",Bajos salarios,NA,Otro,Mucho menor a la que debería ganar,Más regulación del sector,1,NA,Otro,1,11,Departamento
6/1/2026 19:56:15,"Si, es mi profesión principal",Mujer,26 años - 30 años,"Arqueología preventiva o de rescate: obras civiles, construcciones, licencias ambientales, etc",Empleado directo de tiempo completo,4 a 6 años,Pregrado,De 4 millones a 5 millones,Bogota D.C.,Años de experiencia,Arqueologo,Obras civiles y construccion,Variables. Dependen de contratos,Más de 15 días,Ninguna,"Excel, Word, QGis",Falta de estabilidad laboral,NA,No tengo posgrado,Mucho menor a la que debería ganar,Más regulación del sector,2,NA,No tengo posgrado,2,12,Departamento
6/1/2026 19:56:15,"Si, es mi profesión principal",Mujer,26 años - 30 años,"Arqueología preventiva o de rescate: obras civiles, construcciones, licencias ambientales, etc",Empleado directo de tiempo completo,4 a 6 años,Pregrado,De 4 millones a 5 millones,Magdalena,Años de experiencia,Arqueologo,Obras civiles y construccion,Variables. Dependen de contratos,Más de 15 días,Ninguna,"Excel, Word, QGis",Falta de estabilidad laboral,NA,No tengo posgrado,Mucho menor a la que debería ganar,Más regulación del sector,2,NA,No tengo posgrado,2,12,Departamento
6/1/2026 19:56:15,"Si, es mi profesión principal",Mujer,26 años - 30 años,"Arqueología preventiva o de rescate: obras civiles, construcciones, licencias ambientales, etc",Empleado directo de tiempo completo,4 a 6 años,Pregrado,De 4 millones a 5 millones,Meta,Años de experiencia,Arqueologo,Obras civiles y construccion,Variables. Dependen de contratos,Más de 15 días,Ninguna,"Excel, Word, QGis",Falta de estabilidad laboral,NA,No tengo posgrado,Mucho menor a la que debería ganar,Más regulación del sector,2,NA,No tengo posgrado,2,12,Departamento
6/1/2026 19:57:05,"Si, es mi profesión principal",Hombre,26 años - 30 años,ICANH,"Empleado directo de tiempo completo, Modelos de datos",4 a 6 años,Especializacion,De 4 millones a 5 millones,Bogota D.C.,Manejo de SIG,Auxiliar de arqueologia,Obras civiles y construccion,Muy estables,De 1 a 5 días,Ninguna,"Excel, Word, Python, QGis, Google Maps, Fotogrametría, Inteligencia Artificial",Bajos salarios,NA,"SIG, Geografía y Ciencias Ambientales",Mucho menor a la que debería ganar,Mejores salarios,4,Hay estabilidad laboral pero los sueldos hace años no suben.,SIG. Geografía. Estudios territoriales. Ciencias Ambientales. Catastro. Teledetección. Arqueobotánica,4,13,Departamento
6/1/2026 19:57:19,"Si, es mi profesión principal",Hombre,20 años - 25 años,"Arqueología preventiva o de rescate: obras civiles, construcciones, licencias ambientales, etc","Contratista - prestación de servicios, Investigador forense",Menos de 1 año,Pregrado,De 3 millones a 4 millones,Bogota D.C.,Años de experiencia,Auxiliar de arqueologia,Obras civiles y construccion,Variables. Dependen de contratos,Más de 15 días,De 1 a 3 personas,"Excel, Word, QGis, Software de creación 3D: Blender, Agisfot Metashape, SketchUp, etc, ArcGis, Google Maps, Fotogrametría, SQL, Software de dibujo técnico y edicion fotografica: Illustrator, Corel, Krita, etc, Citacion bibliográfica: Mendeley, Zotero, EndNote, etc, Redes sociales: WhatsApp, Telegram, etc, Inteligencia Artificial",Bajos salarios,NA,No tengo posgrado,Mucho menor a la que debería ganar,Más regulación del sector,1,NA,No tengo posgrado,1,14,Departamento
6/1/2026 19:58:49,"No actualmente, pero lo he hecho antes",Hombre,26 años - 30 años,"Arqueología preventiva o de rescate: obras civiles, construcciones, licencias ambientales, etc",Trabajador independiente,4 a 6 años,Maestría,Menos de 2 millones de pesos,Bogota D.C.,Redes sociales,Tallerista,Trabajo independiente o por proyectos,Ocasionales o esporadicos,No realizo trabajo de campo,Ninguna,"Excel, Word, Google Maps, Fotogrametría, Software de dibujo técnico y edicion fotografica: Illustrator, Corel, Krita, etc, Redes sociales: WhatsApp, Telegram, etc, Inteligencia Artificial",Diferencias entre sectores,NA,Antropología y Arqueología,Algo menor de lo que debería ganar,Mayor estabilidad laboral,1,"Abandoné la arqueología para empezar en otro campo, en la educación, la arqueología sirvió como un puente para ese proceso. Definitivamente no volvería a estudiar algo relacionado con la arqueología y no volvería a trabajar en una empresa relacionada con la arqueología preventiva. La doble moral de las vacas sagradas, los malos tratos y la destrucción del patrimonio arqueológico a manos de aquellos/as que se suponen deben protegerlo, es algo bastante desilusionante. Lastimosamente la arqueología se convirtió en un foco de estres, comenzó siendo una oportunidad reveladora, desafiante, pero rápidamente se convirtió en algo negativo para mí.",Antropología en general o arqueología,1,15,Departamento
6/1/2026 19:59:22,"Si, es mi profesión principal",Mujer,26 años - 30 años,"Arqueología preventiva o de rescate: obras civiles, construcciones, licencias ambientales, etc",Empleado directo de tiempo completo,Entre 1 a 3 años,Pregrado,De 5 millones a 6 millones,Bolivar,Tener RNA,Arqueologo,Obras civiles y construccion,Variables. Dependen de contratos,Más de 15 días,De 4 a 10 personas,"Excel, Word, Google Sheets, Google Maps, Redes sociales: WhatsApp, Telegram, etc",Falta de estabilidad laboral,NA,"Patrimonio, Museología y Arquitectura",Aproximadamente lo que debería ganar,Mayor estabilidad laboral,4,NA,Gestión del patrimonio cultural. Curaduría y restauración. Arquitectura. Estudios urbanisticos. Museología. Artes,4,16,Departamento
6/1/2026 19:59:37,"Si, es mi profesión principal",Prefiero no decirlo,36 años - 40 años,"Arqueología preventiva o de rescate: obras civiles, construcciones, licencias ambientales, etc",Empleado directo de tiempo completo,7 a 10 años,Especializacion,De 5 millones a 6 millones,Bogota D.C.,Comunicacion y persuasion,Coordinador de proyectos,Consultoria ambiental o estudios de impacto,Muy estables,No realizo trabajo de campo,Más de 10 personas,"Excel, Word, Google Sheets, Python, SPSS, QGis, Software de creación 3D: Blender, Agisfot Metashape, SketchUp, etc, ArcGis, Google Maps, Fotogrametría, SQL, Software de dibujo técnico y edicion fotografica: Illustrator, Corel, Krita, etc, Citacion bibliográfica: Mendeley, Zotero, EndNote, etc, Redes sociales: WhatsApp, Telegram, etc, Inteligencia Artificial",Informacion laboral dispersa,NA,Tecnología,Aproximadamente lo que debería ganar,Mejor claridad en los honorarios o sueldos,2,NA,Ciencias de datos. Ingeniería de sistemas. Analítica de datos. Inteligencia artificial,2,17,Departamento
6/1/2026 20:00:01,"Si, es mi profesión principal",Mujer,41 años - 45 años,"Arqueología preventiva o de rescate: obras civiles, construcciones, licencias ambientales, etc",Empleado directo de tiempo completo,7 a 10 años,Maestría,De 4 millones a 5 millones,Bogota D.C.,Tener RNA,Arqueologo,Obras civiles y construccion,Variables. Dependen de contratos,De 6 a 10 días,Ninguna,"Excel, Word, QGis, Software de dibujo técnico y edicion fotografica: Illustrator, Corel, Krita, etc, Citacion bibliográfica: Mendeley, Zotero, EndNote, etc",Otro,NA,Otro,Mucho menor a la que debería ganar,Más regulación del sector,4,"1. Este tipo de ejercicios son muy valiosos, pero igual está sectorizados, las Universidades debería reevaluar su pensum y sus propios profesores algunos repiten lo que han hecho, repiten, repiten  cambian cositas pero es lo mismo.
2. Igual que existe el ICANH debería existe una agrupación seria, que actualmente no se tiene... 
3. Dicha agrupación debería ofertar, cursos, diplomados sobre diversos temas. 
4. La Rosca que se tiene al interior el gremio, no ayuda, la poca empatía.(Colegas que abarcan y abarcan muchas licencias, por ley se debería monitorear, que se tuviera  un tope maximo de licencias)

 5. Se debería tener un representante por universidades en dicha agrupación e ir regulando que se enseña, aterrizar las prácticas ....",Otro,4,18,Departamento
6/1/2026 20:00:11,"Si, es mi profesión principal",Mujer,36 años - 40 años,"Arqueología preventiva o de rescate: obras civiles, construcciones, licencias ambientales, etc",Empleado directo de tiempo completo,7 a 10 años,Especializacion,De 5 millones a 6 millones,Bogota D.C.,Años de experiencia,Arqueologo,Obras civiles y construccion,Muy estables,De 1 a 5 días,Ninguna,"Excel, Word, QGis, Software de creación 3D: Blender, Agisfot Metashape, SketchUp, etc, Google Maps, Fotogrametría, Redes sociales: WhatsApp, Telegram, etc",Falta de estabilidad laboral,No tengo posgrado,"SIG, Geografía y Ciencias Ambientales",Aproximadamente lo que debería ganar,Mayor estabilidad laboral,5,NA,SIG. Geografía. Estudios territoriales. Ciencias Ambientales. Catastro. Teledetección. Arqueobotánica,5,19,Departamento
6/1/2026 20:01:10,No,Hombre,20 años - 25 años,"Arqueología académica o básica: docencia, investigación, editoriales, museos, semilleros, proyectos academicos, universidades",Nunca he ganado ingresos,Menos de 1 año,Pregrado,Nunca he ganado nada,Santander,Años de experiencia,Desempleado,Voluntariado,Ninguno,Más de 15 días,Ninguna,"Excel, Word, Google Sheets, SPSS, QGis, Google Maps, Citacion bibliográfica: Mendeley, Zotero, EndNote, etc, Redes sociales: WhatsApp, Telegram, etc, Inteligencia Artificial",Otro,NA,No tengo posgrado,Mucho menor a la que debería ganar,Mayor estabilidad laboral,5,NA,No tengo posgrado,5,20,Departamento
6/1/2026 20:01:38,"No actualmente, pero lo he hecho antes",Genero no binario,36 años - 40 años,"Arqueología preventiva o de rescate: obras civiles, construcciones, licencias ambientales, etc",Contratista - prestación de servicios,4 a 6 años,Pregrado,Menos de 2 millones de pesos,Atlantico,Tener RNA,Desempleado,Obras civiles y construccion,Ocasionales o esporadicos,De 1 a 5 días,Ninguna,"Excel, Word, SPSS, QGis, ArcGis, AutoCAD",Exceso de informalidad,NA,No tengo posgrado,Mucho menor a la que debería ganar,Más regulación del sector,1,"La arqueología en colombia tiene muy mal manejo ambiental de parte de autoridades. Falta de respaldo y garantías, es un gremio muy conflictivo, desigual, corrupto y vendido a los intereses del sector privado.",No tengo posgrado,1,21,Departamento
6/1/2026 20:01:38,"No actualmente, pero lo he hecho antes",Genero no binario,36 años - 40 años,"Arqueología preventiva o de rescate: obras civiles, construcciones, licencias ambientales, etc",Contratista - prestación de servicios,4 a 6 años,Pregrado,Menos de 2 millones de pesos,Bolivar,Tener RNA,Desempleado,Obras civiles y construccion,Ocasionales o esporadicos,De 1 a 5 días,Ninguna,"Excel, Word, SPSS, QGis, ArcGis, AutoCAD",Exceso de informalidad,NA,No tengo posgrado,Mucho menor a la que debería ganar,Más regulación del sector,1,"La arqueología en colombia tiene muy mal manejo ambiental de parte de autoridades. Falta de respaldo y garantías, es un gremio muy conflictivo, desigual, corrupto y vendido a los intereses del sector privado.",No tengo posgrado,1,21,Departamento
6/1/2026 20:01:38,"No actualmente, pero lo he hecho antes",Genero no binario,36 años - 40 años,"Arqueología preventiva o de rescate: obras civiles, construcciones, licencias ambientales, etc",Contratista - prestación de servicios,4 a 6 años,Pregrado,Menos de 2 millones de pesos,Cundinamarca,Tener RNA,Desempleado,Obras civiles y construccion,Ocasionales o esporadicos,De 1 a 5 días,Ninguna,"Excel, Word, SPSS, QGis, ArcGis, AutoCAD",Exceso de informalidad,NA,No tengo posgrado,Mucho menor a la que debería ganar,Más regulación del sector,1,"La arqueología en colombia tiene muy mal manejo ambiental de parte de autoridades. Falta de respaldo y garantías, es un gremio muy conflictivo, desigual, corrupto y vendido a los intereses del sector privado.",No tengo posgrado,1,21,Departamento
6/1/2026 20:01:38,"No actualmente, pero lo he hecho antes",Genero no binario,36 años - 40 años,"Arqueología preventiva o de rescate: obras civiles, construcciones, licencias ambientales, etc",Contratista - prestación de servicios,4 a 6 años,Pregrado,Menos de 2 millones de pesos,Meta,Tener RNA,Desempleado,Obras civiles y construccion,Ocasionales o esporadicos,De 1 a 5 días,Ninguna,"Excel, Word, SPSS, QGis, ArcGis, AutoCAD",Exceso de informalidad,NA,No tengo posgrado,Mucho menor a la que debería ganar,Más regulación del sector,1,"La arqueología en colombia tiene muy mal manejo ambiental de parte de autoridades. Falta de respaldo y garantías, es un gremio muy conflictivo, desigual, corrupto y vendido a los intereses del sector privado.",No tengo posgrado,1,21,Departamento
6/1/2026 20:01:50,"Si, es mi profesión principal",Mujer,26 años - 30 años,"Arqueología preventiva o de rescate: obras civiles, construcciones, licencias ambientales, etc",Empleado directo de tiempo completo,Entre 1 a 3 años,Pregrado,De 3 millones a 4 millones,Bogota D.C.,Red de contactos,Arqueologo,Obras civiles y construccion,Variables. Dependen de contratos,De 1 a 5 días,Ninguna,"Excel, Word, QGis, Fotogrametría",Falta de estabilidad laboral,NA,No tengo posgrado,Algo menor de lo que debería ganar,Más regulación del sector,2,NA,No tengo posgrado,2,22,Departamento
6/1/2026 20:02:36,"Si, es mi profesión principal",Mujer,20 años - 25 años,"Arqueología preventiva o de rescate: obras civiles, construcciones, licencias ambientales, etc",Empleado directo de tiempo completo,Entre 1 a 3 años,Pregrado,De 2.5 millones a 3 millones,Bogota D.C.,Tener RNA,Auxiliar de arqueologia,Obras civiles y construccion,Variables. Dependen de contratos,Más de 15 días,Ninguna,"Excel, Word, Software de creación 3D: Blender, Agisfot Metashape, SketchUp, etc, ArcGis, AutoCAD, Google Maps",Falta de estabilidad laboral,NA,No tengo posgrado,Aproximadamente lo que debería ganar,Mayor estabilidad laboral,1,NA,No tengo posgrado,1,23,Departamento
6/1/2026 20:03:51,"Si, es mi profesión principal",Mujer,41 años - 45 años,"Arqueología preventiva o de rescate: obras civiles, construcciones, licencias ambientales, etc",Contratista - prestación de servicios,11 y 15 años,Maestría,De 5 millones a 6 millones,Bogota D.C.,Tener RNA,Investigador independiente,Instituciones gubernamentales,Muy estables,No realizo trabajo de campo,Ninguna,"Excel, Word, Google Sheets, Python, QGis, ArcGis, Google Maps, Redes sociales: WhatsApp, Telegram, etc",Bajos salarios,NA,Antropología y Arqueología,Algo menor de lo que debería ganar,Mayor estabilidad laboral,5,NA,Antropología en general o arqueología,5,24,Departamento
6/1/2026 20:04:39,"No actualmente, pero lo he hecho antes",Hombre,41 años - 45 años,"Arqueología preventiva o de rescate: obras civiles, construcciones, licencias ambientales, etc","Empleado directo de tiempo completo, Contratista - prestación de servicios",4 a 6 años,Pregrado,De 3 millones a 4 millones,Atlantico,Años de experiencia,Arqueologo,Obras civiles y construccion,Ocasionales o esporadicos,Más de 15 días,De 1 a 3 personas,"Excel, Word, Google Maps",Bajos salarios,NA,No tengo posgrado,Mucho menor a la que debería ganar,Mayor estabilidad laboral,2,NA,No tengo posgrado,2,25,Departamento
6/1/2026 20:08:12,"Si, es mi profesión principal",Mujer,31 años - 35 años,"Arqueología preventiva o de rescate: obras civiles, construcciones, licencias ambientales, etc","Empleado directo de tiempo completo, Trabajador independiente",4 a 6 años,Especializacion,De 3 millones a 4 millones,Tolima,Años de experiencia,Analista,Obras civiles y construccion,Muy estables,Más de 15 días,De 1 a 3 personas,"Excel, Word, QGis, ArcGis, Citacion bibliográfica: Mendeley, Zotero, EndNote, etc",Otro,NA,"SIG, Geografía y Ciencias Ambientales",Mucho menor a la que debería ganar,Más regulación del sector,4,"La pregunta 9 está habilitada para múltiple respuesta pero pide marcar solo un departamento. La pregunta 11 podría incluir el sector de energías renovables (e.g. solares).
La pregunta 16 es de escala, pero está configurada para seleccionar una opción no para asignarle un grado a una categoría.",SIG. Geografía. Estudios territoriales. Ciencias Ambientales. Catastro. Teledetección. Arqueobotánica,4,26,Departamento
6/1/2026 20:08:59,"Si, ocasionalmente",Hombre,31 años - 35 años,"Arqueología preventiva o de rescate: obras civiles, construcciones, licencias ambientales, etc","Trabajador independiente, Consultoria",7 a 10 años,Especializacion,De 3 millones a 4 millones,Caldas,Tener RNA,Consultor,Consultoria ambiental o estudios de impacto,Variables. Dependen de contratos,De 1 a 5 días,De 1 a 3 personas,"Excel, Word, QGis, Software de creación 3D: Blender, Agisfot Metashape, SketchUp, etc, ArcGis, Google Maps, Fotogrametría, SQL, Redes sociales: WhatsApp, Telegram, etc",Otro,No tengo posgrado,"SIG, Geografía y Ciencias Ambientales",Algo menor de lo que debería ganar,Más regulación del sector,5,"Uno de los grandes problemas de la Arqueología en Colombia es que con el decreto 139 se reglamento un esquema de la Arqueología importante, pero le dió la libertad a las instituciones que requieren este tipo de trabajos de no continuar con el PAP, pues no indica fechas límites que deben cumplir para ejecutarlo,  y desde el ICANH así se denuncie no hacen seguimiento ni sancionan las afectaciones al patrimonio.",SIG. Geografía. Estudios territoriales. Ciencias Ambientales. Catastro. Teledetección. Arqueobotánica,5,27,Departamento
6/1/2026 20:08:59,"Si, ocasionalmente",Hombre,31 años - 35 años,"Arqueología preventiva o de rescate: obras civiles, construcciones, licencias ambientales, etc","Trabajador independiente, Consultoria",7 a 10 años,Especializacion,De 3 millones a 4 millones,Risaralda,Tener RNA,Consultor,Consultoria ambiental o estudios de impacto,Variables. Dependen de contratos,De 1 a 5 días,De 1 a 3 personas,"Excel, Word, QGis, Software de creación 3D: Blender, Agisfot Metashape, SketchUp, etc, ArcGis, Google Maps, Fotogrametría, SQL, Redes sociales: WhatsApp, Telegram, etc",Otro,No tengo posgrado,"SIG, Geografía y Ciencias Ambientales",Algo menor de lo que debería ganar,Más regulación del sector,5,"Uno de los grandes problemas de la Arqueología en Colombia es que con el decreto 139 se reglamento un esquema de la Arqueología importante, pero le dió la libertad a las instituciones que requieren este tipo de trabajos de no continuar con el PAP, pues no indica fechas límites que deben cumplir para ejecutarlo,  y desde el ICANH así se denuncie no hacen seguimiento ni sancionan las afectaciones al patrimonio.",SIG. Geografía. Estudios territoriales. Ciencias Ambientales. Catastro. Teledetección. Arqueobotánica,5,27,Departamento
6/1/2026 20:08:59,"Si, ocasionalmente",Hombre,31 años - 35 años,"Arqueología preventiva o de rescate: obras civiles, construcciones, licencias ambientales, etc","Trabajador independiente, Consultoria",7 a 10 años,Especializacion,De 3 millones a 4 millones,Valle del Cauca,Tener RNA,Consultor,Consultoria ambiental o estudios de impacto,Variables. Dependen de contratos,De 1 a 5 días,De 1 a 3 personas,"Excel, Word, QGis, Software de creación 3D: Blender, Agisfot Metashape, SketchUp, etc, ArcGis, Google Maps, Fotogrametría, SQL, Redes sociales: WhatsApp, Telegram, etc",Otro,No tengo posgrado,"SIG, Geografía y Ciencias Ambientales",Algo menor de lo que debería ganar,Más regulación del sector,5,"Uno de los grandes problemas de la Arqueología en Colombia es que con el decreto 139 se reglamento un esquema de la Arqueología importante, pero le dió la libertad a las instituciones que requieren este tipo de trabajos de no continuar con el PAP, pues no indica fechas límites que deben cumplir para ejecutarlo,  y desde el ICANH así se denuncie no hacen seguimiento ni sancionan las afectaciones al patrimonio.",SIG. Geografía. Estudios territoriales. Ciencias Ambientales. Catastro. Teledetección. Arqueobotánica,5,27,Departamento
6/1/2026 20:09:50,"Si, es mi profesión principal",Hombre,31 años - 35 años,"Arqueología preventiva o de rescate: obras civiles, construcciones, licencias ambientales, etc",Empleado directo de tiempo completo,7 a 10 años,Pregrado,De 4 millones a 5 millones,Bogota D.C.,Años de experiencia,Coordinador de proyectos,Obras civiles y construccion,Muy estables,De 1 a 5 días,Ninguna,"Excel, Word, QGis, Google Maps, Software de dibujo técnico y edicion fotografica: Illustrator, Corel, Krita, etc, Inteligencia Artificial",Bajos salarios,NA,No tengo posgrado,Algo menor de lo que debería ganar,Más oportunidades de empleo,2,NA,No tengo posgrado,2,28,Departamento
6/1/2026 20:14:26,"Si, es mi profesión principal",Mujer,31 años - 35 años,"Arqueología preventiva o de rescate: obras civiles, construcciones, licencias ambientales, etc",Empleado directo de tiempo completo,4 a 6 años,Pregrado,De 3 millones a 4 millones,Bolivar,Años de experiencia,Arqueologo,Oil and Gas,Variables. Dependen de contratos,Más de 15 días,De 1 a 3 personas,"Excel, Word, QGis, Citacion bibliográfica: Mendeley, Zotero, EndNote, etc, Redes sociales: WhatsApp, Telegram, etc",Falta de estabilidad laboral,NA,No tengo posgrado,Algo menor de lo que debería ganar,Mayor estabilidad laboral,1,NA,No tengo posgrado,1,29,Departamento
6/1/2026 20:14:26,"Si, es mi profesión principal",Mujer,31 años - 35 años,"Arqueología preventiva o de rescate: obras civiles, construcciones, licencias ambientales, etc",Empleado directo de tiempo completo,4 a 6 años,Pregrado,De 3 millones a 4 millones,La Guajira,Años de experiencia,Arqueologo,Oil and Gas,Variables. Dependen de contratos,Más de 15 días,De 1 a 3 personas,"Excel, Word, QGis, Citacion bibliográfica: Mendeley, Zotero, EndNote, etc, Redes sociales: WhatsApp, Telegram, etc",Falta de estabilidad laboral,NA,No tengo posgrado,Algo menor de lo que debería ganar,Mayor estabilidad laboral,1,NA,No tengo posgrado,1,29,Departamento
6/1/2026 20:14:26,"Si, es mi profesión principal",Mujer,31 años - 35 años,"Arqueología preventiva o de rescate: obras civiles, construcciones, licencias ambientales, etc",Empleado directo de tiempo completo,4 a 6 años,Pregrado,De 3 millones a 4 millones,Magdalena,Años de experiencia,Arqueologo,Oil and Gas,Variables. Dependen de contratos,Más de 15 días,De 1 a 3 personas,"Excel, Word, QGis, Citacion bibliográfica: Mendeley, Zotero, EndNote, etc, Redes sociales: WhatsApp, Telegram, etc",Falta de estabilidad laboral,NA,No tengo posgrado,Algo menor de lo que debería ganar,Mayor estabilidad laboral,1,NA,No tengo posgrado,1,29,Departamento
6/1/2026 20:14:26,"Si, es mi profesión principal",Mujer,31 años - 35 años,"Arqueología preventiva o de rescate: obras civiles, construcciones, licencias ambientales, etc",Empleado directo de tiempo completo,4 a 6 años,Pregrado,De 3 millones a 4 millones,Meta,Años de experiencia,Arqueologo,Oil and Gas,Variables. Dependen de contratos,Más de 15 días,De 1 a 3 personas,"Excel, Word, QGis, Citacion bibliográfica: Mendeley, Zotero, EndNote, etc, Redes sociales: WhatsApp, Telegram, etc",Falta de estabilidad laboral,NA,No tengo posgrado,Algo menor de lo que debería ganar,Mayor estabilidad laboral,1,NA,No tengo posgrado,1,29,Departamento
6/1/2026 20:14:26,"Si, es mi profesión principal",Mujer,31 años - 35 años,"Arqueología preventiva o de rescate: obras civiles, construcciones, licencias ambientales, etc",Empleado directo de tiempo completo,4 a 6 años,Pregrado,De 3 millones a 4 millones,Valle del Cauca,Años de experiencia,Arqueologo,Oil and Gas,Variables. Dependen de contratos,Más de 15 días,De 1 a 3 personas,"Excel, Word, QGis, Citacion bibliográfica: Mendeley, Zotero, EndNote, etc, Redes sociales: WhatsApp, Telegram, etc",Falta de estabilidad laboral,NA,No tengo posgrado,Algo menor de lo que debería ganar,Mayor estabilidad laboral,1,NA,No tengo posgrado,1,29,Departamento
6/1/2026 20:14:45,"Si, es mi profesión principal",Mujer,20 años - 25 años,"Arqueología preventiva o de rescate: obras civiles, construcciones, licencias ambientales, etc",Empleado directo de tiempo completo,Entre 1 a 3 años,Maestría,De 4 millones a 5 millones,Bogota D.C.,Comunicacion y persuasion,Auxiliar de arqueologia,Obras civiles y construccion,Muy estables,Más de 15 días,De 4 a 10 personas,"Excel, Word, Python, QGis, Software de creación 3D: Blender, Agisfot Metashape, SketchUp, etc, ArcGis, AutoCAD, Google Maps, Fotogrametría, Software de dibujo técnico y edicion fotografica: Illustrator, Corel, Krita, etc, Harris Composer",Falta de estabilidad laboral,NA,Otro,Mucho menor a la que debería ganar,Mayor estabilidad laboral,4,"La red de contactos es fundamental en este gremio, en ocasiones no valen los títulos, ni experiencia, sino a quien conoces para entrar a trabajar, para mi, ese es el mayor reto del gremio laboral en arqueología",Otro,4,30,Departamento
6/1/2026 20:15:09,"Si, es mi profesión principal",Hombre,31 años - 35 años,"Arqueología preventiva o de rescate: obras civiles, construcciones, licencias ambientales, etc",Empleado directo de tiempo completo,4 a 6 años,Pregrado,De 4 millones a 5 millones,Cesar,Red de contactos,Arqueologo,Obras civiles y construccion,Variables. Dependen de contratos,Más de 15 días,De 4 a 10 personas,"Excel, Word, QGis, Google Maps, Redes sociales: WhatsApp, Telegram, etc",Poca oferta de empleos,NA,No tengo posgrado,Aproximadamente lo que debería ganar,Mejores salarios,2,"Sugiero, con urgencia, crear nuestra colegiatura gremial.",No tengo posgrado,2,31,Departamento
6/1/2026 20:15:54,"Si, ocasionalmente",Hombre,31 años - 35 años,"Arqueología preventiva o de rescate: obras civiles, construcciones, licencias ambientales, etc","Trabajador independiente, Museos y conservación. Gestor cultural",Entre 1 a 3 años,Pregrado,Menos de 2 millones de pesos,Boyaca,Red de contactos,Arqueologo,Trabajo independiente o por proyectos,Variables. Dependen de contratos,De 1 a 5 días,Ninguna,"Excel, Word, QGis, Software de creación 3D: Blender, Agisfot Metashape, SketchUp, etc, Google Maps, Fotogrametría, Software de dibujo técnico y edicion fotografica: Illustrator, Corel, Krita, etc, Citacion bibliográfica: Mendeley, Zotero, EndNote, etc, Redes sociales: WhatsApp, Telegram, etc, Inteligencia Artificial",Falta de claridad en tarifas,NA,No tengo posgrado,Mucho menor a la que debería ganar,Mayor estabilidad laboral,3,NA,No tengo posgrado,3,32,Departamento
6/1/2026 20:19:46,"Si, es mi profesión principal",Hombre,41 años - 45 años,"Arqueología preventiva o de rescate: obras civiles, construcciones, licencias ambientales, etc","Contratista - prestación de servicios, Docencia e investigación universitaria, Turismo",11 y 15 años,Maestría,De 3 millones a 4 millones,Bogota D.C.,Red de contactos,Profesor o docente,Universidad,Variables. Dependen de contratos,De 1 a 5 días,Ninguna,"Excel, Word, Google Sheets, SPSS, QGis, Software de creación 3D: Blender, Agisfot Metashape, SketchUp, etc, Google Maps, Fotogrametría, Software de dibujo técnico y edicion fotografica: Illustrator, Corel, Krita, etc, Citacion bibliográfica: Mendeley, Zotero, EndNote, etc, Redes sociales: WhatsApp, Telegram, etc, Inteligencia Artificial",Bajos salarios,NA,Antropología y Arqueología,Mucho menor a la que debería ganar,Mejores salarios,3,NA,Antropología en general o arqueología,3,33,Departamento
6/1/2026 20:19:46,"Si, es mi profesión principal",Hombre,41 años - 45 años,"Arqueología preventiva o de rescate: obras civiles, construcciones, licencias ambientales, etc","Contratista - prestación de servicios, Docencia e investigación universitaria, Turismo",11 y 15 años,Maestría,De 3 millones a 4 millones,Santander,Red de contactos,Profesor o docente,Universidad,Variables. Dependen de contratos,De 1 a 5 días,Ninguna,"Excel, Word, Google Sheets, SPSS, QGis, Software de creación 3D: Blender, Agisfot Metashape, SketchUp, etc, Google Maps, Fotogrametría, Software de dibujo técnico y edicion fotografica: Illustrator, Corel, Krita, etc, Citacion bibliográfica: Mendeley, Zotero, EndNote, etc, Redes sociales: WhatsApp, Telegram, etc, Inteligencia Artificial",Bajos salarios,NA,Antropología y Arqueología,Mucho menor a la que debería ganar,Mejores salarios,3,NA,Antropología en general o arqueología,3,33,Departamento
6/1/2026 20:22:01,"Si, es mi profesión principal",Mujer,26 años - 30 años,"Arqueología preventiva o de rescate: obras civiles, construcciones, licencias ambientales, etc",Empleado directo de tiempo completo,Entre 1 a 3 años,Pregrado,De 5 millones a 6 millones,Cesar,Red de contactos,Auxiliar de arqueologia,Obras civiles y construccion,Muy estables,Más de 15 días,De 1 a 3 personas,"Excel, Word, QGis, Software de creación 3D: Blender, Agisfot Metashape, SketchUp, etc, ArcGis, AutoCAD, Google Maps, Software de dibujo técnico y edicion fotografica: Illustrator, Corel, Krita, etc, Citacion bibliográfica: Mendeley, Zotero, EndNote, etc, Redes sociales: WhatsApp, Telegram, etc, Inteligencia Artificial",Bajos salarios,NA,No tengo posgrado,No sé cuánto debería ganar realmente,Mejor reconocimiento profesional,5,NA,No tengo posgrado,5,34,Departamento
6/1/2026 20:22:01,"Si, es mi profesión principal",Mujer,26 años - 30 años,"Arqueología preventiva o de rescate: obras civiles, construcciones, licencias ambientales, etc",Empleado directo de tiempo completo,Entre 1 a 3 años,Pregrado,De 5 millones a 6 millones,La Guajira,Red de contactos,Auxiliar de arqueologia,Obras civiles y construccion,Muy estables,Más de 15 días,De 1 a 3 personas,"Excel, Word, QGis, Software de creación 3D: Blender, Agisfot Metashape, SketchUp, etc, ArcGis, AutoCAD, Google Maps, Software de dibujo técnico y edicion fotografica: Illustrator, Corel, Krita, etc, Citacion bibliográfica: Mendeley, Zotero, EndNote, etc, Redes sociales: WhatsApp, Telegram, etc, Inteligencia Artificial",Bajos salarios,NA,No tengo posgrado,No sé cuánto debería ganar realmente,Mejor reconocimiento profesional,5,NA,No tengo posgrado,5,34,Departamento
6/1/2026 20:22:01,"Si, es mi profesión principal",Mujer,26 años - 30 años,"Arqueología preventiva o de rescate: obras civiles, construcciones, licencias ambientales, etc",Empleado directo de tiempo completo,Entre 1 a 3 años,Pregrado,De 5 millones a 6 millones,Magdalena,Red de contactos,Auxiliar de arqueologia,Obras civiles y construccion,Muy estables,Más de 15 días,De 1 a 3 personas,"Excel, Word, QGis, Software de creación 3D: Blender, Agisfot Metashape, SketchUp, etc, ArcGis, AutoCAD, Google Maps, Software de dibujo técnico y edicion fotografica: Illustrator, Corel, Krita, etc, Citacion bibliográfica: Mendeley, Zotero, EndNote, etc, Redes sociales: WhatsApp, Telegram, etc, Inteligencia Artificial",Bajos salarios,NA,No tengo posgrado,No sé cuánto debería ganar realmente,Mejor reconocimiento profesional,5,NA,No tengo posgrado,5,34,Departamento
6/1/2026 20:23:49,"Si, es mi profesión principal",Hombre,36 años - 40 años,"Arqueología preventiva o de rescate: obras civiles, construcciones, licencias ambientales, etc","Empleado directo de tiempo completo, Contratista - prestación de servicios",4 a 6 años,Pregrado,De 2.5 millones a 3 millones,Atlantico,Años de experiencia,Auxiliar de arqueologia,Obras civiles y construccion,Variables. Dependen de contratos,Más de 15 días,Ninguna,"Excel, Word, QGis, ArcGis, Google Maps",Falta de estabilidad laboral,NA,No tengo posgrado,Algo menor de lo que debería ganar,Mayor estabilidad laboral,3,"Actualmente la arqueología está en un debate ético y profesional. Muchos de los trabajos conseguidos son por recomendaciones de otros colegas, porque el mercado laboral de arqueología, muchas veces recae en la relación que hay entre conocidos y dueños de los proyectos. 

Otra cosa, soy antropólogo y como muchos de mis colegas, hemos asumido la arqueologia como principal medio económico. No obstante, el aprendizaje debe asumirse con responsabilidad y no únicamente estar allí por estar y saltarse un montón de requisitos que afectan el patrimonio arqueólogico. 

",No tengo posgrado,3,35,Departamento
6/1/2026 20:23:49,"Si, es mi profesión principal",Hombre,36 años - 40 años,"Arqueología preventiva o de rescate: obras civiles, construcciones, licencias ambientales, etc","Empleado directo de tiempo completo, Contratista - prestación de servicios",4 a 6 años,Pregrado,De 2.5 millones a 3 millones,Sucre,Años de experiencia,Auxiliar de arqueologia,Obras civiles y construccion,Variables. Dependen de contratos,Más de 15 días,Ninguna,"Excel, Word, QGis, ArcGis, Google Maps",Falta de estabilidad laboral,NA,No tengo posgrado,Algo menor de lo que debería ganar,Mayor estabilidad laboral,3,"Actualmente la arqueología está en un debate ético y profesional. Muchos de los trabajos conseguidos son por recomendaciones de otros colegas, porque el mercado laboral de arqueología, muchas veces recae en la relación que hay entre conocidos y dueños de los proyectos. 

Otra cosa, soy antropólogo y como muchos de mis colegas, hemos asumido la arqueologia como principal medio económico. No obstante, el aprendizaje debe asumirse con responsabilidad y no únicamente estar allí por estar y saltarse un montón de requisitos que afectan el patrimonio arqueólogico. 

",No tengo posgrado,3,35,Departamento
6/1/2026 20:24:31,"Si, es mi profesión principal",Hombre,41 años - 45 años,"Arqueología preventiva o de rescate: obras civiles, construcciones, licencias ambientales, etc",Empleado directo de tiempo completo,11 y 15 años,Especializacion,De 3 millones a 4 millones,Valle del Cauca,Formacion academica,Arqueologo,Obras civiles y construccion,Variables. Dependen de contratos,Más de 15 días,De 1 a 3 personas,"Excel, Word, Google Sheets, QGis, Google Maps, Citacion bibliográfica: Mendeley, Zotero, EndNote, etc, Redes sociales: WhatsApp, Telegram, etc, Inteligencia Artificial",Falta de reconocimiento profesional,NA,Antropología y Arqueología,Mucho menor a la que debería ganar,Mayor estabilidad laboral,1,"El desconocimiento técnico y conceptual del mismo que hacer y la destrucción del patrimonio por parte de los mismo arqueólogos es otro punto en contra como profesionales. Realmente el gremio de los arqueólogos hay un analfabetismo técnico y conceptual muy alto y alto consumo de drogas en público en los proyectos, lo que aún afecta  más nuestra reputación y ejercicio profesional.",Antropología en general o arqueología,1,36,Departamento
6/1/2026 20:27:07,"Si, es mi profesión principal",Hombre,36 años - 40 años,"Arqueología preventiva o de rescate: obras civiles, construcciones, licencias ambientales, etc","Empleado directo de tiempo completo, Trabajador independiente, Consultoria, Emprendimientos propios - empresa propia, Dando cursos online y presenciales",7 a 10 años,Pregrado,De 4 millones a 5 millones,Atlantico,Tener RNA,Coordinador de proyectos,Oil and Gas,Variables. Dependen de contratos,De 1 a 5 días,De 4 a 10 personas,"Excel, Word, SPSS, QGis, Google Maps, Fotogrametría, Software de dibujo técnico y edicion fotografica: Illustrator, Corel, Krita, etc",Falta de estabilidad laboral,NA,No tengo posgrado,Algo menor de lo que debería ganar,Mayor estabilidad laboral,4,"no sólo es la estabilidad laboral, también hay otros factores como son la precarización del trabajo con la tercerización de la profesión afectando el profesional entorno al salario, porque hay muchas empresas que desmeritan el trabajo arqueológico y ofrecen salarios paupérrimos aunado a pocas ofertas labores.",No tengo posgrado,4,37,Departamento
6/1/2026 20:27:07,"Si, es mi profesión principal",Hombre,36 años - 40 años,"Arqueología preventiva o de rescate: obras civiles, construcciones, licencias ambientales, etc","Empleado directo de tiempo completo, Trabajador independiente, Consultoria, Emprendimientos propios - empresa propia, Dando cursos online y presenciales",7 a 10 años,Pregrado,De 4 millones a 5 millones,Casanare,Tener RNA,Coordinador de proyectos,Oil and Gas,Variables. Dependen de contratos,De 1 a 5 días,De 4 a 10 personas,"Excel, Word, SPSS, QGis, Google Maps, Fotogrametría, Software de dibujo técnico y edicion fotografica: Illustrator, Corel, Krita, etc",Falta de estabilidad laboral,NA,No tengo posgrado,Algo menor de lo que debería ganar,Mayor estabilidad laboral,4,"no sólo es la estabilidad laboral, también hay otros factores como son la precarización del trabajo con la tercerización de la profesión afectando el profesional entorno al salario, porque hay muchas empresas que desmeritan el trabajo arqueológico y ofrecen salarios paupérrimos aunado a pocas ofertas labores.",No tengo posgrado,4,37,Departamento
6/1/2026 20:27:07,"Si, es mi profesión principal",Hombre,36 años - 40 años,"Arqueología preventiva o de rescate: obras civiles, construcciones, licencias ambientales, etc","Empleado directo de tiempo completo, Trabajador independiente, Consultoria, Emprendimientos propios - empresa propia, Dando cursos online y presenciales",7 a 10 años,Pregrado,De 4 millones a 5 millones,Meta,Tener RNA,Coordinador de proyectos,Oil and Gas,Variables. Dependen de contratos,De 1 a 5 días,De 4 a 10 personas,"Excel, Word, SPSS, QGis, Google Maps, Fotogrametría, Software de dibujo técnico y edicion fotografica: Illustrator, Corel, Krita, etc",Falta de estabilidad laboral,NA,No tengo posgrado,Algo menor de lo que debería ganar,Mayor estabilidad laboral,4,"no sólo es la estabilidad laboral, también hay otros factores como son la precarización del trabajo con la tercerización de la profesión afectando el profesional entorno al salario, porque hay muchas empresas que desmeritan el trabajo arqueológico y ofrecen salarios paupérrimos aunado a pocas ofertas labores.",No tengo posgrado,4,37,Departamento
6/1/2026 20:27:07,"Si, es mi profesión principal",Hombre,36 años - 40 años,"Arqueología preventiva o de rescate: obras civiles, construcciones, licencias ambientales, etc","Empleado directo de tiempo completo, Trabajador independiente, Consultoria, Emprendimientos propios - empresa propia, Dando cursos online y presenciales",7 a 10 años,Pregrado,De 4 millones a 5 millones,Quindio,Tener RNA,Coordinador de proyectos,Oil and Gas,Variables. Dependen de contratos,De 1 a 5 días,De 4 a 10 personas,"Excel, Word, SPSS, QGis, Google Maps, Fotogrametría, Software de dibujo técnico y edicion fotografica: Illustrator, Corel, Krita, etc",Falta de estabilidad laboral,NA,No tengo posgrado,Algo menor de lo que debería ganar,Mayor estabilidad laboral,4,"no sólo es la estabilidad laboral, también hay otros factores como son la precarización del trabajo con la tercerización de la profesión afectando el profesional entorno al salario, porque hay muchas empresas que desmeritan el trabajo arqueológico y ofrecen salarios paupérrimos aunado a pocas ofertas labores.",No tengo posgrado,4,37,Departamento
6/1/2026 20:27:07,"Si, es mi profesión principal",Hombre,36 años - 40 años,"Arqueología preventiva o de rescate: obras civiles, construcciones, licencias ambientales, etc","Empleado directo de tiempo completo, Trabajador independiente, Consultoria, Emprendimientos propios - empresa propia, Dando cursos online y presenciales",7 a 10 años,Pregrado,De 4 millones a 5 millones,Valle del Cauca,Tener RNA,Coordinador de proyectos,Oil and Gas,Variables. Dependen de contratos,De 1 a 5 días,De 4 a 10 personas,"Excel, Word, SPSS, QGis, Google Maps, Fotogrametría, Software de dibujo técnico y edicion fotografica: Illustrator, Corel, Krita, etc",Falta de estabilidad laboral,NA,No tengo posgrado,Algo menor de lo que debería ganar,Mayor estabilidad laboral,4,"no sólo es la estabilidad laboral, también hay otros factores como son la precarización del trabajo con la tercerización de la profesión afectando el profesional entorno al salario, porque hay muchas empresas que desmeritan el trabajo arqueológico y ofrecen salarios paupérrimos aunado a pocas ofertas labores.",No tengo posgrado,4,37,Departamento
6/1/2026 20:36:25,"Si, es mi profesión principal",Mujer,26 años - 30 años,Ambas por igual,Contratista - prestación de servicios,Entre 1 a 3 años,Pregrado,De 3 millones a 4 millones,Bogota D.C.,Red de contactos,Arqueologo,Universidad,Variables. Dependen de contratos,Más de 15 días,Ninguna,"Excel, Word, Google Sheets, QGis, Software de dibujo técnico y edicion fotografica: Illustrator, Corel, Krita, etc, Citacion bibliográfica: Mendeley, Zotero, EndNote, etc, Inteligencia Artificial",Falta de estabilidad laboral,NA,No tengo posgrado,Mucho menor a la que debería ganar,Mayor estabilidad laboral,2,NA,No tengo posgrado,2,38,Departamento
6/1/2026 20:42:09,"Si, es mi profesión principal",Hombre,26 años - 30 años,"Arqueología preventiva o de rescate: obras civiles, construcciones, licencias ambientales, etc",Trabajador independiente,Entre 1 a 3 años,Pregrado,De 3 millones a 4 millones,Meta,Red de contactos,Arqueologo,Obras civiles y construccion,Variables. Dependen de contratos,Más de 15 días,Ninguna,"Excel, Word, Google Sheets, QGis, ArcGis, AutoCAD, Google Maps, Fotogrametría, Software de dibujo técnico y edicion fotografica: Illustrator, Corel, Krita, etc, Redes sociales: WhatsApp, Telegram, etc, Inteligencia Artificial",Falta de reconocimiento profesional,NA,No tengo posgrado,Mucho menor a la que debería ganar,Mejor reconocimiento profesional,2,NA,No tengo posgrado,2,39,Departamento
6/1/2026 20:54:19,"Si, ocasionalmente",Hombre,26 años - 30 años,"Arqueología preventiva o de rescate: obras civiles, construcciones, licencias ambientales, etc",Contratista - prestación de servicios,Entre 1 a 3 años,Pregrado,De 4 millones a 5 millones,Meta,Conocimiento de suelos y geologia,Arqueologo,Oil and Gas,Ocasionales o esporadicos,Más de 15 días,Ninguna,"Word, QGis",Bajos salarios,NA,No tengo posgrado,Aproximadamente lo que debería ganar,Mejor reconocimiento profesional,3,NA,No tengo posgrado,3,40,Departamento
6/1/2026 20:59:45,"Si, es mi profesión principal",Mujer,20 años - 25 años,"Arqueología preventiva o de rescate: obras civiles, construcciones, licencias ambientales, etc",Empleado directo de tiempo completo,Entre 1 a 3 años,Pregrado,De 3 millones a 4 millones,Bogota D.C.,Especializacion tecnica,Auxiliar de arqueologia,Obras civiles y construccion,Variables. Dependen de contratos,Más de 15 días,De 4 a 10 personas,"Excel, Word",Bajos salarios,NA,No tengo posgrado,No sé cuánto debería ganar realmente,Mayor estabilidad laboral,3,NA,No tengo posgrado,3,41,Departamento
6/1/2026 20:59:45,"Si, es mi profesión principal",Mujer,20 años - 25 años,"Arqueología preventiva o de rescate: obras civiles, construcciones, licencias ambientales, etc",Empleado directo de tiempo completo,Entre 1 a 3 años,Pregrado,De 3 millones a 4 millones,Boyaca,Especializacion tecnica,Auxiliar de arqueologia,Obras civiles y construccion,Variables. Dependen de contratos,Más de 15 días,De 4 a 10 personas,"Excel, Word",Bajos salarios,NA,No tengo posgrado,No sé cuánto debería ganar realmente,Mayor estabilidad laboral,3,NA,No tengo posgrado,3,41,Departamento
6/1/2026 21:02:22,"Si, es mi profesión principal",Hombre,41 años - 45 años,"Arqueología preventiva o de rescate: obras civiles, construcciones, licencias ambientales, etc",Empleado directo de tiempo completo,11 y 15 años,Maestría,De 5 millones a 6 millones,Bogota D.C.,Especializacion tecnica,Profesional residente de obra,Obras civiles y construccion,Variables. Dependen de contratos,Más de 15 días,Ninguna,"Excel, Word, QGis, ArcGis, Google Maps, Fotogrametría, Redes sociales: WhatsApp, Telegram, etc",Falta de claridad en tarifas,NA,Antropología y Arqueología,Mucho menor a la que debería ganar,Mayor estabilidad laboral,3,NA,Antropología en general o arqueología,3,42,Departamento
6/1/2026 21:02:22,"Si, es mi profesión principal",Hombre,41 años - 45 años,"Arqueología preventiva o de rescate: obras civiles, construcciones, licencias ambientales, etc",Empleado directo de tiempo completo,11 y 15 años,Maestría,De 5 millones a 6 millones,Boyaca,Especializacion tecnica,Profesional residente de obra,Obras civiles y construccion,Variables. Dependen de contratos,Más de 15 días,Ninguna,"Excel, Word, QGis, ArcGis, Google Maps, Fotogrametría, Redes sociales: WhatsApp, Telegram, etc",Falta de claridad en tarifas,NA,Antropología y Arqueología,Mucho menor a la que debería ganar,Mayor estabilidad laboral,3,NA,Antropología en general o arqueología,3,42,Departamento
6/1/2026 21:02:22,"Si, es mi profesión principal",Hombre,41 años - 45 años,"Arqueología preventiva o de rescate: obras civiles, construcciones, licencias ambientales, etc",Empleado directo de tiempo completo,11 y 15 años,Maestría,De 5 millones a 6 millones,Cesar,Especializacion tecnica,Profesional residente de obra,Obras civiles y construccion,Variables. Dependen de contratos,Más de 15 días,Ninguna,"Excel, Word, QGis, ArcGis, Google Maps, Fotogrametría, Redes sociales: WhatsApp, Telegram, etc",Falta de claridad en tarifas,NA,Antropología y Arqueología,Mucho menor a la que debería ganar,Mayor estabilidad laboral,3,NA,Antropología en general o arqueología,3,42,Departamento
6/1/2026 21:02:22,"Si, es mi profesión principal",Hombre,41 años - 45 años,"Arqueología preventiva o de rescate: obras civiles, construcciones, licencias ambientales, etc",Empleado directo de tiempo completo,11 y 15 años,Maestría,De 5 millones a 6 millones,Cundinamarca,Especializacion tecnica,Profesional residente de obra,Obras civiles y construccion,Variables. Dependen de contratos,Más de 15 días,Ninguna,"Excel, Word, QGis, ArcGis, Google Maps, Fotogrametría, Redes sociales: WhatsApp, Telegram, etc",Falta de claridad en tarifas,NA,Antropología y Arqueología,Mucho menor a la que debería ganar,Mayor estabilidad laboral,3,NA,Antropología en general o arqueología,3,42,Departamento
6/1/2026 21:02:22,"Si, es mi profesión principal",Hombre,41 años - 45 años,"Arqueología preventiva o de rescate: obras civiles, construcciones, licencias ambientales, etc",Empleado directo de tiempo completo,11 y 15 años,Maestría,De 5 millones a 6 millones,Santander,Especializacion tecnica,Profesional residente de obra,Obras civiles y construccion,Variables. Dependen de contratos,Más de 15 días,Ninguna,"Excel, Word, QGis, ArcGis, Google Maps, Fotogrametría, Redes sociales: WhatsApp, Telegram, etc",Falta de claridad en tarifas,NA,Antropología y Arqueología,Mucho menor a la que debería ganar,Mayor estabilidad laboral,3,NA,Antropología en general o arqueología,3,42,Departamento
6/1/2026 21:02:22,"Si, es mi profesión principal",Hombre,41 años - 45 años,"Arqueología preventiva o de rescate: obras civiles, construcciones, licencias ambientales, etc",Empleado directo de tiempo completo,11 y 15 años,Maestría,De 5 millones a 6 millones,Antioquia,Especializacion tecnica,Profesional residente de obra,Obras civiles y construccion,Variables. Dependen de contratos,Más de 15 días,Ninguna,"Excel, Word, QGis, ArcGis, Google Maps, Fotogrametría, Redes sociales: WhatsApp, Telegram, etc",Falta de claridad en tarifas,NA,Antropología y Arqueología,Mucho menor a la que debería ganar,Mayor estabilidad laboral,3,NA,Antropología en general o arqueología,3,42,Departamento
6/1/2026 21:03:53,"No actualmente, pero lo he hecho antes",Mujer,26 años - 30 años,"Arqueología preventiva o de rescate: obras civiles, construcciones, licencias ambientales, etc","Contratista - prestación de servicios, Consultoria",7 a 10 años,Maestría,De 4 millones a 5 millones,Bogota D.C.,Manejo de SIG,Consultor,Consultoria ambiental o estudios de impacto,Un poco fijos. Dependen de consultoria o creacion de contenido,De 1 a 5 días,Ninguna,"Excel, Word, QGis, ArcGis, Google Maps, Citacion bibliográfica: Mendeley, Zotero, EndNote, etc, Redes sociales: WhatsApp, Telegram, etc",Desconexion entre formacion y oportunidades,NA,Antropología y Arqueología,Mucho menor a la que debería ganar,Mejor reconocimiento profesional,1,NA,Antropología en general o arqueología,1,43,Departamento
6/1/2026 21:03:53,"No actualmente, pero lo he hecho antes",Mujer,26 años - 30 años,"Arqueología preventiva o de rescate: obras civiles, construcciones, licencias ambientales, etc","Contratista - prestación de servicios, Consultoria",7 a 10 años,Maestría,De 4 millones a 5 millones,Atlantico,Manejo de SIG,Consultor,Consultoria ambiental o estudios de impacto,Un poco fijos. Dependen de consultoria o creacion de contenido,De 1 a 5 días,Ninguna,"Excel, Word, QGis, ArcGis, Google Maps, Citacion bibliográfica: Mendeley, Zotero, EndNote, etc, Redes sociales: WhatsApp, Telegram, etc",Desconexion entre formacion y oportunidades,NA,Antropología y Arqueología,Mucho menor a la que debería ganar,Mejor reconocimiento profesional,1,NA,Antropología en general o arqueología,1,43,Departamento
6/1/2026 21:15:02,"Si, ocasionalmente",Hombre,50 años o más,"Gestión, coordinación de planes de manejo arqueológico, documentación, divulgación","Contratista - prestación de servicios, Trabajador independiente, Museos y conservación. Gestor cultural, Generando material didáctico",11 y 15 años,Maestría,De 4 millones a 5 millones,Bogota D.C.,Marca personal,Coordinador de proyectos,Patrimonio cultural,Variables. Dependen de contratos,De 1 a 5 días,De 1 a 3 personas,"Google Maps, Software de dibujo técnico y edicion fotografica: Illustrator, Corel, Krita, etc, Redes sociales: WhatsApp, Telegram, etc",Otro,NA,"Patrimonio, Museología y Arquitectura",Aproximadamente lo que debería ganar,Mejores salarios,3,NA,Gestión del patrimonio cultural. Curaduría y restauración. Arquitectura. Estudios urbanisticos. Museología. Artes,3,44,Departamento
6/1/2026 21:15:02,"Si, ocasionalmente",Hombre,50 años o más,"Gestión, coordinación de planes de manejo arqueológico, documentación, divulgación","Contratista - prestación de servicios, Trabajador independiente, Museos y conservación. Gestor cultural, Generando material didáctico",11 y 15 años,Maestría,De 4 millones a 5 millones,Cundinamarca,Marca personal,Coordinador de proyectos,Patrimonio cultural,Variables. Dependen de contratos,De 1 a 5 días,De 1 a 3 personas,"Google Maps, Software de dibujo técnico y edicion fotografica: Illustrator, Corel, Krita, etc, Redes sociales: WhatsApp, Telegram, etc",Otro,NA,"Patrimonio, Museología y Arquitectura",Aproximadamente lo que debería ganar,Mejores salarios,3,NA,Gestión del patrimonio cultural. Curaduría y restauración. Arquitectura. Estudios urbanisticos. Museología. Artes,3,44,Departamento
6/1/2026 21:31:17,"Si, es mi profesión principal",Mujer,36 años - 40 años,"Arqueología preventiva o de rescate: obras civiles, construcciones, licencias ambientales, etc",Contratista - prestación de servicios,11 y 15 años,Especializacion,6 millones a 7 millones,Bogota D.C.,Red de contactos,Director o lider de proyecto,Obras civiles y construccion,Variables. Dependen de contratos,De 1 a 5 días,De 1 a 3 personas,"Excel, Word, QGis, AutoCAD, Google Maps, Software de dibujo técnico y edicion fotografica: Illustrator, Corel, Krita, etc, Citacion bibliográfica: Mendeley, Zotero, EndNote, etc, Redes sociales: WhatsApp, Telegram, etc, Inteligencia Artificial, Kobo, qfield, avenza",Otro,NA,Derecho y Ciencias Forenses,Aproximadamente lo que debería ganar,Más oportunidades de empleo,5,NA,"Derecho. Antropología forense. Arqueología forense. Derechos humanos, enfocado al tema forense.",5,45,Departamento
6/1/2026 21:31:17,"Si, es mi profesión principal",Mujer,36 años - 40 años,"Arqueología preventiva o de rescate: obras civiles, construcciones, licencias ambientales, etc",Contratista - prestación de servicios,11 y 15 años,Especializacion,6 millones a 7 millones,Antioquia,Red de contactos,Director o lider de proyecto,Obras civiles y construccion,Variables. Dependen de contratos,De 1 a 5 días,De 1 a 3 personas,"Excel, Word, QGis, AutoCAD, Google Maps, Software de dibujo técnico y edicion fotografica: Illustrator, Corel, Krita, etc, Citacion bibliográfica: Mendeley, Zotero, EndNote, etc, Redes sociales: WhatsApp, Telegram, etc, Inteligencia Artificial, Kobo, qfield, avenza",Otro,NA,Derecho y Ciencias Forenses,Aproximadamente lo que debería ganar,Más oportunidades de empleo,5,NA,"Derecho. Antropología forense. Arqueología forense. Derechos humanos, enfocado al tema forense.",5,45,Departamento
6/1/2026 21:36:37,"Si, es mi profesión principal",Hombre,41 años - 45 años,"Arqueología preventiva o de rescate: obras civiles, construcciones, licencias ambientales, etc","Empleado directo de tiempo completo, Contratista - prestación de servicios",7 a 10 años,Maestría,De 4 millones a 5 millones,Bogota D.C.,Años de experiencia,Arqueologo,Obras civiles y construccion,Variables. Dependen de contratos,Más de 15 días,De 1 a 3 personas,"Excel, Word, QGis, Google Maps, Fotogrametría, Inteligencia Artificial",Poca oferta de empleos,NA,"Patrimonio, Museología y Arquitectura",Mucho menor a la que debería ganar,Mejor reconocimiento profesional,1,"La arqueología no es valorada dentro de las ciencias sociales en Colombia, además de que hay poco trabajo y el estado con las normativas y la burocracia hace que el trabajo de la arqueología haya menguado, es bien sabido que por Ley se debe hacer en algunas obras de construcción, además de que en investigación no hay oportunidades, se reduce mucho a la academia y el círculo es cerrado, tampoco se tiene una agremiación que defienda los derechos laborales y a la arqueología que es una profesión de tercera clase. La importancia y relevancia de la arqueología como parte de las ciencias sociales y de la historia, no tiene una buena institucionalidad, además está centralizada y politizada, acá en Colombia la arqueología es subvalorada, y en campos aparte de la preventiva, está muy quedada en comparación a la de otros países. Tampoco hay oferta educativa al respecto, es decir especializaciones etc., y además en este ámbito no hay colegage, tampoco existe la interdisciplanariedad. No hay buena producción científica, es más técnica. Laboralmente no hay oportunidades y todo está muy limitado.",Gestión del patrimonio cultural. Curaduría y restauración. Arquitectura. Estudios urbanisticos. Museología. Artes,1,46,Departamento
6/1/2026 21:36:37,"Si, es mi profesión principal",Hombre,41 años - 45 años,"Arqueología preventiva o de rescate: obras civiles, construcciones, licencias ambientales, etc","Empleado directo de tiempo completo, Contratista - prestación de servicios",7 a 10 años,Maestría,De 4 millones a 5 millones,Cundinamarca,Años de experiencia,Arqueologo,Obras civiles y construccion,Variables. Dependen de contratos,Más de 15 días,De 1 a 3 personas,"Excel, Word, QGis, Google Maps, Fotogrametría, Inteligencia Artificial",Poca oferta de empleos,NA,"Patrimonio, Museología y Arquitectura",Mucho menor a la que debería ganar,Mejor reconocimiento profesional,1,"La arqueología no es valorada dentro de las ciencias sociales en Colombia, además de que hay poco trabajo y el estado con las normativas y la burocracia hace que el trabajo de la arqueología haya menguado, es bien sabido que por Ley se debe hacer en algunas obras de construcción, además de que en investigación no hay oportunidades, se reduce mucho a la academia y el círculo es cerrado, tampoco se tiene una agremiación que defienda los derechos laborales y a la arqueología que es una profesión de tercera clase. La importancia y relevancia de la arqueología como parte de las ciencias sociales y de la historia, no tiene una buena institucionalidad, además está centralizada y politizada, acá en Colombia la arqueología es subvalorada, y en campos aparte de la preventiva, está muy quedada en comparación a la de otros países. Tampoco hay oferta educativa al respecto, es decir especializaciones etc., y además en este ámbito no hay colegage, tampoco existe la interdisciplanariedad. No hay buena producción científica, es más técnica. Laboralmente no hay oportunidades y todo está muy limitado.",Gestión del patrimonio cultural. Curaduría y restauración. Arquitectura. Estudios urbanisticos. Museología. Artes,1,46,Departamento
6/1/2026 21:36:37,"Si, es mi profesión principal",Hombre,41 años - 45 años,"Arqueología preventiva o de rescate: obras civiles, construcciones, licencias ambientales, etc","Empleado directo de tiempo completo, Contratista - prestación de servicios",7 a 10 años,Maestría,De 4 millones a 5 millones,Antioquia,Años de experiencia,Arqueologo,Obras civiles y construccion,Variables. Dependen de contratos,Más de 15 días,De 1 a 3 personas,"Excel, Word, QGis, Google Maps, Fotogrametría, Inteligencia Artificial",Poca oferta de empleos,NA,"Patrimonio, Museología y Arquitectura",Mucho menor a la que debería ganar,Mejor reconocimiento profesional,1,"La arqueología no es valorada dentro de las ciencias sociales en Colombia, además de que hay poco trabajo y el estado con las normativas y la burocracia hace que el trabajo de la arqueología haya menguado, es bien sabido que por Ley se debe hacer en algunas obras de construcción, además de que en investigación no hay oportunidades, se reduce mucho a la academia y el círculo es cerrado, tampoco se tiene una agremiación que defienda los derechos laborales y a la arqueología que es una profesión de tercera clase. La importancia y relevancia de la arqueología como parte de las ciencias sociales y de la historia, no tiene una buena institucionalidad, además está centralizada y politizada, acá en Colombia la arqueología es subvalorada, y en campos aparte de la preventiva, está muy quedada en comparación a la de otros países. Tampoco hay oferta educativa al respecto, es decir especializaciones etc., y además en este ámbito no hay colegage, tampoco existe la interdisciplanariedad. No hay buena producción científica, es más técnica. Laboralmente no hay oportunidades y todo está muy limitado.",Gestión del patrimonio cultural. Curaduría y restauración. Arquitectura. Estudios urbanisticos. Museología. Artes,1,46,Departamento
6/1/2026 21:41:21,"Si, es mi profesión principal",Hombre,46 años - 50 años,"Arqueología preventiva o de rescate: obras civiles, construcciones, licencias ambientales, etc",Empleado directo de tiempo completo,11 y 15 años,Maestría,Más de 10 millones,Bogota D.C.,Años de experiencia,Coordinador de proyectos,Consultoria ambiental o estudios de impacto,Muy estables,No realizo trabajo de campo,De 1 a 3 personas,"Excel, Word, QGis, Google Maps, Redes sociales: WhatsApp, Telegram, etc, Inteligencia Artificial",Desconexion entre formacion y oportunidades,NA,Zooarqueología y Biología,Aproximadamente lo que debería ganar,Mejor reconocimiento profesional,5,"Las dificultades que se presentan hoy en día radican en la fragmentación del gremio, sumado a la falta de articulación de la formación académica con el ejercicio profesional. Más posicionamiento como gremio puede mejorar las condiciones laborales y de investigación académica.",Zooarqueología. Biología. Bioarqueología. Osteología. Medicina. Nurición. Paleoantropologia,5,47,Departamento
6/1/2026 21:43:44,"Si, es mi profesión principal",Mujer,36 años - 40 años,"Arqueología preventiva o de rescate: obras civiles, construcciones, licencias ambientales, etc",Empleado directo de tiempo completo,7 a 10 años,Especializacion,6 millones a 7 millones,Bogota D.C.,Tener RNA,Arqueologo,Obras civiles y construccion,Muy estables,Más de 15 días,De 1 a 3 personas,"Excel, Word, QGis, Google Maps, Fotogrametría, Software de dibujo técnico y edicion fotografica: Illustrator, Corel, Krita, etc, Redes sociales: WhatsApp, Telegram, etc, Inteligencia Artificial",Falta de estabilidad laboral,NA,"Patrimonio, Museología y Arquitectura",Aproximadamente lo que debería ganar,Mejor reconocimiento profesional,4,NA,Gestión del patrimonio cultural. Curaduría y restauración. Arquitectura. Estudios urbanisticos. Museología. Artes,4,48,Departamento
6/1/2026 21:59:09,"Si, es mi profesión principal",Hombre,26 años - 30 años,Ambas por igual,"Empleado directo de tiempo completo, Docencia e investigación universitaria, Trabajador independiente, Consultoria, Divulgacion cientifica, Arqueología digital: modelos 3D, reconstrucción histórica, videojuegos, etc",Entre 1 a 3 años,Maestría,7 millones a 8 millones,Bogota D.C.,Red de contactos,Arqueologo,Instituciones gubernamentales,Muy estables,Más de 15 días,De 4 a 10 personas,"Excel, Word, QGis, Software de creación 3D: Blender, Agisfot Metashape, SketchUp, etc, ArcGis, AutoCAD, Fotogrametría, Software de dibujo técnico y edicion fotografica: Illustrator, Corel, Krita, etc, Citacion bibliográfica: Mendeley, Zotero, EndNote, etc, Redes sociales: WhatsApp, Telegram, etc, Inteligencia Artificial",Bajos salarios,NA,Otro,Algo menor de lo que debería ganar,Mejor reconocimiento profesional,5,NA,Otro,5,49,Departamento
6/1/2026 21:59:09,"Si, es mi profesión principal",Hombre,26 años - 30 años,Ambas por igual,"Empleado directo de tiempo completo, Docencia e investigación universitaria, Trabajador independiente, Consultoria, Divulgacion cientifica, Arqueología digital: modelos 3D, reconstrucción histórica, videojuegos, etc",Entre 1 a 3 años,Maestría,7 millones a 8 millones,Boyaca,Red de contactos,Arqueologo,Instituciones gubernamentales,Muy estables,Más de 15 días,De 4 a 10 personas,"Excel, Word, QGis, Software de creación 3D: Blender, Agisfot Metashape, SketchUp, etc, ArcGis, AutoCAD, Fotogrametría, Software de dibujo técnico y edicion fotografica: Illustrator, Corel, Krita, etc, Citacion bibliográfica: Mendeley, Zotero, EndNote, etc, Redes sociales: WhatsApp, Telegram, etc, Inteligencia Artificial",Bajos salarios,NA,Otro,Algo menor de lo que debería ganar,Mejor reconocimiento profesional,5,NA,Otro,5,49,Departamento
6/1/2026 21:59:09,"Si, es mi profesión principal",Hombre,26 años - 30 años,Ambas por igual,"Empleado directo de tiempo completo, Docencia e investigación universitaria, Trabajador independiente, Consultoria, Divulgacion cientifica, Arqueología digital: modelos 3D, reconstrucción histórica, videojuegos, etc",Entre 1 a 3 años,Maestría,7 millones a 8 millones,Cundinamarca,Red de contactos,Arqueologo,Instituciones gubernamentales,Muy estables,Más de 15 días,De 4 a 10 personas,"Excel, Word, QGis, Software de creación 3D: Blender, Agisfot Metashape, SketchUp, etc, ArcGis, AutoCAD, Fotogrametría, Software de dibujo técnico y edicion fotografica: Illustrator, Corel, Krita, etc, Citacion bibliográfica: Mendeley, Zotero, EndNote, etc, Redes sociales: WhatsApp, Telegram, etc, Inteligencia Artificial",Bajos salarios,NA,Otro,Algo menor de lo que debería ganar,Mejor reconocimiento profesional,5,NA,Otro,5,49,Departamento
6/1/2026 21:59:09,"Si, es mi profesión principal",Hombre,26 años - 30 años,Ambas por igual,"Empleado directo de tiempo completo, Docencia e investigación universitaria, Trabajador independiente, Consultoria, Divulgacion cientifica, Arqueología digital: modelos 3D, reconstrucción histórica, videojuegos, etc",Entre 1 a 3 años,Maestría,7 millones a 8 millones,Santander,Red de contactos,Arqueologo,Instituciones gubernamentales,Muy estables,Más de 15 días,De 4 a 10 personas,"Excel, Word, QGis, Software de creación 3D: Blender, Agisfot Metashape, SketchUp, etc, ArcGis, AutoCAD, Fotogrametría, Software de dibujo técnico y edicion fotografica: Illustrator, Corel, Krita, etc, Citacion bibliográfica: Mendeley, Zotero, EndNote, etc, Redes sociales: WhatsApp, Telegram, etc, Inteligencia Artificial",Bajos salarios,NA,Otro,Algo menor de lo que debería ganar,Mejor reconocimiento profesional,5,NA,Otro,5,49,Departamento
6/1/2026 22:10:34,"No actualmente, pero lo he hecho antes",Hombre,46 años - 50 años,"Arqueología preventiva o de rescate: obras civiles, construcciones, licencias ambientales, etc","Trabajador independiente, Emprendimientos propios - empresa propia",11 y 15 años,Doctorado,Menos de 2 millones de pesos,Bogota D.C.,Formacion academica,Arqueologo,Consultoria ambiental o estudios de impacto,Ocasionales o esporadicos,Más de 15 días,De 4 a 10 personas,"Excel, Word, Python, QGis, Software de creación 3D: Blender, Agisfot Metashape, SketchUp, etc, AutoCAD, Google Maps, Fotogrametría, Software de dibujo técnico y edicion fotografica: Illustrator, Corel, Krita, etc, Citacion bibliográfica: Mendeley, Zotero, EndNote, etc",Desconexion entre formacion y oportunidades,NA,"SIG, Geografía y Ciencias Ambientales",Mucho menor a la que debería ganar,Mayor estabilidad laboral,5,La pregunta 18 esta mal enfocada...cuando haces un doctorado en arqueología fuera del país debes abarcar casi todas las opciones que muestra la pregunta...desde  saber cocinar hasta ciencia de datos pasando por inteligencia artificial y derecho entre otras...,SIG. Geografía. Estudios territoriales. Ciencias Ambientales. Catastro. Teledetección. Arqueobotánica,5,50,Departamento
6/1/2026 22:52:58,"Si, es mi profesión principal",Mujer,36 años - 40 años,"Arqueología preventiva o de rescate: obras civiles, construcciones, licencias ambientales, etc",Empleado directo de tiempo completo,4 a 6 años,Maestría,De 3 millones a 4 millones,Risaralda,Años de experiencia,Arqueologo,Obras civiles y construccion,Variables. Dependen de contratos,Más de 15 días,De 1 a 3 personas,"Excel, Word, Google Sheets, ArcGis, Google Maps, Fotogrametría, Inteligencia Artificial",Bajos salarios,NA,Otro,Algo menor de lo que debería ganar,Mejores salarios,3,NA,Otro,3,51,Departamento
6/1/2026 22:56:44,"Si, es mi profesión principal",Hombre,41 años - 45 años,Ambas por igual,"Contratista - prestación de servicios, Docencia e investigación universitaria",11 y 15 años,Doctorado,9 millones a 10 millones,Cesar,Años de experiencia,Profesor o docente,Universidad,Variables. Dependen de contratos,De 1 a 5 días,Más de 10 personas,"Excel, Word, QGis, Google Maps",Falta de estabilidad laboral,NA,Antropología y Arqueología,Aproximadamente lo que debería ganar,Mayor estabilidad laboral,5,NA,Antropología en general o arqueología,5,52,Departamento
6/1/2026 22:56:44,"Si, es mi profesión principal",Hombre,41 años - 45 años,Ambas por igual,"Contratista - prestación de servicios, Docencia e investigación universitaria",11 y 15 años,Doctorado,9 millones a 10 millones,Huila,Años de experiencia,Profesor o docente,Universidad,Variables. Dependen de contratos,De 1 a 5 días,Más de 10 personas,"Excel, Word, QGis, Google Maps",Falta de estabilidad laboral,NA,Antropología y Arqueología,Aproximadamente lo que debería ganar,Mayor estabilidad laboral,5,NA,Antropología en general o arqueología,5,52,Departamento
6/1/2026 23:32:37,"Si, es mi profesión principal",Hombre,31 años - 35 años,Ambas por igual,"Empleado directo de tiempo completo, Trabajador independiente, Consultoria",7 a 10 años,Maestría,De 4 millones a 5 millones,Antioquia,Tener RNA,Profesor o docente,Obras civiles y construccion,Variables. Dependen de contratos,Más de 15 días,De 1 a 3 personas,"Excel, Word, Python, SPSS, QGis, Software de creación 3D: Blender, Agisfot Metashape, SketchUp, etc, ArcGis, AutoCAD, Google Maps, Fotogrametría, Software de dibujo técnico y edicion fotografica: Illustrator, Corel, Krita, etc, Citacion bibliográfica: Mendeley, Zotero, EndNote, etc, Redes sociales: WhatsApp, Telegram, etc, Inteligencia Artificial",Falta de estabilidad laboral,NA,Zooarqueología y Biología,Mucho menor a la que debería ganar,Mayor estabilidad laboral,3,"Actualmente debido a la inestabilidad laboral salí del país para trabajar de nuevo como arqueólogo en otro, seguimos dando la lucha para hacer lo que amamos, pero el hecho de que lo único que se podía obtener era un muchas gracias por participar en cada convocatoria de empleo estable en el país marco la diferencia entre quedarme o ir a buscar oportunidades como investigador en otros sitios.",Zooarqueología. Biología. Bioarqueología. Osteología. Medicina. Nurición. Paleoantropologia,3,53,Departamento
6/2/2026 0:23:48,"No actualmente, pero lo he hecho antes",Hombre,26 años - 30 años,"Arqueología preventiva o de rescate: obras civiles, construcciones, licencias ambientales, etc",Actualmente no recibo ingresos,Menos de 1 año,Pregrado,Prefiero no responder,Bogota D.C.,Redes sociales,Auxiliar de arqueologia,Obras civiles y construccion,Ocasionales o esporadicos,No realizo trabajo de campo,Ninguna,"Excel, Word, Google Sheets, Software de creación 3D: Blender, Agisfot Metashape, SketchUp, etc, AutoCAD, Fotogrametría, Software de dibujo técnico y edicion fotografica: Illustrator, Corel, Krita, etc, Redes sociales: WhatsApp, Telegram, etc",Desconexion entre formacion y oportunidades,NA,No tengo posgrado,No sé cuánto debería ganar realmente,Mayor estabilidad laboral,5,"Creo que faltaban algunas opciones en algunas  preguntas, sobre todo orientadas a personas con muy poca experiencia o que trabajan muy exporadicamente; relaciónado a lo anterior creo que faltaron preguntas en torno a la experiencia laboral y como impacta esto a las oportunidades laborales, o como está  puede ser un indicador que ayude  en el análisis general del formulario",No tengo posgrado,5,54,Departamento
6/2/2026 0:23:48,"No actualmente, pero lo he hecho antes",Hombre,26 años - 30 años,"Arqueología preventiva o de rescate: obras civiles, construcciones, licencias ambientales, etc",Actualmente no recibo ingresos,Menos de 1 año,Pregrado,Prefiero no responder,Cundinamarca,Redes sociales,Auxiliar de arqueologia,Obras civiles y construccion,Ocasionales o esporadicos,No realizo trabajo de campo,Ninguna,"Excel, Word, Google Sheets, Software de creación 3D: Blender, Agisfot Metashape, SketchUp, etc, AutoCAD, Fotogrametría, Software de dibujo técnico y edicion fotografica: Illustrator, Corel, Krita, etc, Redes sociales: WhatsApp, Telegram, etc",Desconexion entre formacion y oportunidades,NA,No tengo posgrado,No sé cuánto debería ganar realmente,Mayor estabilidad laboral,5,"Creo que faltaban algunas opciones en algunas  preguntas, sobre todo orientadas a personas con muy poca experiencia o que trabajan muy exporadicamente; relaciónado a lo anterior creo que faltaron preguntas en torno a la experiencia laboral y como impacta esto a las oportunidades laborales, o como está  puede ser un indicador que ayude  en el análisis general del formulario",No tengo posgrado,5,54,Departamento
6/2/2026 2:50:42,"Si, es mi profesión principal",Mujer,31 años - 35 años,"Arqueología preventiva o de rescate: obras civiles, construcciones, licencias ambientales, etc",Empleado directo de tiempo completo,4 a 6 años,Pregrado,De 2.5 millones a 3 millones,Antioquia,Años de experiencia,Auxiliar de arqueologia,Obras civiles y construccion,Variables. Dependen de contratos,Más de 15 días,Ninguna,"Excel, Word",Bajos salarios,No tengo posgrado,No tengo posgrado,Algo menor de lo que debería ganar,Más oportunidades de empleo,5,NA,No tengo posgrado,5,55,Departamento
6/2/2026 5:40:32,"Si, es mi profesión principal",Mujer,41 años - 45 años,"Arqueología preventiva o de rescate: obras civiles, construcciones, licencias ambientales, etc","Empleado directo de tiempo completo, Consultoria",11 y 15 años,Maestría,De 5 millones a 6 millones,Cesar,Marca personal,Coordinador de proyectos,Sector energetico,Variables. Dependen de contratos,Más de 15 días,Más de 10 personas,"Excel, Word, QGis, ArcGis, Google Maps, Software de dibujo técnico y edicion fotografica: Illustrator, Corel, Krita, etc, Citacion bibliográfica: Mendeley, Zotero, EndNote, etc",Falta de reconocimiento profesional,NA,"Patrimonio, Museología y Arquitectura",Algo menor de lo que debería ganar,Mejor reconocimiento profesional,4,"Otra de las grandes falencias esta en los mismos profesionales, demasiada mediocridad y falta de conocimiento. Los mismos ""arqueologos"" nos hacen quedar mal por su pasividad y desinterés por su trabajo, en general las empresas que requieren PAP piensan que hacer arqueologia es tomar una foto y ya, y eso es por la impresión que dan los profesionales mediocres y perezosos, entonces porque van a pagar mas si eso lo puede hacer cualquiera.",Gestión del patrimonio cultural. Curaduría y restauración. Arquitectura. Estudios urbanisticos. Museología. Artes,4,56,Departamento
6/2/2026 5:40:32,"Si, es mi profesión principal",Mujer,41 años - 45 años,"Arqueología preventiva o de rescate: obras civiles, construcciones, licencias ambientales, etc","Empleado directo de tiempo completo, Consultoria",11 y 15 años,Maestría,De 5 millones a 6 millones,La Guajira,Marca personal,Coordinador de proyectos,Sector energetico,Variables. Dependen de contratos,Más de 15 días,Más de 10 personas,"Excel, Word, QGis, ArcGis, Google Maps, Software de dibujo técnico y edicion fotografica: Illustrator, Corel, Krita, etc, Citacion bibliográfica: Mendeley, Zotero, EndNote, etc",Falta de reconocimiento profesional,NA,"Patrimonio, Museología y Arquitectura",Algo menor de lo que debería ganar,Mejor reconocimiento profesional,4,"Otra de las grandes falencias esta en los mismos profesionales, demasiada mediocridad y falta de conocimiento. Los mismos ""arqueologos"" nos hacen quedar mal por su pasividad y desinterés por su trabajo, en general las empresas que requieren PAP piensan que hacer arqueologia es tomar una foto y ya, y eso es por la impresión que dan los profesionales mediocres y perezosos, entonces porque van a pagar mas si eso lo puede hacer cualquiera.",Gestión del patrimonio cultural. Curaduría y restauración. Arquitectura. Estudios urbanisticos. Museología. Artes,4,56,Departamento
6/2/2026 5:57:31,"Si, es mi profesión principal",Hombre,31 años - 35 años,"Arqueología preventiva o de rescate: obras civiles, construcciones, licencias ambientales, etc",Empleado directo de tiempo completo,Entre 1 a 3 años,Pregrado,De 3 millones a 4 millones,Cundinamarca,Red de contactos,Arqueologo,Obras civiles y construccion,Muy estables,Más de 15 días,Más de 10 personas,"Excel, Word, QGis, ArcGis, Google Maps",Bajos salarios,NA,No tengo posgrado,Algo menor de lo que debería ganar,Mejor reconocimiento profesional,5,NA,No tengo posgrado,5,57,Departamento
6/2/2026 6:28:54,"Si, es mi profesión principal",Mujer,20 años - 25 años,"Arqueología preventiva o de rescate: obras civiles, construcciones, licencias ambientales, etc",Empleado directo de tiempo completo,Entre 1 a 3 años,Pregrado,De 4 millones a 5 millones,Cundinamarca,Tener RNA,Auxiliar de arqueologia,Sector energetico,Muy estables,Más de 15 días,De 4 a 10 personas,"Excel, Word, QGis, Google Maps, Software de dibujo técnico y edicion fotografica: Illustrator, Corel, Krita, etc",Desconexion entre formacion y oportunidades,NA,No tengo posgrado,Aproximadamente lo que debería ganar,Mejor reconocimiento profesional,4,NA,No tengo posgrado,4,58,Departamento
6/2/2026 6:28:54,"Si, es mi profesión principal",Mujer,20 años - 25 años,"Arqueología preventiva o de rescate: obras civiles, construcciones, licencias ambientales, etc",Empleado directo de tiempo completo,Entre 1 a 3 años,Pregrado,De 4 millones a 5 millones,La Guajira,Tener RNA,Auxiliar de arqueologia,Sector energetico,Muy estables,Más de 15 días,De 4 a 10 personas,"Excel, Word, QGis, Google Maps, Software de dibujo técnico y edicion fotografica: Illustrator, Corel, Krita, etc",Desconexion entre formacion y oportunidades,NA,No tengo posgrado,Aproximadamente lo que debería ganar,Mejor reconocimiento profesional,4,NA,No tengo posgrado,4,58,Departamento
6/2/2026 6:28:54,"Si, es mi profesión principal",Mujer,20 años - 25 años,"Arqueología preventiva o de rescate: obras civiles, construcciones, licencias ambientales, etc",Empleado directo de tiempo completo,Entre 1 a 3 años,Pregrado,De 4 millones a 5 millones,Valle del Cauca,Tener RNA,Auxiliar de arqueologia,Sector energetico,Muy estables,Más de 15 días,De 4 a 10 personas,"Excel, Word, QGis, Google Maps, Software de dibujo técnico y edicion fotografica: Illustrator, Corel, Krita, etc",Desconexion entre formacion y oportunidades,NA,No tengo posgrado,Aproximadamente lo que debería ganar,Mejor reconocimiento profesional,4,NA,No tengo posgrado,4,58,Departamento
6/2/2026 6:32:29,"Si, es mi profesión principal",Hombre,36 años - 40 años,"Arqueología preventiva o de rescate: obras civiles, construcciones, licencias ambientales, etc","Contratista - prestación de servicios, Consultoria",7 a 10 años,Pregrado,De 3 millones a 4 millones,Bogota D.C.,Tener RNA,Arqueologo,Obras civiles y construccion,Variables. Dependen de contratos,Más de 15 días,Ninguna,"Excel, Word, Google Sheets, QGis, ArcGis, AutoCAD, Google Maps, Fotogrametría, Software de dibujo técnico y edicion fotografica: Illustrator, Corel, Krita, etc, Citacion bibliográfica: Mendeley, Zotero, EndNote, etc, Redes sociales: WhatsApp, Telegram, etc, Inteligencia Artificial",Falta de reconocimiento profesional,NA,"Patrimonio, Museología y Arquitectura",Algo menor de lo que debería ganar,Mejor reconocimiento profesional,4,NA,Gestión del patrimonio cultural. Curaduría y restauración. Arquitectura. Estudios urbanisticos. Museología. Artes,4,59,Departamento
6/2/2026 6:33:45,"Si, es mi profesión principal",Hombre,36 años - 40 años,"Arqueología preventiva o de rescate: obras civiles, construcciones, licencias ambientales, etc","Empleado directo de tiempo completo, Contratista - prestación de servicios",7 a 10 años,Estudiante de pregrado,De 3 millones a 4 millones,Atlantico,Red de contactos,Auxiliar de arqueologia,Obras civiles y construccion,Muy estables,Más de 15 días,Ninguna,Word,Bajos salarios,NA,No tengo posgrado,Aproximadamente lo que debería ganar,Mejores salarios,4,NA,No tengo posgrado,4,60,Departamento
6/2/2026 6:33:45,"Si, es mi profesión principal",Hombre,36 años - 40 años,"Arqueología preventiva o de rescate: obras civiles, construcciones, licencias ambientales, etc","Empleado directo de tiempo completo, Contratista - prestación de servicios",7 a 10 años,Estudiante de pregrado,De 3 millones a 4 millones,Bolivar,Red de contactos,Auxiliar de arqueologia,Obras civiles y construccion,Muy estables,Más de 15 días,Ninguna,Word,Bajos salarios,NA,No tengo posgrado,Aproximadamente lo que debería ganar,Mejores salarios,4,NA,No tengo posgrado,4,60,Departamento
6/2/2026 6:33:45,"Si, es mi profesión principal",Hombre,36 años - 40 años,"Arqueología preventiva o de rescate: obras civiles, construcciones, licencias ambientales, etc","Empleado directo de tiempo completo, Contratista - prestación de servicios",7 a 10 años,Estudiante de pregrado,De 3 millones a 4 millones,Casanare,Red de contactos,Auxiliar de arqueologia,Obras civiles y construccion,Muy estables,Más de 15 días,Ninguna,Word,Bajos salarios,NA,No tengo posgrado,Aproximadamente lo que debería ganar,Mejores salarios,4,NA,No tengo posgrado,4,60,Departamento
6/2/2026 6:33:45,"Si, es mi profesión principal",Hombre,36 años - 40 años,"Arqueología preventiva o de rescate: obras civiles, construcciones, licencias ambientales, etc","Empleado directo de tiempo completo, Contratista - prestación de servicios",7 a 10 años,Estudiante de pregrado,De 3 millones a 4 millones,Cesar,Red de contactos,Auxiliar de arqueologia,Obras civiles y construccion,Muy estables,Más de 15 días,Ninguna,Word,Bajos salarios,NA,No tengo posgrado,Aproximadamente lo que debería ganar,Mejores salarios,4,NA,No tengo posgrado,4,60,Departamento
6/2/2026 6:33:45,"Si, es mi profesión principal",Hombre,36 años - 40 años,"Arqueología preventiva o de rescate: obras civiles, construcciones, licencias ambientales, etc","Empleado directo de tiempo completo, Contratista - prestación de servicios",7 a 10 años,Estudiante de pregrado,De 3 millones a 4 millones,La Guajira,Red de contactos,Auxiliar de arqueologia,Obras civiles y construccion,Muy estables,Más de 15 días,Ninguna,Word,Bajos salarios,NA,No tengo posgrado,Aproximadamente lo que debería ganar,Mejores salarios,4,NA,No tengo posgrado,4,60,Departamento
6/2/2026 6:33:45,"Si, es mi profesión principal",Hombre,36 años - 40 años,"Arqueología preventiva o de rescate: obras civiles, construcciones, licencias ambientales, etc","Empleado directo de tiempo completo, Contratista - prestación de servicios",7 a 10 años,Estudiante de pregrado,De 3 millones a 4 millones,Magdalena,Red de contactos,Auxiliar de arqueologia,Obras civiles y construccion,Muy estables,Más de 15 días,Ninguna,Word,Bajos salarios,NA,No tengo posgrado,Aproximadamente lo que debería ganar,Mejores salarios,4,NA,No tengo posgrado,4,60,Departamento
6/2/2026 6:33:45,"Si, es mi profesión principal",Hombre,36 años - 40 años,"Arqueología preventiva o de rescate: obras civiles, construcciones, licencias ambientales, etc","Empleado directo de tiempo completo, Contratista - prestación de servicios",7 a 10 años,Estudiante de pregrado,De 3 millones a 4 millones,Norte de Santander,Red de contactos,Auxiliar de arqueologia,Obras civiles y construccion,Muy estables,Más de 15 días,Ninguna,Word,Bajos salarios,NA,No tengo posgrado,Aproximadamente lo que debería ganar,Mejores salarios,4,NA,No tengo posgrado,4,60,Departamento
6/2/2026 6:35:28,"Si, es mi profesión principal",Hombre,36 años - 40 años,"Arqueología preventiva o de rescate: obras civiles, construcciones, licencias ambientales, etc",Empleado directo de tiempo completo,7 a 10 años,Pregrado,De 5 millones a 6 millones,Donde se presente la oportunidad,Años de experiencia,Coordinador de proyectos,Obras civiles y construccion,Variables. Dependen de contratos,No realizo trabajo de campo,De 4 a 10 personas,"Excel, Word, QGis, ArcGis, AutoCAD, Google Maps",Falta de reconocimiento profesional,NA,"Patrimonio, Museología y Arquitectura",Algo menor de lo que debería ganar,Mejor reconocimiento profesional,4,Resulta fundamental fortalecer la unidad gremial y promover acciones conjuntas que permitan representar de manera efectiva a los profesionales. La falta de articulación y respaldo colectivo dificulta la toma de decisiones y la defensa de nuestros derechos laborales y profesionales.,Gestión del patrimonio cultural. Curaduría y restauración. Arquitectura. Estudios urbanisticos. Museología. Artes,4,61,Otros
6/2/2026 7:16:14,"Si, es mi profesión principal",Mujer,36 años - 40 años,"Arqueología preventiva o de rescate: obras civiles, construcciones, licencias ambientales, etc",Contratista - prestación de servicios,7 a 10 años,Pregrado,De 3 millones a 4 millones,Bogota D.C.,Años de experiencia,Arqueologo,Obras civiles y construccion,Variables. Dependen de contratos,Más de 15 días,Ninguna,"Excel, Word, QGis, Google Maps, Fotogrametría",Falta de reconocimiento profesional,NA,No tengo posgrado,Mucho menor a la que debería ganar,Mejores salarios,4,"Creo que los problemas en arqueología son varios, entre ellos, bajos salarios, falta de reconocimiento profesional, falta de oportunidades de formación como cursos, diplomados etc, en parte porque el sueldo no alcanza para formarse y los horarios y la carga de trabajo es alta. Como profesional, haces trabajo de campo, oficina que incluye ordenar datos, producir informes y gestionar SIG. La mayoría de las veces con contratos de ""confianza"" por lo tanto no tienes reconocimiento de extras y si uno se enferma- incapacita, se vuelve una novela porque solo hay un arqueólogo, no importa el tamaño de la obra. Estamos en precarización",No tengo posgrado,4,62,Departamento
6/2/2026 7:20:42,"Si, es mi profesión principal",Mujer,31 años - 35 años,"Arqueología preventiva o de rescate: obras civiles, construcciones, licencias ambientales, etc","Empleado directo de tiempo completo, Investigación en laboratorio",4 a 6 años,Pregrado,De 3 millones a 4 millones,Cauca,Especializacion tecnica,Arqueologo,Obras civiles y construccion,Muy estables,No realizo trabajo de campo,De 1 a 3 personas,"Excel, Word, SPSS, QGis, Google Maps, Software de dibujo técnico y edicion fotografica: Illustrator, Corel, Krita, etc, Citacion bibliográfica: Mendeley, Zotero, EndNote, etc, Redes sociales: WhatsApp, Telegram, etc",Poca oferta de empleos,NA,No tengo posgrado,Mucho menor a la que debería ganar,Mejor claridad en los honorarios o sueldos,4,NA,No tengo posgrado,4,63,Departamento
6/2/2026 7:20:42,"Si, es mi profesión principal",Mujer,31 años - 35 años,"Arqueología preventiva o de rescate: obras civiles, construcciones, licencias ambientales, etc","Empleado directo de tiempo completo, Investigación en laboratorio",4 a 6 años,Pregrado,De 3 millones a 4 millones,Antioquia,Especializacion tecnica,Arqueologo,Obras civiles y construccion,Muy estables,No realizo trabajo de campo,De 1 a 3 personas,"Excel, Word, SPSS, QGis, Google Maps, Software de dibujo técnico y edicion fotografica: Illustrator, Corel, Krita, etc, Citacion bibliográfica: Mendeley, Zotero, EndNote, etc, Redes sociales: WhatsApp, Telegram, etc",Poca oferta de empleos,NA,No tengo posgrado,Mucho menor a la que debería ganar,Mejor claridad en los honorarios o sueldos,4,NA,No tengo posgrado,4,63,Departamento
6/2/2026 8:01:54,"Si, es mi profesión principal",Hombre,26 años - 30 años,"Arqueología preventiva o de rescate: obras civiles, construcciones, licencias ambientales, etc",Empleado directo de tiempo completo,4 a 6 años,Pregrado,De 5 millones a 6 millones,Cesar,Años de experiencia,Arqueologo,Obras civiles y construccion,Muy estables,No realizo trabajo de campo,Ninguna,"Excel, Word, QGis, ArcGis, AutoCAD, Google Maps",Falta de estabilidad laboral,NA,No tengo posgrado,Aproximadamente lo que debería ganar,Mayor estabilidad laboral,3,NA,No tengo posgrado,3,64,Departamento
6/2/2026 8:18:15,"Si, es mi profesión principal",Mujer,31 años - 35 años,"Arqueología preventiva o de rescate: obras civiles, construcciones, licencias ambientales, etc","Empleado directo de tiempo completo, Trabajador independiente",7 a 10 años,Pregrado,De 4 millones a 5 millones,Bolivar,Manejo de SIG,Coordinador de proyectos,Obras civiles y construccion,Muy estables,No realizo trabajo de campo,De 1 a 3 personas,"Excel, Word, Google Sheets, QGis, Software de creación 3D: Blender, Agisfot Metashape, SketchUp, etc, ArcGis, AutoCAD, Google Maps, Fotogrametría, Redes sociales: WhatsApp, Telegram, etc, Inteligencia Artificial",Falta de estabilidad laboral,NA,No tengo posgrado,Aproximadamente lo que debería ganar,Más oportunidades de empleo,4,NA,No tengo posgrado,4,65,Departamento
6/2/2026 8:18:15,"Si, es mi profesión principal",Mujer,31 años - 35 años,"Arqueología preventiva o de rescate: obras civiles, construcciones, licencias ambientales, etc","Empleado directo de tiempo completo, Trabajador independiente",7 a 10 años,Pregrado,De 4 millones a 5 millones,Cesar,Manejo de SIG,Coordinador de proyectos,Obras civiles y construccion,Muy estables,No realizo trabajo de campo,De 1 a 3 personas,"Excel, Word, Google Sheets, QGis, Software de creación 3D: Blender, Agisfot Metashape, SketchUp, etc, ArcGis, AutoCAD, Google Maps, Fotogrametría, Redes sociales: WhatsApp, Telegram, etc, Inteligencia Artificial",Falta de estabilidad laboral,NA,No tengo posgrado,Aproximadamente lo que debería ganar,Más oportunidades de empleo,4,NA,No tengo posgrado,4,65,Departamento
6/2/2026 8:18:15,"Si, es mi profesión principal",Mujer,31 años - 35 años,"Arqueología preventiva o de rescate: obras civiles, construcciones, licencias ambientales, etc","Empleado directo de tiempo completo, Trabajador independiente",7 a 10 años,Pregrado,De 4 millones a 5 millones,Magdalena,Manejo de SIG,Coordinador de proyectos,Obras civiles y construccion,Muy estables,No realizo trabajo de campo,De 1 a 3 personas,"Excel, Word, Google Sheets, QGis, Software de creación 3D: Blender, Agisfot Metashape, SketchUp, etc, ArcGis, AutoCAD, Google Maps, Fotogrametría, Redes sociales: WhatsApp, Telegram, etc, Inteligencia Artificial",Falta de estabilidad laboral,NA,No tengo posgrado,Aproximadamente lo que debería ganar,Más oportunidades de empleo,4,NA,No tengo posgrado,4,65,Departamento
6/2/2026 8:32:22,"Si, es mi profesión principal",Hombre,50 años o más,Ambas por igual,"Contratista - prestación de servicios, Docencia e investigación universitaria, Trabajador independiente, Emprendimientos propios - empresa propia, Divulgacion cientifica, Museos y conservación. Gestor cultural, Generando material didáctico, Arqueología digital: modelos 3D, reconstrucción histórica, videojuegos, etc",11 y 15 años,Maestría,Más de 10 millones,Boyaca,Marca personal,Director o lider de proyecto,Consultoria ambiental o estudios de impacto,Variables. Dependen de contratos,11 a 15 días,Más de 10 personas,"Software de creación 3D: Blender, Agisfot Metashape, SketchUp, etc, Fotogrametría",Falta de claridad en tarifas,NA,"Patrimonio, Museología y Arquitectura",Mucho menor a la que debería ganar,Mejores salarios,5,NA,Gestión del patrimonio cultural. Curaduría y restauración. Arquitectura. Estudios urbanisticos. Museología. Artes,5,66,Departamento
6/2/2026 8:32:22,"Si, es mi profesión principal",Hombre,50 años o más,Ambas por igual,"Contratista - prestación de servicios, Docencia e investigación universitaria, Trabajador independiente, Emprendimientos propios - empresa propia, Divulgacion cientifica, Museos y conservación. Gestor cultural, Generando material didáctico, Arqueología digital: modelos 3D, reconstrucción histórica, videojuegos, etc",11 y 15 años,Maestría,Más de 10 millones,Caldas,Marca personal,Director o lider de proyecto,Consultoria ambiental o estudios de impacto,Variables. Dependen de contratos,11 a 15 días,Más de 10 personas,"Software de creación 3D: Blender, Agisfot Metashape, SketchUp, etc, Fotogrametría",Falta de claridad en tarifas,NA,"Patrimonio, Museología y Arquitectura",Mucho menor a la que debería ganar,Mejores salarios,5,NA,Gestión del patrimonio cultural. Curaduría y restauración. Arquitectura. Estudios urbanisticos. Museología. Artes,5,66,Departamento
6/2/2026 8:32:22,"Si, es mi profesión principal",Hombre,50 años o más,Ambas por igual,"Contratista - prestación de servicios, Docencia e investigación universitaria, Trabajador independiente, Emprendimientos propios - empresa propia, Divulgacion cientifica, Museos y conservación. Gestor cultural, Generando material didáctico, Arqueología digital: modelos 3D, reconstrucción histórica, videojuegos, etc",11 y 15 años,Maestría,Más de 10 millones,Antioquia,Marca personal,Director o lider de proyecto,Consultoria ambiental o estudios de impacto,Variables. Dependen de contratos,11 a 15 días,Más de 10 personas,"Software de creación 3D: Blender, Agisfot Metashape, SketchUp, etc, Fotogrametría",Falta de claridad en tarifas,NA,"Patrimonio, Museología y Arquitectura",Mucho menor a la que debería ganar,Mejores salarios,5,NA,Gestión del patrimonio cultural. Curaduría y restauración. Arquitectura. Estudios urbanisticos. Museología. Artes,5,66,Departamento
6/2/2026 8:39:51,"Si, es mi profesión principal",Mujer,41 años - 45 años,"Arqueología preventiva o de rescate: obras civiles, construcciones, licencias ambientales, etc",Empleado directo de tiempo completo,11 y 15 años,Pregrado,De 3 millones a 4 millones,Cundinamarca,Años de experiencia,Director o lider de proyecto,Consultoria ambiental o estudios de impacto,Variables. Dependen de contratos,De 6 a 10 días,Ninguna,"Excel, Word, QGis, Google Maps",Poca oferta de empleos,No tengo posgrado,Otro,Mucho menor a la que debería ganar,Más oportunidades de empleo,4,NA,Otro,4,67,Departamento
6/2/2026 8:52:17,"Si, es mi profesión principal",Hombre,26 años - 30 años,"Arqueología preventiva o de rescate: obras civiles, construcciones, licencias ambientales, etc","Empleado directo de tiempo completo, Contratista - prestación de servicios",4 a 6 años,Pregrado,De 3 millones a 4 millones,Bogota D.C.,Red de contactos,Arqueologo,Obras civiles y construccion,Variables. Dependen de contratos,Más de 15 días,Ninguna,"Excel, Word, QGis, Software de creación 3D: Blender, Agisfot Metashape, SketchUp, etc, ArcGis, Google Maps, Redes sociales: WhatsApp, Telegram, etc",Falta de estabilidad laboral,NA,No tengo posgrado,Algo menor de lo que debería ganar,Mayor estabilidad laboral,2,NA,No tengo posgrado,2,68,Departamento
6/2/2026 9:06:50,No,Hombre,50 años o más,Ambas por igual,"Contratista - prestación de servicios, Trabajador independiente, Consultoria, Divulgacion cientifica",11 y 15 años,Maestría,De 3 millones a 4 millones,Caldas,Años de experiencia,Investigador independiente,Trabajo independiente o por proyectos,Ocasionales o esporadicos,Más de 15 días,Más de 10 personas,"Excel, Word, Google Maps, Software de dibujo técnico y edicion fotografica: Illustrator, Corel, Krita, etc, Redes sociales: WhatsApp, Telegram, etc",Otro,NA,Antropología y Arqueología,Mucho menor a la que debería ganar,Más regulación del sector,4,La causa de la crisis laboral es el decreto 138. Se perdió lo construido en 30 años.,Antropología en general o arqueología,4,69,Departamento
6/2/2026 9:06:50,No,Hombre,50 años o más,Ambas por igual,"Contratista - prestación de servicios, Trabajador independiente, Consultoria, Divulgacion cientifica",11 y 15 años,Maestría,De 3 millones a 4 millones,Quindio,Años de experiencia,Investigador independiente,Trabajo independiente o por proyectos,Ocasionales o esporadicos,Más de 15 días,Más de 10 personas,"Excel, Word, Google Maps, Software de dibujo técnico y edicion fotografica: Illustrator, Corel, Krita, etc, Redes sociales: WhatsApp, Telegram, etc",Otro,NA,Antropología y Arqueología,Mucho menor a la que debería ganar,Más regulación del sector,4,La causa de la crisis laboral es el decreto 138. Se perdió lo construido en 30 años.,Antropología en general o arqueología,4,69,Departamento
6/2/2026 9:06:50,No,Hombre,50 años o más,Ambas por igual,"Contratista - prestación de servicios, Trabajador independiente, Consultoria, Divulgacion cientifica",11 y 15 años,Maestría,De 3 millones a 4 millones,Risaralda,Años de experiencia,Investigador independiente,Trabajo independiente o por proyectos,Ocasionales o esporadicos,Más de 15 días,Más de 10 personas,"Excel, Word, Google Maps, Software de dibujo técnico y edicion fotografica: Illustrator, Corel, Krita, etc, Redes sociales: WhatsApp, Telegram, etc",Otro,NA,Antropología y Arqueología,Mucho menor a la que debería ganar,Más regulación del sector,4,La causa de la crisis laboral es el decreto 138. Se perdió lo construido en 30 años.,Antropología en general o arqueología,4,69,Departamento
6/2/2026 10:10:43,"No actualmente, pero lo he hecho antes",Mujer,41 años - 45 años,"Arqueología académica o básica: docencia, investigación, editoriales, museos, semilleros, proyectos academicos, universidades","Consultoria, Divulgacion cientifica, Turismo, Museos y conservación. Gestor cultural, Nunca he ganado ingresos, Investigación en laboratorio, Arqueología digital: modelos 3D, reconstrucción histórica, videojuegos, etc",Menos de 1 año,Especializacion,Nunca he ganado nada,Bogota D.C.,Otro,Gestor social o cultural,Patrimonio cultural,Ninguno,No realizo trabajo de campo,De 4 a 10 personas,"Excel, Word, AutoCAD, Google Maps, Software de dibujo técnico y edicion fotografica: Illustrator, Corel, Krita, etc, Redes sociales: WhatsApp, Telegram, etc, Inteligencia Artificial",Desconexion entre formacion y oportunidades,NA,No tengo posgrado,No sé cuánto debería ganar realmente,El pensum de las universidades,5,Ninguna,No tengo posgrado,5,70,Departamento
6/2/2026 10:10:43,"No actualmente, pero lo he hecho antes",Mujer,41 años - 45 años,"Arqueología académica o básica: docencia, investigación, editoriales, museos, semilleros, proyectos academicos, universidades","Consultoria, Divulgacion cientifica, Turismo, Museos y conservación. Gestor cultural, Nunca he ganado ingresos, Investigación en laboratorio, Arqueología digital: modelos 3D, reconstrucción histórica, videojuegos, etc",Menos de 1 año,Especializacion,Nunca he ganado nada,Tolima,Otro,Gestor social o cultural,Patrimonio cultural,Ninguno,No realizo trabajo de campo,De 4 a 10 personas,"Excel, Word, AutoCAD, Google Maps, Software de dibujo técnico y edicion fotografica: Illustrator, Corel, Krita, etc, Redes sociales: WhatsApp, Telegram, etc, Inteligencia Artificial",Desconexion entre formacion y oportunidades,NA,No tengo posgrado,No sé cuánto debería ganar realmente,El pensum de las universidades,5,Ninguna,No tengo posgrado,5,70,Departamento
6/2/2026 11:07:59,"Si, es mi profesión principal",Hombre,26 años - 30 años,"Arqueología preventiva o de rescate: obras civiles, construcciones, licencias ambientales, etc",Empleado directo de tiempo completo,4 a 6 años,Especializacion,De 4 millones a 5 millones,Bogota D.C.,Red de contactos,Arqueologo,Obras civiles y construccion,Variables. Dependen de contratos,Más de 15 días,Ninguna,"Excel, Word, Python, QGis, Software de creación 3D: Blender, Agisfot Metashape, SketchUp, etc, ArcGis, Google Maps, Fotogrametría, Software de dibujo técnico y edicion fotografica: Illustrator, Corel, Krita, etc, Citacion bibliográfica: Mendeley, Zotero, EndNote, etc, Inteligencia Artificial",Falta de estabilidad laboral,NA,"SIG, Geografía y Ciencias Ambientales",Algo menor de lo que debería ganar,Mejores salarios,4,NA,SIG. Geografía. Estudios territoriales. Ciencias Ambientales. Catastro. Teledetección. Arqueobotánica,4,71,Departamento
6/2/2026 15:53:02,"Si, es mi profesión principal",Hombre,26 años - 30 años,"Arqueología preventiva o de rescate: obras civiles, construcciones, licencias ambientales, etc",Empleado directo de tiempo completo,Entre 1 a 3 años,Pregrado,De 3 millones a 4 millones,Bogota D.C.,Tener RNA,Auxiliar de arqueologia,Obras civiles y construccion,Muy estables,Más de 15 días,Ninguna,"Excel, Word, QGis, Software de creación 3D: Blender, Agisfot Metashape, SketchUp, etc, Google Maps, Fotogrametría",Bajos salarios,NA,No tengo posgrado,Algo menor de lo que debería ganar,Mejores salarios,4,NA,No tengo posgrado,4,72,Departamento
6/2/2026 16:15:03,"Si, es mi profesión principal",Hombre,31 años - 35 años,"Arqueología preventiva o de rescate: obras civiles, construcciones, licencias ambientales, etc",Empleado directo de tiempo completo,4 a 6 años,Pregrado,De 4 millones a 5 millones,Tolima,Red de contactos,Arqueologo,Obras civiles y construccion,Variables. Dependen de contratos,Más de 15 días,De 1 a 3 personas,"Excel, Word, QGis, AutoCAD",Falta de estabilidad laboral,NA,"Patrimonio, Museología y Arquitectura",Algo menor de lo que debería ganar,Mayor estabilidad laboral,4,NA,Gestión del patrimonio cultural. Curaduría y restauración. Arquitectura. Estudios urbanisticos. Museología. Artes,4,73,Departamento
6/2/2026 16:33:17,"No actualmente, pero lo he hecho antes",Hombre,26 años - 30 años,"Arqueología preventiva o de rescate: obras civiles, construcciones, licencias ambientales, etc",Contratista - prestación de servicios,Menos de 1 año,Pregrado,De 2 millones a 2.5 millones,Meta,Red de contactos,Auxiliar de arqueologia,Obras civiles y construccion,Ocasionales o esporadicos,Más de 15 días,Ninguna,"Excel, Word, Google Maps, Citacion bibliográfica: Mendeley, Zotero, EndNote, etc, Redes sociales: WhatsApp, Telegram, etc, Inteligencia Artificial",Falta de estabilidad laboral,NA,Tecnología,Mucho menor a la que debería ganar,Mayor estabilidad laboral,2,NA,Ciencias de datos. Ingeniería de sistemas. Analítica de datos. Inteligencia artificial,2,74,Departamento
6/2/2026 16:33:17,"No actualmente, pero lo he hecho antes",Hombre,26 años - 30 años,"Arqueología preventiva o de rescate: obras civiles, construcciones, licencias ambientales, etc",Contratista - prestación de servicios,Menos de 1 año,Pregrado,De 2 millones a 2.5 millones,Putumayo,Red de contactos,Auxiliar de arqueologia,Obras civiles y construccion,Ocasionales o esporadicos,Más de 15 días,Ninguna,"Excel, Word, Google Maps, Citacion bibliográfica: Mendeley, Zotero, EndNote, etc, Redes sociales: WhatsApp, Telegram, etc, Inteligencia Artificial",Falta de estabilidad laboral,NA,Tecnología,Mucho menor a la que debería ganar,Mayor estabilidad laboral,2,NA,Ciencias de datos. Ingeniería de sistemas. Analítica de datos. Inteligencia artificial,2,74,Departamento
6/2/2026 21:00:13,"Si, es mi profesión principal",Hombre,36 años - 40 años,"Arqueología preventiva o de rescate: obras civiles, construcciones, licencias ambientales, etc","Empleado directo de tiempo completo, Contratista - prestación de servicios, Trabajador independiente, Consultoria, Emprendimientos propios - empresa propia",7 a 10 años,Pregrado,De 3 millones a 4 millones,Atlantico,Comunicacion y persuasion,Empresario o emprendedor,Consultoria ambiental o estudios de impacto,Variables. Dependen de contratos,Más de 15 días,De 1 a 3 personas,"Excel, Word, QGis",Falta de estabilidad laboral,NA,"SIG, Geografía y Ciencias Ambientales",Algo menor de lo que debería ganar,Mayor estabilidad laboral,4,NA,SIG. Geografía. Estudios territoriales. Ciencias Ambientales. Catastro. Teledetección. Arqueobotánica,4,75,Departamento
6/2/2026 21:00:13,"Si, es mi profesión principal",Hombre,36 años - 40 años,"Arqueología preventiva o de rescate: obras civiles, construcciones, licencias ambientales, etc","Empleado directo de tiempo completo, Contratista - prestación de servicios, Trabajador independiente, Consultoria, Emprendimientos propios - empresa propia",7 a 10 años,Pregrado,De 3 millones a 4 millones,Bolivar,Comunicacion y persuasion,Empresario o emprendedor,Consultoria ambiental o estudios de impacto,Variables. Dependen de contratos,Más de 15 días,De 1 a 3 personas,"Excel, Word, QGis",Falta de estabilidad laboral,NA,"SIG, Geografía y Ciencias Ambientales",Algo menor de lo que debería ganar,Mayor estabilidad laboral,4,NA,SIG. Geografía. Estudios territoriales. Ciencias Ambientales. Catastro. Teledetección. Arqueobotánica,4,75,Departamento
6/2/2026 21:00:13,"Si, es mi profesión principal",Hombre,36 años - 40 años,"Arqueología preventiva o de rescate: obras civiles, construcciones, licencias ambientales, etc","Empleado directo de tiempo completo, Contratista - prestación de servicios, Trabajador independiente, Consultoria, Emprendimientos propios - empresa propia",7 a 10 años,Pregrado,De 3 millones a 4 millones,Huila,Comunicacion y persuasion,Empresario o emprendedor,Consultoria ambiental o estudios de impacto,Variables. Dependen de contratos,Más de 15 días,De 1 a 3 personas,"Excel, Word, QGis",Falta de estabilidad laboral,NA,"SIG, Geografía y Ciencias Ambientales",Algo menor de lo que debería ganar,Mayor estabilidad laboral,4,NA,SIG. Geografía. Estudios territoriales. Ciencias Ambientales. Catastro. Teledetección. Arqueobotánica,4,75,Departamento
6/2/2026 21:00:13,"Si, es mi profesión principal",Hombre,36 años - 40 años,"Arqueología preventiva o de rescate: obras civiles, construcciones, licencias ambientales, etc","Empleado directo de tiempo completo, Contratista - prestación de servicios, Trabajador independiente, Consultoria, Emprendimientos propios - empresa propia",7 a 10 años,Pregrado,De 3 millones a 4 millones,Meta,Comunicacion y persuasion,Empresario o emprendedor,Consultoria ambiental o estudios de impacto,Variables. Dependen de contratos,Más de 15 días,De 1 a 3 personas,"Excel, Word, QGis",Falta de estabilidad laboral,NA,"SIG, Geografía y Ciencias Ambientales",Algo menor de lo que debería ganar,Mayor estabilidad laboral,4,NA,SIG. Geografía. Estudios territoriales. Ciencias Ambientales. Catastro. Teledetección. Arqueobotánica,4,75,Departamento
6/2/2026 23:56:21,"Si, ocasionalmente",Hombre,20 años - 25 años,"Arqueología académica o básica: docencia, investigación, editoriales, museos, semilleros, proyectos academicos, universidades","Trabajador independiente, Investigación en laboratorio",Entre 1 a 3 años,Pregrado,Menos de 2 millones de pesos,Bogota D.C.,Red de contactos,Auxiliar de arqueologia,Trabajo independiente o por proyectos,Variables. Dependen de contratos,Más de 15 días,Ninguna,"Excel, Word, Google Sheets, Google Maps, Fotogrametría, Citacion bibliográfica: Mendeley, Zotero, EndNote, etc, Redes sociales: WhatsApp, Telegram, etc",Falta de estabilidad laboral,NA,No tengo posgrado,Mucho menor a la que debería ganar,Más oportunidades de empleo,1,NA,No tengo posgrado,1,76,Departamento
6/3/2026 5:18:28,"Si, es mi profesión principal",Hombre,50 años o más,Ambas por igual,"Contratista - prestación de servicios, Trabajador independiente",11 y 15 años,Maestría,De 5 millones a 6 millones,Caldas,Red de contactos,Director o lider de proyecto,Obras civiles y construccion,Variables. Dependen de contratos,11 a 15 días,De 4 a 10 personas,"Excel, Word, Google Sheets, SPSS, QGis, ArcGis, AutoCAD, Google Maps, Fotogrametría, SQL, Software de dibujo técnico y edicion fotografica: Illustrator, Corel, Krita, etc, Citacion bibliográfica: Mendeley, Zotero, EndNote, etc, Redes sociales: WhatsApp, Telegram, etc, Inteligencia Artificial",Bajos salarios,NA,Antropología y Arqueología,Mucho menor a la que debería ganar,Mejor claridad en los honorarios o sueldos,3,"La arqueología en Colombia carece de una instancia gremial o cuerpo colegiado con representatividad nacional que articule de manera efectiva las posiciones del sector, situación que ha contribuido a una alta fragmentación institucional y profesional. La diversidad de enfoques, intereses y perspectivas dentro de la disciplina, sumada a la ausencia de mecanismos formales de concertación, dificulta la construcción de consensos técnicos y limita la capacidad de interlocución colectiva frente al Estado, la academia y otros actores relevantes. Como consecuencia, no existe una entidad comparable a los colegios profesionales o consejos nacionales presentes en otras disciplinas, capaz de ejercer liderazgo, representación y defensa de los intereses comunes de la arqueología nacional.",Antropología en general o arqueología,3,77,Departamento
6/3/2026 5:18:28,"Si, es mi profesión principal",Hombre,50 años o más,Ambas por igual,"Contratista - prestación de servicios, Trabajador independiente",11 y 15 años,Maestría,De 5 millones a 6 millones,Santander,Red de contactos,Director o lider de proyecto,Obras civiles y construccion,Variables. Dependen de contratos,11 a 15 días,De 4 a 10 personas,"Excel, Word, Google Sheets, SPSS, QGis, ArcGis, AutoCAD, Google Maps, Fotogrametría, SQL, Software de dibujo técnico y edicion fotografica: Illustrator, Corel, Krita, etc, Citacion bibliográfica: Mendeley, Zotero, EndNote, etc, Redes sociales: WhatsApp, Telegram, etc, Inteligencia Artificial",Bajos salarios,NA,Antropología y Arqueología,Mucho menor a la que debería ganar,Mejor claridad en los honorarios o sueldos,3,"La arqueología en Colombia carece de una instancia gremial o cuerpo colegiado con representatividad nacional que articule de manera efectiva las posiciones del sector, situación que ha contribuido a una alta fragmentación institucional y profesional. La diversidad de enfoques, intereses y perspectivas dentro de la disciplina, sumada a la ausencia de mecanismos formales de concertación, dificulta la construcción de consensos técnicos y limita la capacidad de interlocución colectiva frente al Estado, la academia y otros actores relevantes. Como consecuencia, no existe una entidad comparable a los colegios profesionales o consejos nacionales presentes en otras disciplinas, capaz de ejercer liderazgo, representación y defensa de los intereses comunes de la arqueología nacional.",Antropología en general o arqueología,3,77,Departamento
6/3/2026 10:45:49,"Si, es mi profesión principal",Hombre,50 años o más,"Arqueología preventiva o de rescate: obras civiles, construcciones, licencias ambientales, etc",Empleado directo de tiempo completo,11 y 15 años,Pregrado,De 5 millones a 6 millones,Bogota D.C.,Tener RNA,Arqueologo,Obras civiles y construccion,Variables. Dependen de contratos,De 6 a 10 días,De 1 a 3 personas,"Excel, Word, QGis, Google Maps, Fotogrametría, Redes sociales: WhatsApp, Telegram, etc, Inteligencia Artificial",Falta de estabilidad laboral,NA,"Patrimonio, Museología y Arquitectura",Mucho menor a la que debería ganar,Más oportunidades de empleo,5,Mientras algunos profesionales desarrollan hasta decenas de proyectos otros pasan meses sin encontrar nada,Gestión del patrimonio cultural. Curaduría y restauración. Arquitectura. Estudios urbanisticos. Museología. Artes,5,78,Departamento
6/3/2026 17:01:58,"Si, es mi profesión principal",Mujer,31 años - 35 años,"Arqueología preventiva o de rescate: obras civiles, construcciones, licencias ambientales, etc",Empleado directo de tiempo completo,7 a 10 años,Pregrado,De 4 millones a 5 millones,Bogota D.C.,Tener RNA,Arqueologo,Obras civiles y construccion,Muy estables,No realizo trabajo de campo,Ninguna,"Excel, Word, ArcGis, Google Maps, Redes sociales: WhatsApp, Telegram, etc",Poca oferta de empleos,NA,No tengo posgrado,Aproximadamente lo que debería ganar,Más oportunidades de empleo,3,NA,No tengo posgrado,3,79,Departamento
6/3/2026 17:01:58,"Si, es mi profesión principal",Mujer,31 años - 35 años,"Arqueología preventiva o de rescate: obras civiles, construcciones, licencias ambientales, etc",Empleado directo de tiempo completo,7 a 10 años,Pregrado,De 4 millones a 5 millones,Meta,Tener RNA,Arqueologo,Obras civiles y construccion,Muy estables,No realizo trabajo de campo,Ninguna,"Excel, Word, ArcGis, Google Maps, Redes sociales: WhatsApp, Telegram, etc",Poca oferta de empleos,NA,No tengo posgrado,Aproximadamente lo que debería ganar,Más oportunidades de empleo,3,NA,No tengo posgrado,3,79,Departamento
6/3/2026 18:25:16,"No actualmente, pero lo he hecho antes",Mujer,26 años - 30 años,"Arqueología preventiva o de rescate: obras civiles, construcciones, licencias ambientales, etc","Empleado directo de tiempo completo, Investigación en laboratorio",Entre 1 a 3 años,Pregrado,De 4 millones a 5 millones,Cundinamarca,Ubicacion geografica,Desempleado,Obras civiles y construccion,Variables. Dependen de contratos,Más de 15 días,Ninguna,"Excel, Word, QGis, ArcGis, Google Maps, Redes sociales: WhatsApp, Telegram, etc",Bajos salarios,NA,Otro,Algo menor de lo que debería ganar,Mayor estabilidad laboral,4,NA,Otro,4,80,Departamento
6/3/2026 19:18:42,"No actualmente, pero lo he hecho antes",Mujer,31 años - 35 años,"Arqueología preventiva o de rescate: obras civiles, construcciones, licencias ambientales, etc",Contratista - prestación de servicios,7 a 10 años,Pregrado,De 3 millones a 4 millones,Caldas,Red de contactos,Arqueologo,Obras civiles y construccion,Variables. Dependen de contratos,Más de 15 días,De 1 a 3 personas,"Excel, Word, QGis, Google Maps, Redes sociales: WhatsApp, Telegram, etc, Avenza maps y kobocollect",Falta de estabilidad laboral,NA,No tengo posgrado,Aproximadamente lo que debería ganar,Más regulación del sector,3,"Realmente a parte de la falta de empleo o de las pocas vacantes el mismo gremio de la arqueología hace que sea difícil encontrar una estabilidad laboral ya que como dicen comúnmente si no está en la rosca no encuentra trabajando y es verdad , si no eres amigo del Coordinador simplemente no entras o si tú Universidad no es del agrado por x profesor que tuviste tampoco entras.",No tengo posgrado,3,81,Departamento
6/3/2026 20:29:03,"Si, es mi profesión principal",Hombre,26 años - 30 años,"Arqueología preventiva o de rescate: obras civiles, construcciones, licencias ambientales, etc",Empleado directo de tiempo completo,4 a 6 años,Especializacion,De 3 millones a 4 millones,Valle del Cauca,Red de contactos,Auxiliar de arqueologia,Obras civiles y construccion,Variables. Dependen de contratos,Más de 15 días,Ninguna,"QGis, Redes sociales: WhatsApp, Telegram, etc",Otro,NA,"SIG, Geografía y Ciencias Ambientales",Mucho menor a la que debería ganar,Más regulación del sector,1,"Para mí la arqueología tiene el principal problema en su regulación, el RNA poco y nada sirve, la contratación es por contacto y no por mérito y la solución probablemente sería la colegiatura, sin embargo, los egos no permiten que nos unamos",SIG. Geografía. Estudios territoriales. Ciencias Ambientales. Catastro. Teledetección. Arqueobotánica,1,82,Departamento
6/4/2026 14:03:25,"Si, es mi profesión principal",Mujer,26 años - 30 años,"Arqueología preventiva o de rescate: obras civiles, construcciones, licencias ambientales, etc",Empleado directo de tiempo completo,Entre 1 a 3 años,Pregrado,De 2.5 millones a 3 millones,Antioquia,Años de experiencia,Auxiliar de arqueologia,Sector energetico,Muy estables,No realizo trabajo de campo,Ninguna,"Excel, Word, QGis, ArcGis, Google Maps, Citacion bibliográfica: Mendeley, Zotero, EndNote, etc, Inteligencia Artificial",Falta de estabilidad laboral,NA,No tengo posgrado,Mucho menor a la que debería ganar,Más oportunidades de empleo,4,"No hay una correspondencia entre salarios y experiencia, tengo RNA y realmente he sido contratada para realizar actividades profesionales de mayor experiencia por salarios mas bajos, cumplimiento de actividades fuera de horario y prestaciones de servicios que hacen que el salario quede por debajo del mínimo.",No tengo posgrado,4,83,Departamento
6/4/2026 14:26:38,"Si, es mi profesión principal",Hombre,20 años - 25 años,"Arqueología preventiva o de rescate: obras civiles, construcciones, licencias ambientales, etc","Empleado directo de tiempo completo, Contratista - prestación de servicios, Investigación en laboratorio, Arqueología digital: modelos 3D, reconstrucción histórica, videojuegos, etc",Entre 1 a 3 años,Pregrado,De 3 millones a 4 millones,Bogota D.C.,Ubicacion geografica,Auxiliar de arqueologia,Consultoria ambiental o estudios de impacto,Variables. Dependen de contratos,No realizo trabajo de campo,Ninguna,"Excel, Word, Google Sheets, QGis, Software de creación 3D: Blender, Agisfot Metashape, SketchUp, etc, Fotogrametría, Citacion bibliográfica: Mendeley, Zotero, EndNote, etc, Redes sociales: WhatsApp, Telegram, etc",Falta de estabilidad laboral,NA,Geociencias,Algo menor de lo que debería ganar,Más regulación del sector,3,NA,Geoarqueología. Geomorfología. Geología. Estratigrafia. Suelos,3,84,Departamento
6/4/2026 15:11:38,"Si, es mi profesión principal",Hombre,26 años - 30 años,"Arqueología preventiva o de rescate: obras civiles, construcciones, licencias ambientales, etc",Empleado directo de tiempo completo,Entre 1 a 3 años,Pregrado,De 2.5 millones a 3 millones,Bogota D.C.,Años de experiencia,Auxiliar de arqueologia,Obras civiles y construccion,Muy estables,De 1 a 5 días,Ninguna,"Excel, Word, QGis, Software de creación 3D: Blender, Agisfot Metashape, SketchUp, etc, Fotogrametría, Redes sociales: WhatsApp, Telegram, etc",Bajos salarios,No tengo posgrado,No tengo posgrado,Mucho menor a la que debería ganar,Mejores salarios,5,NA,No tengo posgrado,5,85,Departamento
6/4/2026 15:21:01,"Si, es mi profesión principal",Hombre,31 años - 35 años,Ambas por igual,"Empleado directo de tiempo completo, Contratista - prestación de servicios, Trabajador independiente, Consultoria",4 a 6 años,Especializacion,De 4 millones a 5 millones,Cesar,Manejo de SIG,Coordinador de proyectos,Consultoria ambiental o estudios de impacto,Variables. Dependen de contratos,Más de 15 días,De 1 a 3 personas,"Excel, Word, Python, QGis, ArcGis, Google Maps, Fotogrametría, Redes sociales: WhatsApp, Telegram, etc, Inteligencia Artificial",Falta de estabilidad laboral,NA,"SIG, Geografía y Ciencias Ambientales",Algo menor de lo que debería ganar,Más oportunidades de empleo,3,NA,SIG. Geografía. Estudios territoriales. Ciencias Ambientales. Catastro. Teledetección. Arqueobotánica,3,86,Departamento
6/4/2026 15:21:01,"Si, es mi profesión principal",Hombre,31 años - 35 años,Ambas por igual,"Empleado directo de tiempo completo, Contratista - prestación de servicios, Trabajador independiente, Consultoria",4 a 6 años,Especializacion,De 4 millones a 5 millones,Cordoba,Manejo de SIG,Coordinador de proyectos,Consultoria ambiental o estudios de impacto,Variables. Dependen de contratos,Más de 15 días,De 1 a 3 personas,"Excel, Word, Python, QGis, ArcGis, Google Maps, Fotogrametría, Redes sociales: WhatsApp, Telegram, etc, Inteligencia Artificial",Falta de estabilidad laboral,NA,"SIG, Geografía y Ciencias Ambientales",Algo menor de lo que debería ganar,Más oportunidades de empleo,3,NA,SIG. Geografía. Estudios territoriales. Ciencias Ambientales. Catastro. Teledetección. Arqueobotánica,3,86,Departamento
6/4/2026 15:21:01,"Si, es mi profesión principal",Hombre,31 años - 35 años,Ambas por igual,"Empleado directo de tiempo completo, Contratista - prestación de servicios, Trabajador independiente, Consultoria",4 a 6 años,Especializacion,De 4 millones a 5 millones,La Guajira,Manejo de SIG,Coordinador de proyectos,Consultoria ambiental o estudios de impacto,Variables. Dependen de contratos,Más de 15 días,De 1 a 3 personas,"Excel, Word, Python, QGis, ArcGis, Google Maps, Fotogrametría, Redes sociales: WhatsApp, Telegram, etc, Inteligencia Artificial",Falta de estabilidad laboral,NA,"SIG, Geografía y Ciencias Ambientales",Algo menor de lo que debería ganar,Más oportunidades de empleo,3,NA,SIG. Geografía. Estudios territoriales. Ciencias Ambientales. Catastro. Teledetección. Arqueobotánica,3,86,Departamento
6/4/2026 15:21:01,"Si, es mi profesión principal",Hombre,31 años - 35 años,Ambas por igual,"Empleado directo de tiempo completo, Contratista - prestación de servicios, Trabajador independiente, Consultoria",4 a 6 años,Especializacion,De 4 millones a 5 millones,Magdalena,Manejo de SIG,Coordinador de proyectos,Consultoria ambiental o estudios de impacto,Variables. Dependen de contratos,Más de 15 días,De 1 a 3 personas,"Excel, Word, Python, QGis, ArcGis, Google Maps, Fotogrametría, Redes sociales: WhatsApp, Telegram, etc, Inteligencia Artificial",Falta de estabilidad laboral,NA,"SIG, Geografía y Ciencias Ambientales",Algo menor de lo que debería ganar,Más oportunidades de empleo,3,NA,SIG. Geografía. Estudios territoriales. Ciencias Ambientales. Catastro. Teledetección. Arqueobotánica,3,86,Departamento
6/4/2026 15:21:01,"Si, es mi profesión principal",Hombre,31 años - 35 años,Ambas por igual,"Empleado directo de tiempo completo, Contratista - prestación de servicios, Trabajador independiente, Consultoria",4 a 6 años,Especializacion,De 4 millones a 5 millones,Tolima,Manejo de SIG,Coordinador de proyectos,Consultoria ambiental o estudios de impacto,Variables. Dependen de contratos,Más de 15 días,De 1 a 3 personas,"Excel, Word, Python, QGis, ArcGis, Google Maps, Fotogrametría, Redes sociales: WhatsApp, Telegram, etc, Inteligencia Artificial",Falta de estabilidad laboral,NA,"SIG, Geografía y Ciencias Ambientales",Algo menor de lo que debería ganar,Más oportunidades de empleo,3,NA,SIG. Geografía. Estudios territoriales. Ciencias Ambientales. Catastro. Teledetección. Arqueobotánica,3,86,Departamento
6/4/2026 15:56:22,"Si, es mi profesión principal",Hombre,26 años - 30 años,"Arqueología preventiva o de rescate: obras civiles, construcciones, licencias ambientales, etc",Empleado directo de tiempo completo,Entre 1 a 3 años,Pregrado,De 2.5 millones a 3 millones,Valle del Cauca,Habilidades tecnologicas,Auxiliar de arqueologia,Obras civiles y construccion,Muy estables,Más de 15 días,Ninguna,"Excel, Word, QGis, Google Maps",Bajos salarios,NA,No tengo posgrado,Mucho menor a la que debería ganar,Mejores salarios,3,NA,No tengo posgrado,3,87,Departamento
6/4/2026 16:21:52,"Si, es mi profesión principal",Hombre,31 años - 35 años,"Arqueología preventiva o de rescate: obras civiles, construcciones, licencias ambientales, etc",Empleado directo de tiempo completo,4 a 6 años,Maestría,De 5 millones a 6 millones,Huila,Años de experiencia,Arqueologo,Obras civiles y construccion,Muy estables,De 6 a 10 días,De 1 a 3 personas,"Excel, Word, Python, QGis, ArcGis, AutoCAD, Google Maps, Fotogrametría, Redes sociales: WhatsApp, Telegram, etc",Falta de reconocimiento profesional,NA,"SIG, Geografía y Ciencias Ambientales",Algo menor de lo que debería ganar,Mayor estabilidad laboral,3,NA,SIG. Geografía. Estudios territoriales. Ciencias Ambientales. Catastro. Teledetección. Arqueobotánica,3,88,Departamento
6/4/2026 16:32:37,"Si, es mi profesión principal",Mujer,26 años - 30 años,"Arqueología preventiva o de rescate: obras civiles, construcciones, licencias ambientales, etc","Empleado directo de tiempo completo, Contratista - prestación de servicios",4 a 6 años,Pregrado,9 millones a 10 millones,Bogota D.C.,Red de contactos,Arqueologo,Obras civiles y construccion,Variables. Dependen de contratos,Más de 15 días,De 1 a 3 personas,"Excel, Word, QGis, ArcGis, Google Maps, SQL, Software de dibujo técnico y edicion fotografica: Illustrator, Corel, Krita, etc, Inteligencia Artificial",Falta de estabilidad laboral,NA,No tengo posgrado,Aproximadamente lo que debería ganar,Mayor estabilidad laboral,3,NA,No tengo posgrado,3,89,Departamento
6/4/2026 16:34:11,"Si, es mi profesión principal",Hombre,20 años - 25 años,"Arqueología preventiva o de rescate: obras civiles, construcciones, licencias ambientales, etc",Empleado directo de tiempo completo,Entre 1 a 3 años,Pregrado,De 2.5 millones a 3 millones,Bogota D.C.,Años de experiencia,Auxiliar de arqueologia,Obras civiles y construccion,Variables. Dependen de contratos,Más de 15 días,De 1 a 3 personas,"Excel, Word, QGis, Google Maps, Fotogrametría",Falta de estabilidad laboral,NA,No tengo posgrado,Mucho menor a la que debería ganar,Mayor estabilidad laboral,5,NA,No tengo posgrado,5,90,Departamento
6/4/2026 16:34:11,"Si, es mi profesión principal",Hombre,20 años - 25 años,"Arqueología preventiva o de rescate: obras civiles, construcciones, licencias ambientales, etc",Empleado directo de tiempo completo,Entre 1 a 3 años,Pregrado,De 2.5 millones a 3 millones,Cesar,Años de experiencia,Auxiliar de arqueologia,Obras civiles y construccion,Variables. Dependen de contratos,Más de 15 días,De 1 a 3 personas,"Excel, Word, QGis, Google Maps, Fotogrametría",Falta de estabilidad laboral,NA,No tengo posgrado,Mucho menor a la que debería ganar,Mayor estabilidad laboral,5,NA,No tengo posgrado,5,90,Departamento
6/4/2026 22:18:21,"Si, es mi profesión principal",Hombre,20 años - 25 años,"Arqueología preventiva o de rescate: obras civiles, construcciones, licencias ambientales, etc",Empleado directo de tiempo completo,Menos de 1 año,Pregrado,De 2 millones a 2.5 millones,Bogota D.C.,Especializacion tecnica,Auxiliar de arqueologia,Consultoria ambiental o estudios de impacto,Variables. Dependen de contratos,No realizo trabajo de campo,Ninguna,Excel,Bajos salarios,NA,No tengo posgrado,Algo menor de lo que debería ganar,Mayor estabilidad laboral,3,NA,No tengo posgrado,3,91,Departamento
6/5/2026 12:39:04,"Si, es mi profesión principal",Hombre,20 años - 25 años,Ambas por igual,"Contratista - prestación de servicios, Trabajador independiente, Arqueología digital: modelos 3D, reconstrucción histórica, videojuegos, etc",Entre 1 a 3 años,Pregrado,De 2 millones a 2.5 millones,Bogota D.C.,Habilidades tecnologicas,Auxiliar de arqueologia,Obras civiles y construccion,Variables. Dependen de contratos,Más de 15 días,Ninguna,"Excel, Word, QGis, Software de creación 3D: Blender, Agisfot Metashape, SketchUp, etc, ArcGis, Fotogrametría, Software de dibujo técnico y edicion fotografica: Illustrator, Corel, Krita, etc",Desconexion entre formacion y oportunidades,NA,No tengo posgrado,Mucho menor a la que debería ganar,Mejor reconocimiento profesional,3,"Puede uno cumplir los perfiles laborales pero si no eres parte de la palanca no te contratan, también de que tener RNA no asegura tampoco el poder ejercer algo más allá de “auxiliar” y que muchos de los arqueólogos líderes o asesores no dan crédito de los datos y e información que sus auxiliares levantan en campo. Los auxiliares son igual de importantes y hasta más esenciales",No tengo posgrado,3,92,Departamento
6/5/2026 12:39:04,"Si, es mi profesión principal",Hombre,20 años - 25 años,Ambas por igual,"Contratista - prestación de servicios, Trabajador independiente, Arqueología digital: modelos 3D, reconstrucción histórica, videojuegos, etc",Entre 1 a 3 años,Pregrado,De 2 millones a 2.5 millones,Meta,Habilidades tecnologicas,Auxiliar de arqueologia,Obras civiles y construccion,Variables. Dependen de contratos,Más de 15 días,Ninguna,"Excel, Word, QGis, Software de creación 3D: Blender, Agisfot Metashape, SketchUp, etc, ArcGis, Fotogrametría, Software de dibujo técnico y edicion fotografica: Illustrator, Corel, Krita, etc",Desconexion entre formacion y oportunidades,NA,No tengo posgrado,Mucho menor a la que debería ganar,Mejor reconocimiento profesional,3,"Puede uno cumplir los perfiles laborales pero si no eres parte de la palanca no te contratan, también de que tener RNA no asegura tampoco el poder ejercer algo más allá de “auxiliar” y que muchos de los arqueólogos líderes o asesores no dan crédito de los datos y e información que sus auxiliares levantan en campo. Los auxiliares son igual de importantes y hasta más esenciales",No tengo posgrado,3,92,Departamento
6/5/2026 12:39:04,"Si, es mi profesión principal",Hombre,20 años - 25 años,Ambas por igual,"Contratista - prestación de servicios, Trabajador independiente, Arqueología digital: modelos 3D, reconstrucción histórica, videojuegos, etc",Entre 1 a 3 años,Pregrado,De 2 millones a 2.5 millones,Sucre,Habilidades tecnologicas,Auxiliar de arqueologia,Obras civiles y construccion,Variables. Dependen de contratos,Más de 15 días,Ninguna,"Excel, Word, QGis, Software de creación 3D: Blender, Agisfot Metashape, SketchUp, etc, ArcGis, Fotogrametría, Software de dibujo técnico y edicion fotografica: Illustrator, Corel, Krita, etc",Desconexion entre formacion y oportunidades,NA,No tengo posgrado,Mucho menor a la que debería ganar,Mejor reconocimiento profesional,3,"Puede uno cumplir los perfiles laborales pero si no eres parte de la palanca no te contratan, también de que tener RNA no asegura tampoco el poder ejercer algo más allá de “auxiliar” y que muchos de los arqueólogos líderes o asesores no dan crédito de los datos y e información que sus auxiliares levantan en campo. Los auxiliares son igual de importantes y hasta más esenciales",No tengo posgrado,3,92,Departamento
6/7/2026 7:30:19,"No actualmente, pero lo he hecho antes",Mujer,31 años - 35 años,"Arqueología preventiva o de rescate: obras civiles, construcciones, licencias ambientales, etc",Nunca he ganado ingresos,Entre 1 a 3 años,Pregrado,De 2 millones a 2.5 millones,Risaralda,Especializacion tecnica,Profesor o docente,Escuelas o colegios,Ninguno,No realizo trabajo de campo,Ninguna,"Excel, Word, SPSS, Citacion bibliográfica: Mendeley, Zotero, EndNote, etc",Falta de estabilidad laboral,NA,No tengo posgrado,Mucho menor a la que debería ganar,Más regulación del sector,3,NA,No tengo posgrado,3,93,Departamento
6/7/2026 16:57:39,"Si, es mi profesión principal",Hombre,26 años - 30 años,"Arqueología preventiva o de rescate: obras civiles, construcciones, licencias ambientales, etc",Trabajador independiente,Menos de 1 año,Pregrado,Menos de 2 millones de pesos,Cundinamarca,Años de experiencia,Arqueologo,Obras civiles y construccion,Ocasionales o esporadicos,De 1 a 5 días,Ninguna,"Word, Fotogrametría",Falta de reconocimiento profesional,NA,No tengo posgrado,Algo menor de lo que debería ganar,Más oportunidades de empleo,3,NA,No tengo posgrado,3,94,Departamento
6/8/2026 10:00:39,"Si, ocasionalmente",Mujer,20 años - 25 años,Ambas por igual,Investigación en laboratorio,Entre 1 a 3 años,Estudiante de pregrado,Menos de 2 millones de pesos,Magdalena,Especializacion tecnica,Semillerista o estudiante,Laboratorios,Ocasionales o esporadicos,De 1 a 5 días,De 1 a 3 personas,"Excel, Word, QGis, Google Maps, Citacion bibliográfica: Mendeley, Zotero, EndNote, etc, Redes sociales: WhatsApp, Telegram, etc",Poca oferta de empleos,NA,No tengo posgrado,Mucho menor a la que debería ganar,El pensum de las universidades,5,"Desde mi proceso personal como estudiante y casi profesional, he identificado varias limitantes a lo largo del camino: en primera instancia, la falta de màs profesores en la universidad que se comprometan en la labor de enseñar arqueologìa, puesto que he visto còmo la responsabildiad de enseñar solo cae sobre unos pocos y son quienes llevan nuestro proceso de aprendizaje e investigaciòn. Y por otro lado, la falta de accesibilidad a una oportunidad laboral. Nuevamente nuestro proceso de aprendizaje y estabilidad recae sobre unos pocos y fuera de allì es complicado conseguir màs oportunidades. Este ha sido un proceso hermoso, en el que me encuentro enteramente agradecida por las oportunidades que he tenido a lo largo del mismo; pero quisiera poder acceder a màs oportunidades por mi propia cuenta y poder realizar una especializaciòn o maestrìa que me permita trabajar en el camino.",No tengo posgrado,5,95,Departamento
6/8/2026 14:57:06,"Si, es mi profesión principal",Hombre,26 años - 30 años,Ambas por igual,Empleado directo de tiempo completo,Entre 1 a 3 años,Pregrado,De 2.5 millones a 3 millones,Santander,Años de experiencia,Auxiliar de arqueologia,Obras civiles y construccion,Ocasionales o esporadicos,Más de 15 días,De 1 a 3 personas,QGis,Falta de reconocimiento profesional,NA,"SIG, Geografía y Ciencias Ambientales",Algo menor de lo que debería ganar,Mejor reconocimiento profesional,2,NA,SIG. Geografía. Estudios territoriales. Ciencias Ambientales. Catastro. Teledetección. Arqueobotánica,2,96,Departamento
6/8/2026 17:27:06,"Si, es mi profesión principal",Hombre,26 años - 30 años,"Arqueología académica o básica: docencia, investigación, editoriales, museos, semilleros, proyectos academicos, universidades",Docencia e investigación universitaria,Entre 1 a 3 años,Maestría,Menos de 2 millones de pesos,Bogota D.C.,Red de contactos,Profesor o docente,Universidad,Variables. Dependen de contratos,No realizo trabajo de campo,Ninguna,Word,Falta de estabilidad laboral,NA,Antropología y Arqueología,Mucho menor a la que debería ganar,Mayor estabilidad laboral,2,NA,Antropología en general o arqueología,2,97,Departamento
6/8/2026 17:30:20,"Si, es mi profesión principal",Hombre,31 años - 35 años,"Arqueología preventiva o de rescate: obras civiles, construcciones, licencias ambientales, etc",Empleado directo de tiempo completo,11 y 15 años,Pregrado,De 4 millones a 5 millones,Antioquia,Tener RNA,Profesor o docente,Obras civiles y construccion,Muy estables,No realizo trabajo de campo,Ninguna,"Excel, Word, QGis, Google Maps, Redes sociales: WhatsApp, Telegram, etc, Inteligencia Artificial",Poca oferta de empleos,NA,No tengo posgrado,Aproximadamente lo que debería ganar,Más regulación del sector,3,NA,No tengo posgrado,3,98,Departamento
6/8/2026 17:37:18,"Si, es mi profesión principal",Hombre,41 años - 45 años,"Arqueología preventiva o de rescate: obras civiles, construcciones, licencias ambientales, etc",Empleado directo de tiempo completo,11 y 15 años,Pregrado,7 millones a 8 millones,Caldas,Años de experiencia,Arqueologo,Sector energetico,Muy estables,De 1 a 5 días,Ninguna,"Excel, Word, Google Sheets, Python, SPSS, QGis, Software de creación 3D: Blender, Agisfot Metashape, SketchUp, etc, ArcGis, Google Maps, Fotogrametría, Software de dibujo técnico y edicion fotografica: Illustrator, Corel, Krita, etc, Inteligencia Artificial",Otro,NA,No tengo posgrado,Aproximadamente lo que debería ganar,Mejor reconocimiento profesional,5,NA,No tengo posgrado,5,99,Departamento
6/8/2026 18:48:51,"Si, es mi profesión principal",Hombre,26 años - 30 años,"Arqueología preventiva o de rescate: obras civiles, construcciones, licencias ambientales, etc",Empleado directo de tiempo completo,4 a 6 años,Maestría,7 millones a 8 millones,Santander,Formacion academica,Arqueologo,Sector energetico,Muy estables,De 1 a 5 días,Ninguna,"Excel, Word, QGis, Google Maps, Fotogrametría, Citacion bibliográfica: Mendeley, Zotero, EndNote, etc, Redes sociales: WhatsApp, Telegram, etc, Inteligencia Artificial",Falta de estabilidad laboral,NA,Antropología y Arqueología,Algo menor de lo que debería ganar,Mejores salarios,5,NA,Antropología en general o arqueología,5,100,Departamento
6/8/2026 18:48:51,"Si, es mi profesión principal",Hombre,26 años - 30 años,"Arqueología preventiva o de rescate: obras civiles, construcciones, licencias ambientales, etc",Empleado directo de tiempo completo,4 a 6 años,Maestría,7 millones a 8 millones,Antioquia,Formacion academica,Arqueologo,Sector energetico,Muy estables,De 1 a 5 días,Ninguna,"Excel, Word, QGis, Google Maps, Fotogrametría, Citacion bibliográfica: Mendeley, Zotero, EndNote, etc, Redes sociales: WhatsApp, Telegram, etc, Inteligencia Artificial",Falta de estabilidad laboral,NA,Antropología y Arqueología,Algo menor de lo que debería ganar,Mejores salarios,5,NA,Antropología en general o arqueología,5,100,Departamento
6/8/2026 18:50:53,"Si, es mi profesión principal",Hombre,31 años - 35 años,"Arqueología preventiva o de rescate: obras civiles, construcciones, licencias ambientales, etc",Empleado directo de tiempo completo,7 a 10 años,Pregrado,De 5 millones a 6 millones,Bogota D.C.,Formacion academica,Arqueologo,Obras civiles y construccion,Muy estables,De 1 a 5 días,Ninguna,"Excel, Word, Google Sheets, QGis, Software de creación 3D: Blender, Agisfot Metashape, SketchUp, etc, Software de dibujo técnico y edicion fotografica: Illustrator, Corel, Krita, etc, Redes sociales: WhatsApp, Telegram, etc",Falta de reconocimiento profesional,NA,"Patrimonio, Museología y Arquitectura",Aproximadamente lo que debería ganar,Mejor reconocimiento profesional,4,NA,Gestión del patrimonio cultural. Curaduría y restauración. Arquitectura. Estudios urbanisticos. Museología. Artes,4,101,Departamento
6/8/2026 18:50:53,"Si, es mi profesión principal",Hombre,31 años - 35 años,"Arqueología preventiva o de rescate: obras civiles, construcciones, licencias ambientales, etc",Empleado directo de tiempo completo,7 a 10 años,Pregrado,De 5 millones a 6 millones,Bolivar,Formacion academica,Arqueologo,Obras civiles y construccion,Muy estables,De 1 a 5 días,Ninguna,"Excel, Word, Google Sheets, QGis, Software de creación 3D: Blender, Agisfot Metashape, SketchUp, etc, Software de dibujo técnico y edicion fotografica: Illustrator, Corel, Krita, etc, Redes sociales: WhatsApp, Telegram, etc",Falta de reconocimiento profesional,NA,"Patrimonio, Museología y Arquitectura",Aproximadamente lo que debería ganar,Mejor reconocimiento profesional,4,NA,Gestión del patrimonio cultural. Curaduría y restauración. Arquitectura. Estudios urbanisticos. Museología. Artes,4,101,Departamento
6/8/2026 19:52:34,"Si, es mi profesión principal",Mujer,20 años - 25 años,"Arqueología preventiva o de rescate: obras civiles, construcciones, licencias ambientales, etc",Empleado directo de tiempo completo,Menos de 1 año,Pregrado,De 2.5 millones a 3 millones,Antioquia,Manejo de SIG,Auxiliar de arqueologia,Obras civiles y construccion,Muy estables,Más de 15 días,Ninguna,"Excel, Word, QGis, AutoCAD",Bajos salarios,NA,No tengo posgrado,Aproximadamente lo que debería ganar,Más oportunidades de empleo,5,NA,No tengo posgrado,5,102,Departamento
6/9/2026 15:44:30,"No actualmente, pero lo he hecho antes",Mujer,36 años - 40 años,"Arqueología preventiva o de rescate: obras civiles, construcciones, licencias ambientales, etc",Emprendimientos propios - empresa propia,4 a 6 años,Pregrado,Nunca he ganado nada,Antioquia,Red de contactos,Empresario o emprendedor,Empresario o emprendedor,Ninguno,No realizo trabajo de campo,Ninguna,"Excel, Word, Google Sheets, QGis, ArcGis, Google Maps, Redes sociales: WhatsApp, Telegram, etc, Inteligencia Artificial",Desconexion entre formacion y oportunidades,NA,No tengo posgrado,Mucho menor a la que debería ganar,Más regulación del sector,5,NA,No tengo posgrado,5,103,Departamento
6/9/2026 19:26:29,"Si, es mi profesión principal",Hombre,26 años - 30 años,"Arqueología preventiva o de rescate: obras civiles, construcciones, licencias ambientales, etc",Empleado directo de tiempo parcial,4 a 6 años,Pregrado,De 4 millones a 5 millones,Bogota D.C.,Años de experiencia,Arqueologo,Obras civiles y construccion,Variables. Dependen de contratos,11 a 15 días,Ninguna,"Excel, Word, QGis, AutoCAD, Google Maps, Fotogrametría, Redes sociales: WhatsApp, Telegram, etc, Inteligencia Artificial",Falta de claridad en tarifas,NA,Ciencias de la salud,Mucho menor a la que debería ganar,Más regulación del sector,5,"Considero necesario plantear el impacto que tienen las obras civiles pequeñas que no cuentan con programa de arqueología y que se desarrollan en zonas con potencial arqueológico medio/alto. La normativa debería aplicar a TODA obra de infraestructura, pues es muy probable que se esté afectando el patrimonio por ese tipo de vacíos legales",Zooarqueología. Biología. Bioarqueología. Osteología. Medicina. Nutrición. Paleoantropologia. Biología molecular.,5,104,Departamento
6/10/2026 10:17:02,"Si, es mi profesión principal",Mujer,26 años - 30 años,"Arqueología preventiva o de rescate: obras civiles, construcciones, licencias ambientales, etc",Empleado directo de tiempo completo,Entre 1 a 3 años,Pregrado,De 3 millones a 4 millones,Bogota D.C.,Años de experiencia,Auxiliar de arqueologia,Obras civiles y construccion,Muy estables,De 1 a 5 días,Ninguna,"Excel, Word, QGis, Citacion bibliográfica: Mendeley, Zotero, EndNote, etc",Falta de estabilidad laboral,No tengo posgrado,No tengo posgrado,Mucho menor a la que debería ganar,Mayor estabilidad laboral,2,NA,No tengo posgrado,2,105,Departamento
6/10/2026 11:09:39,"Si, es mi profesión principal",Hombre,36 años - 40 años,"Arqueología preventiva o de rescate: obras civiles, construcciones, licencias ambientales, etc",Empleado directo de tiempo completo,7 a 10 años,Pregrado,De 3 millones a 4 millones,Magdalena,Años de experiencia,Auxiliar de arqueologia,Obras civiles y construccion,Muy estables,De 6 a 10 días,Ninguna,"Excel, Word",Falta de estabilidad laboral,NA,No tengo posgrado,Aproximadamente lo que debería ganar,Mayor estabilidad laboral,4,NA,No tengo posgrado,4,106,Departamento
6/10/2026 12:00:11,"No actualmente, pero lo he hecho antes",Hombre,26 años - 30 años,Ambas por igual,"Empleado directo de tiempo completo, Contratista - prestación de servicios",4 a 6 años,Especializacion,De 5 millones a 6 millones,Bogota D.C.,Años de experiencia,Arqueologo,Obras civiles y construccion,Variables. Dependen de contratos,Más de 15 días,De 4 a 10 personas,"Excel, Word, Software de creación 3D: Blender, Agisfot Metashape, SketchUp, etc, ArcGis, Google Maps, Software de dibujo técnico y edicion fotografica: Illustrator, Corel, Krita, etc",Falta de estabilidad laboral,NA,Antropología y Arqueología,Algo menor de lo que debería ganar,Mayor estabilidad laboral,4,NA,Antropología en general o arqueología,4,107,Departamento
6/10/2026 12:00:11,"No actualmente, pero lo he hecho antes",Hombre,26 años - 30 años,Ambas por igual,"Empleado directo de tiempo completo, Contratista - prestación de servicios",4 a 6 años,Especializacion,De 5 millones a 6 millones,Atlantico,Años de experiencia,Arqueologo,Obras civiles y construccion,Variables. Dependen de contratos,Más de 15 días,De 4 a 10 personas,"Excel, Word, Software de creación 3D: Blender, Agisfot Metashape, SketchUp, etc, ArcGis, Google Maps, Software de dibujo técnico y edicion fotografica: Illustrator, Corel, Krita, etc",Falta de estabilidad laboral,NA,Antropología y Arqueología,Algo menor de lo que debería ganar,Mayor estabilidad laboral,4,NA,Antropología en general o arqueología,4,107,Departamento
6/10/2026 12:00:11,"No actualmente, pero lo he hecho antes",Hombre,26 años - 30 años,Ambas por igual,"Empleado directo de tiempo completo, Contratista - prestación de servicios",4 a 6 años,Especializacion,De 5 millones a 6 millones,Bolivar,Años de experiencia,Arqueologo,Obras civiles y construccion,Variables. Dependen de contratos,Más de 15 días,De 4 a 10 personas,"Excel, Word, Software de creación 3D: Blender, Agisfot Metashape, SketchUp, etc, ArcGis, Google Maps, Software de dibujo técnico y edicion fotografica: Illustrator, Corel, Krita, etc",Falta de estabilidad laboral,NA,Antropología y Arqueología,Algo menor de lo que debería ganar,Mayor estabilidad laboral,4,NA,Antropología en general o arqueología,4,107,Departamento
6/10/2026 12:00:11,"No actualmente, pero lo he hecho antes",Hombre,26 años - 30 años,Ambas por igual,"Empleado directo de tiempo completo, Contratista - prestación de servicios",4 a 6 años,Especializacion,De 5 millones a 6 millones,Boyaca,Años de experiencia,Arqueologo,Obras civiles y construccion,Variables. Dependen de contratos,Más de 15 días,De 4 a 10 personas,"Excel, Word, Software de creación 3D: Blender, Agisfot Metashape, SketchUp, etc, ArcGis, Google Maps, Software de dibujo técnico y edicion fotografica: Illustrator, Corel, Krita, etc",Falta de estabilidad laboral,NA,Antropología y Arqueología,Algo menor de lo que debería ganar,Mayor estabilidad laboral,4,NA,Antropología en general o arqueología,4,107,Departamento
6/10/2026 12:00:11,"No actualmente, pero lo he hecho antes",Hombre,26 años - 30 años,Ambas por igual,"Empleado directo de tiempo completo, Contratista - prestación de servicios",4 a 6 años,Especializacion,De 5 millones a 6 millones,Cesar,Años de experiencia,Arqueologo,Obras civiles y construccion,Variables. Dependen de contratos,Más de 15 días,De 4 a 10 personas,"Excel, Word, Software de creación 3D: Blender, Agisfot Metashape, SketchUp, etc, ArcGis, Google Maps, Software de dibujo técnico y edicion fotografica: Illustrator, Corel, Krita, etc",Falta de estabilidad laboral,NA,Antropología y Arqueología,Algo menor de lo que debería ganar,Mayor estabilidad laboral,4,NA,Antropología en general o arqueología,4,107,Departamento
6/10/2026 12:12:39,"Si, es mi profesión principal",Genero no binario,26 años - 30 años,"Arqueología preventiva o de rescate: obras civiles, construcciones, licencias ambientales, etc","Empleado directo de tiempo completo, Contratista - prestación de servicios, Consultoria",Entre 1 a 3 años,Pregrado,De 3 millones a 4 millones,Bogota D.C.,Años de experiencia,Auxiliar de arqueologia,Obras civiles y construccion,Variables. Dependen de contratos,Más de 15 días,De 1 a 3 personas,"Google Sheets, QGis, Fotogrametría",Bajos salarios,NA,"Patrimonio, Museología y Arquitectura",Algo menor de lo que debería ganar,Mejores salarios,3,NA,Gestión del patrimonio cultural. Curaduría y restauración. Arquitectura. Estudios urbanisticos. Museología. Artes,3,108,Departamento
6/10/2026 12:12:39,"Si, es mi profesión principal",Genero no binario,26 años - 30 años,"Arqueología preventiva o de rescate: obras civiles, construcciones, licencias ambientales, etc","Empleado directo de tiempo completo, Contratista - prestación de servicios, Consultoria",Entre 1 a 3 años,Pregrado,De 3 millones a 4 millones,Atlantico,Años de experiencia,Auxiliar de arqueologia,Obras civiles y construccion,Variables. Dependen de contratos,Más de 15 días,De 1 a 3 personas,"Google Sheets, QGis, Fotogrametría",Bajos salarios,NA,"Patrimonio, Museología y Arquitectura",Algo menor de lo que debería ganar,Mejores salarios,3,NA,Gestión del patrimonio cultural. Curaduría y restauración. Arquitectura. Estudios urbanisticos. Museología. Artes,3,108,Departamento
6/10/2026 14:53:24,"Si, ocasionalmente",Mujer,31 años - 35 años,"Arqueología preventiva o de rescate: obras civiles, construcciones, licencias ambientales, etc",Contratista - prestación de servicios,4 a 6 años,Estudiante de pregrado,De 2.5 millones a 3 millones,Amazonas,Años de experiencia,Arqueologo,Sector energetico,Ocasionales o esporadicos,Más de 15 días,Ninguna,"Excel, Word, Redes sociales: WhatsApp, Telegram, etc",Bajos salarios,NA,No tengo posgrado,Mucho menor a la que debería ganar,Mejores salarios,2,"Considero que los cargos de arqueología no deberían ser contratados por terceros, los dineros del profesionales se los están quedan los intermediarios.",No tengo posgrado,2,109,Departamento
6/10/2026 14:53:24,"Si, ocasionalmente",Mujer,31 años - 35 años,"Arqueología preventiva o de rescate: obras civiles, construcciones, licencias ambientales, etc",Contratista - prestación de servicios,4 a 6 años,Estudiante de pregrado,De 2.5 millones a 3 millones,Tolima,Años de experiencia,Arqueologo,Sector energetico,Ocasionales o esporadicos,Más de 15 días,Ninguna,"Excel, Word, Redes sociales: WhatsApp, Telegram, etc",Bajos salarios,NA,No tengo posgrado,Mucho menor a la que debería ganar,Mejores salarios,2,"Considero que los cargos de arqueología no deberían ser contratados por terceros, los dineros del profesionales se los están quedan los intermediarios.",No tengo posgrado,2,109,Departamento
6/10/2026 16:29:29,"Si, es mi profesión principal",Hombre,20 años - 25 años,"Arqueología preventiva o de rescate: obras civiles, construcciones, licencias ambientales, etc",Empleado directo de tiempo completo,Menos de 1 año,Pregrado,Menos de 2 millones de pesos,Bogota D.C.,Tener RNA,Arqueologo,Empresario o emprendedor,Variables. Dependen de contratos,No realizo trabajo de campo,Ninguna,"Excel, Word, QGis, ArcGis, Google Maps, Fotogrametría, Software de dibujo técnico y edicion fotografica: Illustrator, Corel, Krita, etc, Citacion bibliográfica: Mendeley, Zotero, EndNote, etc, Redes sociales: WhatsApp, Telegram, etc, Inteligencia Artificial",Bajos salarios,NA,No tengo posgrado,Mucho menor a la que debería ganar,Mayor estabilidad laboral,4,NA,No tengo posgrado,4,110,Departamento
6/10/2026 16:43:24,"Si, es mi profesión principal",Hombre,36 años - 40 años,Ambas por igual,"Empleado directo de tiempo completo, Contratista - prestación de servicios, Consultoria, Investigación en laboratorio",11 y 15 años,Maestría,6 millones a 7 millones,Atlantico,Especializacion tecnica,Arqueologo,Consultoria ambiental o estudios de impacto,Muy estables,11 a 15 días,De 4 a 10 personas,"Excel, Word, QGis, Google Maps",Bajos salarios,NA,Otro,Algo menor de lo que debería ganar,Mejores salarios,5,NA,Otro,5,111,Departamento
6/10/2026 16:43:24,"Si, es mi profesión principal",Hombre,36 años - 40 años,Ambas por igual,"Empleado directo de tiempo completo, Contratista - prestación de servicios, Consultoria, Investigación en laboratorio",11 y 15 años,Maestría,6 millones a 7 millones,Antioquia,Especializacion tecnica,Arqueologo,Consultoria ambiental o estudios de impacto,Muy estables,11 a 15 días,De 4 a 10 personas,"Excel, Word, QGis, Google Maps",Bajos salarios,NA,Otro,Algo menor de lo que debería ganar,Mejores salarios,5,NA,Otro,5,111,Departamento
6/10/2026 20:37:22,"Si, es mi profesión principal",Mujer,20 años - 25 años,"Arqueología académica o básica: docencia, investigación, editoriales, museos, semilleros, proyectos academicos, universidades",Nunca he ganado ingresos,No tengo experiencia,Estudiante de pregrado,Nunca he ganado nada,Bogota D.C.,Años de experiencia,Semillerista o estudiante,Voluntariado,Ninguno,No realizo trabajo de campo,Ninguna,"Excel, Word, QGis, Google Maps, Citacion bibliográfica: Mendeley, Zotero, EndNote, etc, Redes sociales: WhatsApp, Telegram, etc",Diferencias entre sectores,NA,No tengo posgrado,No sé cuánto debería ganar realmente,Más regulación del sector,3,NA,No tengo posgrado,3,112,Departamento
6/10/2026 22:59:47,"Si, es mi profesión principal",Mujer,41 años - 45 años,"Arqueología preventiva o de rescate: obras civiles, construcciones, licencias ambientales, etc",Trabajador independiente,11 y 15 años,Pregrado,De 5 millones a 6 millones,Bogota D.C.,Años de experiencia,Arqueologo,Obras civiles y construccion,Variables. Dependen de contratos,Más de 15 días,Más de 10 personas,"Excel, Word, Google Sheets, QGis, ArcGis, AutoCAD, Google Maps, Redes sociales: WhatsApp, Telegram, etc",Falta de estabilidad laboral,NA,No tengo posgrado,Algo menor de lo que debería ganar,Mayor estabilidad laboral,3,"El tema de la salud de los arqueólogos y arqueólogos debería ser un punto importante en las contrataciones, ya que muchas veces las condiciones laborales aumentan el riesgo de enfermedades laborales que muy pocas veces sin tenidas en cuenta, durante y después de las actividades, especialmente las realizadas en campo, donde las jornadas a veces son muy exigentes.",No tengo posgrado,3,113,Departamento
6/10/2026 22:59:47,"Si, es mi profesión principal",Mujer,41 años - 45 años,"Arqueología preventiva o de rescate: obras civiles, construcciones, licencias ambientales, etc",Trabajador independiente,11 y 15 años,Pregrado,De 5 millones a 6 millones,Caldas,Años de experiencia,Arqueologo,Obras civiles y construccion,Variables. Dependen de contratos,Más de 15 días,Más de 10 personas,"Excel, Word, Google Sheets, QGis, ArcGis, AutoCAD, Google Maps, Redes sociales: WhatsApp, Telegram, etc",Falta de estabilidad laboral,NA,No tengo posgrado,Algo menor de lo que debería ganar,Mayor estabilidad laboral,3,"El tema de la salud de los arqueólogos y arqueólogos debería ser un punto importante en las contrataciones, ya que muchas veces las condiciones laborales aumentan el riesgo de enfermedades laborales que muy pocas veces sin tenidas en cuenta, durante y después de las actividades, especialmente las realizadas en campo, donde las jornadas a veces son muy exigentes.",No tengo posgrado,3,113,Departamento
6/11/2026 7:12:52,"Si, es mi profesión principal",Hombre,31 años - 35 años,"Arqueología preventiva o de rescate: obras civiles, construcciones, licencias ambientales, etc","Empleado directo de tiempo completo, Contratista - prestación de servicios, Arqueología digital: modelos 3D, reconstrucción histórica, videojuegos, etc",7 a 10 años,Pregrado,De 4 millones a 5 millones,Cundinamarca,Tener RNA,Arqueologo,Obras civiles y construccion,Variables. Dependen de contratos,De 1 a 5 días,De 1 a 3 personas,"Excel, Word, QGis, Fotogrametría, Software de dibujo técnico y edicion fotografica: Illustrator, Corel, Krita, etc, Redes sociales: WhatsApp, Telegram, etc",Falta de claridad en tarifas,NA,Antropología y Arqueología,Algo menor de lo que debería ganar,Mayor estabilidad laboral,4,NA,Antropología en general o arqueología,4,114,Departamento
6/11/2026 8:36:55,"Si, ocasionalmente",Mujer,41 años - 45 años,Ambas por igual,"Contratista - prestación de servicios, Trabajador independiente, Turismo, Museos y conservación. Gestor cultural",7 a 10 años,Estudiante de pregrado,De 2 millones a 2.5 millones,Antioquia,Tener RNA,Auxiliar de arqueologia,Patrimonio cultural,Variables. Dependen de contratos,11 a 15 días,Ninguna,"Excel, Word, QGis, ArcGis, Software de dibujo técnico y edicion fotografica: Illustrator, Corel, Krita, etc",Falta de estabilidad laboral,NA,No tengo posgrado,Aproximadamente lo que debería ganar,Mejor reconocimiento profesional,5,NA,No tengo posgrado,5,115,Departamento
6/11/2026 8:36:55,"Si, ocasionalmente",Mujer,41 años - 45 años,Ambas por igual,"Contratista - prestación de servicios, Trabajador independiente, Turismo, Museos y conservación. Gestor cultural",7 a 10 años,Estudiante de pregrado,De 2 millones a 2.5 millones,Sucre,Tener RNA,Auxiliar de arqueologia,Patrimonio cultural,Variables. Dependen de contratos,11 a 15 días,Ninguna,"Excel, Word, QGis, ArcGis, Software de dibujo técnico y edicion fotografica: Illustrator, Corel, Krita, etc",Falta de estabilidad laboral,NA,No tengo posgrado,Aproximadamente lo que debería ganar,Mejor reconocimiento profesional,5,NA,No tengo posgrado,5,115,Departamento
6/11/2026 8:36:55,"Si, ocasionalmente",Mujer,41 años - 45 años,Ambas por igual,"Contratista - prestación de servicios, Trabajador independiente, Turismo, Museos y conservación. Gestor cultural",7 a 10 años,Estudiante de pregrado,De 2 millones a 2.5 millones,Tolima,Tener RNA,Auxiliar de arqueologia,Patrimonio cultural,Variables. Dependen de contratos,11 a 15 días,Ninguna,"Excel, Word, QGis, ArcGis, Software de dibujo técnico y edicion fotografica: Illustrator, Corel, Krita, etc",Falta de estabilidad laboral,NA,No tengo posgrado,Aproximadamente lo que debería ganar,Mejor reconocimiento profesional,5,NA,No tengo posgrado,5,115,Departamento
6/11/2026 8:36:55,"Si, ocasionalmente",Mujer,41 años - 45 años,Ambas por igual,"Contratista - prestación de servicios, Trabajador independiente, Turismo, Museos y conservación. Gestor cultural",7 a 10 años,Estudiante de pregrado,De 2 millones a 2.5 millones,Valle del Cauca,Tener RNA,Auxiliar de arqueologia,Patrimonio cultural,Variables. Dependen de contratos,11 a 15 días,Ninguna,"Excel, Word, QGis, ArcGis, Software de dibujo técnico y edicion fotografica: Illustrator, Corel, Krita, etc",Falta de estabilidad laboral,NA,No tengo posgrado,Aproximadamente lo que debería ganar,Mejor reconocimiento profesional,5,NA,No tengo posgrado,5,115,Departamento
6/11/2026 10:25:18,"Si, es mi profesión principal",Hombre,31 años - 35 años,"Arqueología preventiva o de rescate: obras civiles, construcciones, licencias ambientales, etc","Empleado directo de tiempo completo, Consultoria, Divulgacion cientifica",7 a 10 años,Pregrado,De 4 millones a 5 millones,Bogota D.C.,Tener RNA,Arqueologo,Obras civiles y construccion,Muy estables,Más de 15 días,De 1 a 3 personas,"Excel, Word, QGis, Software de dibujo técnico y edicion fotografica: Illustrator, Corel, Krita, etc",Falta de estabilidad laboral,NA,"Patrimonio, Museología y Arquitectura",Algo menor de lo que debería ganar,Mayor estabilidad laboral,4,NA,Gestión del patrimonio cultural. Curaduría y restauración. Arquitectura. Estudios urbanisticos. Museología. Artes,4,116,Departamento
6/11/2026 10:25:18,"Si, es mi profesión principal",Hombre,31 años - 35 años,"Arqueología preventiva o de rescate: obras civiles, construcciones, licencias ambientales, etc","Empleado directo de tiempo completo, Consultoria, Divulgacion cientifica",7 a 10 años,Pregrado,De 4 millones a 5 millones,Sucre,Tener RNA,Arqueologo,Obras civiles y construccion,Muy estables,Más de 15 días,De 1 a 3 personas,"Excel, Word, QGis, Software de dibujo técnico y edicion fotografica: Illustrator, Corel, Krita, etc",Falta de estabilidad laboral,NA,"Patrimonio, Museología y Arquitectura",Algo menor de lo que debería ganar,Mayor estabilidad laboral,4,NA,Gestión del patrimonio cultural. Curaduría y restauración. Arquitectura. Estudios urbanisticos. Museología. Artes,4,116,Departamento
6/11/2026 18:07:53,"Si, ocasionalmente",Mujer,26 años - 30 años,"Arqueología preventiva o de rescate: obras civiles, construcciones, licencias ambientales, etc",Empleado directo de tiempo completo,Entre 1 a 3 años,Estudiante de pregrado,De 2.5 millones a 3 millones,Cordoba,Especializacion tecnica,Auxiliar de arqueologia,Obras civiles y construccion,Variables. Dependen de contratos,Más de 15 días,De 1 a 3 personas,"Word, QGis, Google Maps, Redes sociales: WhatsApp, Telegram, etc, Inteligencia Artificial",Poca oferta de empleos,NA,No tengo posgrado,Mucho menor a la que debería ganar,Más oportunidades de empleo,3,NA,No tengo posgrado,3,117,Departamento
6/11/2026 18:07:53,"Si, ocasionalmente",Mujer,26 años - 30 años,"Arqueología preventiva o de rescate: obras civiles, construcciones, licencias ambientales, etc",Empleado directo de tiempo completo,Entre 1 a 3 años,Estudiante de pregrado,De 2.5 millones a 3 millones,Tolima,Especializacion tecnica,Auxiliar de arqueologia,Obras civiles y construccion,Variables. Dependen de contratos,Más de 15 días,De 1 a 3 personas,"Word, QGis, Google Maps, Redes sociales: WhatsApp, Telegram, etc, Inteligencia Artificial",Poca oferta de empleos,NA,No tengo posgrado,Mucho menor a la que debería ganar,Más oportunidades de empleo,3,NA,No tengo posgrado,3,117,Departamento
6/11/2026 18:07:54,"Si, es mi profesión principal",Hombre,31 años - 35 años,"Arqueología preventiva o de rescate: obras civiles, construcciones, licencias ambientales, etc",Empleado directo de tiempo completo,4 a 6 años,Pregrado,De 4 millones a 5 millones,Tolima,Red de contactos,Arqueologo,Obras civiles y construccion,Variables. Dependen de contratos,Más de 15 días,De 1 a 3 personas,"Excel, Word, QGis, Software de creación 3D: Blender, Agisfot Metashape, SketchUp, etc, AutoCAD, Fotogrametría, Redes sociales: WhatsApp, Telegram, etc, Inteligencia Artificial",Poca oferta de empleos,NA,"Patrimonio, Museología y Arquitectura",Mucho menor a la que debería ganar,Más oportunidades de empleo,3,NA,Gestión del patrimonio cultural. Curaduría y restauración. Arquitectura. Estudios urbanisticos. Museología. Artes,3,118,Departamento
6/12/2026 8:22:48,"Si, es mi profesión principal",Mujer,26 años - 30 años,"Arqueología preventiva o de rescate: obras civiles, construcciones, licencias ambientales, etc","Empleado directo de tiempo completo, Contratista - prestación de servicios",Menos de 1 año,Pregrado,De 3 millones a 4 millones,Tolima,Red de contactos,Auxiliar de arqueologia,Obras civiles y construccion,Variables. Dependen de contratos,Más de 15 días,Ninguna,"Excel, Word, QGis, ArcGis, Google Maps, Redes sociales: WhatsApp, Telegram, etc, Inteligencia Artificial",Falta de estabilidad laboral,NA,"Patrimonio, Museología y Arquitectura",Algo menor de lo que debería ganar,Mayor estabilidad laboral,4,NA,Gestión del patrimonio cultural. Curaduría y restauración. Arquitectura. Estudios urbanisticos. Museología. Artes,4,119,Departamento
6/12/2026 8:22:48,"Si, es mi profesión principal",Mujer,26 años - 30 años,"Arqueología preventiva o de rescate: obras civiles, construcciones, licencias ambientales, etc","Empleado directo de tiempo completo, Contratista - prestación de servicios",Menos de 1 año,Pregrado,De 3 millones a 4 millones,Valle del Cauca,Red de contactos,Auxiliar de arqueologia,Obras civiles y construccion,Variables. Dependen de contratos,Más de 15 días,Ninguna,"Excel, Word, QGis, ArcGis, Google Maps, Redes sociales: WhatsApp, Telegram, etc, Inteligencia Artificial",Falta de estabilidad laboral,NA,"Patrimonio, Museología y Arquitectura",Algo menor de lo que debería ganar,Mayor estabilidad laboral,4,NA,Gestión del patrimonio cultural. Curaduría y restauración. Arquitectura. Estudios urbanisticos. Museología. Artes,4,119,Departamento
6/12/2026 10:06:05,"Si, es mi profesión principal",Hombre,41 años - 45 años,"Arqueología preventiva o de rescate: obras civiles, construcciones, licencias ambientales, etc","Contratista - prestación de servicios, Docencia e investigación universitaria",11 y 15 años,Maestría,De 3 millones a 4 millones,Bogota D.C.,Red de contactos,Profesor o docente,Universidad,Variables. Dependen de contratos,No realizo trabajo de campo,De 1 a 3 personas,"Excel, Word, QGis, Google Maps, Software de dibujo técnico y edicion fotografica: Illustrator, Corel, Krita, etc, Citacion bibliográfica: Mendeley, Zotero, EndNote, etc",Bajos salarios,NA,Antropología y Arqueología,Mucho menor a la que debería ganar,Mejores salarios,3,"Es urgente consolidar un colegio de arqueólogos que permita generar tarifas dignas de salarios dependiendo nuestro perfil profesional, años de experiencia y rol dentro de los proyectos.",Antropología en general o arqueología,3,120,Departamento
6/12/2026 10:06:05,"Si, es mi profesión principal",Hombre,41 años - 45 años,"Arqueología preventiva o de rescate: obras civiles, construcciones, licencias ambientales, etc","Contratista - prestación de servicios, Docencia e investigación universitaria",11 y 15 años,Maestría,De 3 millones a 4 millones,Santander,Red de contactos,Profesor o docente,Universidad,Variables. Dependen de contratos,No realizo trabajo de campo,De 1 a 3 personas,"Excel, Word, QGis, Google Maps, Software de dibujo técnico y edicion fotografica: Illustrator, Corel, Krita, etc, Citacion bibliográfica: Mendeley, Zotero, EndNote, etc",Bajos salarios,NA,Antropología y Arqueología,Mucho menor a la que debería ganar,Mejores salarios,3,"Es urgente consolidar un colegio de arqueólogos que permita generar tarifas dignas de salarios dependiendo nuestro perfil profesional, años de experiencia y rol dentro de los proyectos.",Antropología en general o arqueología,3,120,Departamento
6/12/2026 15:37:35,No,Mujer,20 años - 25 años,"Arqueología académica o básica: docencia, investigación, editoriales, museos, semilleros, proyectos academicos, universidades",Nunca he ganado ingresos,Entre 1 a 3 años,Estudiante de pregrado,Menos de 2 millones de pesos,Bogota D.C.,Manejo de SIG,Semillerista o estudiante,Universidad,Ninguno,No realizo trabajo de campo,Ninguna,"Excel, QGis",Falta de estabilidad laboral,NA,No tengo posgrado,No sé cuánto debería ganar realmente,Más oportunidades de empleo,3,NA,No tengo posgrado,3,121,Departamento
6/16/2026 2:01:24,"Si, es mi profesión principal",Hombre,31 años - 35 años,"Arqueología preventiva o de rescate: obras civiles, construcciones, licencias ambientales, etc","Empleado directo de tiempo completo, Contratista - prestación de servicios, Trabajador independiente, Consultoria",4 a 6 años,Pregrado,De 4 millones a 5 millones,Bogota D.C.,Habilidades tecnologicas,Arqueologo,Obras civiles y construccion,Muy estables,De 1 a 5 días,De 4 a 10 personas,"Excel, Word, QGis, Software de creación 3D: Blender, Agisfot Metashape, SketchUp, etc, Fotogrametría, SQL, Inteligencia Artificial",Falta de reconocimiento profesional,No tengo posgrado,Antropología y Arqueología,Algo menor de lo que debería ganar,Mayor estabilidad laboral,2,"Ser arqueologxs esta dificil. Si no se actualizan a algo que aporte en términos tecnocratas, paila. La disciplina esta cambiando por las logicas del mercado actual. Ya no hacemos arqueologia, en realidad.",Antropología en general o arqueología,2,122,Departamento
6/16/2026 19:48:49,"Si, es mi profesión principal",Mujer,26 años - 30 años,"Arqueología preventiva o de rescate: obras civiles, construcciones, licencias ambientales, etc",Contratista - prestación de servicios,Entre 1 a 3 años,Pregrado,De 3 millones a 4 millones,Cauca,Tener RNA,Arqueologo,Obras civiles y construccion,Muy estables,Más de 15 días,De 4 a 10 personas,"Excel, Word, QGis, Google Maps, Citacion bibliográfica: Mendeley, Zotero, EndNote, etc, Redes sociales: WhatsApp, Telegram, etc",Falta de reconocimiento profesional,NA,No tengo posgrado,Algo menor de lo que debería ganar,Más regulación del sector,5,"La arqueología es vista desde los sectores privados como empresas de infraestructura como algo innecesario, por ende, los salarios, la calidad laboral y la experiencia dentro del entorno se hace precaria.",No tengo posgrado,5,123,Departamento
6/16/2026 19:50:55,"Si, es mi profesión principal",Hombre,31 años - 35 años,Ambas por igual,"Contratista - prestación de servicios, Trabajador independiente, Emprendimientos propios - empresa propia",7 a 10 años,Maestría,6 millones a 7 millones,Magdalena,Formacion academica,Coordinador de proyectos,Universidad,Variables. Dependen de contratos,De 6 a 10 días,De 4 a 10 personas,"Excel, Word, QGis, ArcGis, AutoCAD, Google Maps, Fotogrametría, Software de dibujo técnico y edicion fotografica: Illustrator, Corel, Krita, etc, Citacion bibliográfica: Mendeley, Zotero, EndNote, etc, Redes sociales: WhatsApp, Telegram, etc, Inteligencia Artificial",Falta de estabilidad laboral,NA,Administración y Economía,Algo menor de lo que debería ganar,Mayor estabilidad laboral,4,"Soy campesino, la educación me abrió muchas puertas, no obstante, la oferta laboral es poca y por lo tanto competitiva, el problema radica en que muchas antropólogos trabajan en arqueología por el dinero y no por convicción y eso afecta mucho a la arqueología colombiana, son personas que les falta preparación, y se quejan. Ese no quiere decir que todos los antropólogos sean mediocres, muchos estudian con autonomía y saben muchísimo sin haber visto tantas materias relacionadas a arqueología. Cómo en todas las carreras hay personas que sobresalen y otras que no. En muchas empresas los sueldos son bajos, especialmente en Bogotá por eso decidí viajar a donde hay oportunidades y es difícil estar lejos de la familia.",Administración. Economia. Gerencia de proyectos.,4,124,Departamento
6/16/2026 19:50:55,"Si, es mi profesión principal",Hombre,31 años - 35 años,Ambas por igual,"Contratista - prestación de servicios, Trabajador independiente, Emprendimientos propios - empresa propia",7 a 10 años,Maestría,6 millones a 7 millones,Narino,Formacion academica,Coordinador de proyectos,Universidad,Variables. Dependen de contratos,De 6 a 10 días,De 4 a 10 personas,"Excel, Word, QGis, ArcGis, AutoCAD, Google Maps, Fotogrametría, Software de dibujo técnico y edicion fotografica: Illustrator, Corel, Krita, etc, Citacion bibliográfica: Mendeley, Zotero, EndNote, etc, Redes sociales: WhatsApp, Telegram, etc, Inteligencia Artificial",Falta de estabilidad laboral,NA,Administración y Economía,Algo menor de lo que debería ganar,Mayor estabilidad laboral,4,"Soy campesino, la educación me abrió muchas puertas, no obstante, la oferta laboral es poca y por lo tanto competitiva, el problema radica en que muchas antropólogos trabajan en arqueología por el dinero y no por convicción y eso afecta mucho a la arqueología colombiana, son personas que les falta preparación, y se quejan. Ese no quiere decir que todos los antropólogos sean mediocres, muchos estudian con autonomía y saben muchísimo sin haber visto tantas materias relacionadas a arqueología. Cómo en todas las carreras hay personas que sobresalen y otras que no. En muchas empresas los sueldos son bajos, especialmente en Bogotá por eso decidí viajar a donde hay oportunidades y es difícil estar lejos de la familia.",Administración. Economia. Gerencia de proyectos.,4,124,Departamento
6/16/2026 19:59:28,"Si, es mi profesión principal",Mujer,36 años - 40 años,"Arqueología preventiva o de rescate: obras civiles, construcciones, licencias ambientales, etc",Consultoria,11 y 15 años,Especializacion,De 4 millones a 5 millones,Bogota D.C.,Comunicacion y persuasion,Coordinador de proyectos,Trabajo independiente o por proyectos,Variables. Dependen de contratos,No realizo trabajo de campo,Más de 10 personas,"Excel, Word, Google Sheets, QGis, Google Maps, Redes sociales: WhatsApp, Telegram, etc, Inteligencia Artificial",Falta de estabilidad laboral,NA,Antropología y Arqueología,No sé cuánto debería ganar realmente,Más regulación del sector,4,Los arqueólogos de alguna forma somos también responsables de la inestabilidad laboral y precarización ya que saltamos fácilmente de un proyecto a otro dejando resultados inconclusos y pérdida de información o materiales sin responsabilidad,Antropología en general o arqueología,4,125,Departamento
6/16/2026 20:04:23,"Si, es mi profesión principal",Hombre,41 años - 45 años,"Arqueología preventiva o de rescate: obras civiles, construcciones, licencias ambientales, etc",Contratista - prestación de servicios,11 y 15 años,Maestría,7 millones a 8 millones,Bogota D.C.,Otro,Director o lider de proyecto,Obras civiles y construccion,Muy estables,De 6 a 10 días,Más de 10 personas,"Excel, Word, Google Sheets, Python, QGis, ArcGis, AutoCAD, Google Maps, Fotogrametría, Software de dibujo técnico y edicion fotografica: Illustrator, Corel, Krita, etc, Redes sociales: WhatsApp, Telegram, etc",Falta de reconocimiento profesional,NA,"SIG, Geografía y Ciencias Ambientales",Algo menor de lo que debería ganar,Mejor reconocimiento profesional,5,"La encuesta no considera factores personales como la responsabilidad en el trabajo, el uso de sustancias, la calidad en la redacción de informes técnicos y académicos, productos cartográficos, no solamente en el área de SIG, sino productos conceptuales epistemológicos en el área de la geografía y de la arqueología, que son lo más importante a mi manera de ver,  en términos de la estabilidad profesional, no solamente en la arqueología, sino en cualquier campo. Considerar además que debemos revisar los estándares de calidad de los arqueólogos en el extranjero, para tener un referente y evaluar cómo estamos haciendo nuestro trabajo, así como evaluar la posibilidad de formación académica en el extranjero o incluso de trabajo fuera del país, ya que nuestro trabajo está demasiado sujeto a las condiciones políticas y normativas de Colombia.",SIG. Geografía. Estudios territoriales. Ciencias Ambientales. Catastro. Teledetección. Arqueobotánica,5,126,Departamento
6/16/2026 21:03:08,"Si, es mi profesión principal",Mujer,20 años - 25 años,"Arqueología preventiva o de rescate: obras civiles, construcciones, licencias ambientales, etc","Empleado directo de tiempo completo, Contratista - prestación de servicios",Entre 1 a 3 años,Pregrado,De 3 millones a 4 millones,Bogota D.C.,Red de contactos,Auxiliar de arqueologia,Obras civiles y construccion,Variables. Dependen de contratos,Más de 15 días,De 1 a 3 personas,"Excel, QGis, ArcGis, Google Maps, Redes sociales: WhatsApp, Telegram, etc",Falta de estabilidad laboral,No tengo posgrado,No tengo posgrado,Mucho menor a la que debería ganar,Mejores salarios,3,"La arqueología debería tener mejores salarios y mayor oportunidad de estabilidad laboral, en especial que se trate con la seriedad que lo merece y que lxs compañeritxs se dejen de tirar la plaza.",No tengo posgrado,3,127,Departamento
6/16/2026 21:03:08,"Si, es mi profesión principal",Mujer,20 años - 25 años,"Arqueología preventiva o de rescate: obras civiles, construcciones, licencias ambientales, etc","Empleado directo de tiempo completo, Contratista - prestación de servicios",Entre 1 a 3 años,Pregrado,De 3 millones a 4 millones,Casanare,Red de contactos,Auxiliar de arqueologia,Obras civiles y construccion,Variables. Dependen de contratos,Más de 15 días,De 1 a 3 personas,"Excel, QGis, ArcGis, Google Maps, Redes sociales: WhatsApp, Telegram, etc",Falta de estabilidad laboral,No tengo posgrado,No tengo posgrado,Mucho menor a la que debería ganar,Mejores salarios,3,"La arqueología debería tener mejores salarios y mayor oportunidad de estabilidad laboral, en especial que se trate con la seriedad que lo merece y que lxs compañeritxs se dejen de tirar la plaza.",No tengo posgrado,3,127,Departamento
6/16/2026 21:03:08,"Si, es mi profesión principal",Mujer,20 años - 25 años,"Arqueología preventiva o de rescate: obras civiles, construcciones, licencias ambientales, etc","Empleado directo de tiempo completo, Contratista - prestación de servicios",Entre 1 a 3 años,Pregrado,De 3 millones a 4 millones,Tolima,Red de contactos,Auxiliar de arqueologia,Obras civiles y construccion,Variables. Dependen de contratos,Más de 15 días,De 1 a 3 personas,"Excel, QGis, ArcGis, Google Maps, Redes sociales: WhatsApp, Telegram, etc",Falta de estabilidad laboral,No tengo posgrado,No tengo posgrado,Mucho menor a la que debería ganar,Mejores salarios,3,"La arqueología debería tener mejores salarios y mayor oportunidad de estabilidad laboral, en especial que se trate con la seriedad que lo merece y que lxs compañeritxs se dejen de tirar la plaza.",No tengo posgrado,3,127,Departamento
6/16/2026 23:23:28,"Si, es mi profesión principal",Hombre,36 años - 40 años,"Arqueología preventiva o de rescate: obras civiles, construcciones, licencias ambientales, etc","Empleado directo de tiempo completo, Contratista - prestación de servicios",4 a 6 años,Pregrado,De 5 millones a 6 millones,Caldas,Años de experiencia,Auxiliar de arqueologia,Obras civiles y construccion,Muy estables,Más de 15 días,De 4 a 10 personas,"Excel, Word, Fotogrametría",Falta de estabilidad laboral,NA,No tengo posgrado,Algo menor de lo que debería ganar,Mayor estabilidad laboral,5,"Me gusta trabajar en arqueología cada campo es una experiencia nueva, nuevos aprendizajes en mi vida laboral y personal.",No tengo posgrado,5,128,Departamento
6/17/2026 7:44:11,No,Mujer,20 años - 25 años,"Arqueología académica o básica: docencia, investigación, editoriales, museos, semilleros, proyectos academicos, universidades","Nunca he ganado ingresos, Investigación en laboratorio",Menos de 1 año,Pregrado,Nunca he ganado nada,Bogota D.C.,Años de experiencia,Auxiliar de arqueologia,Universidad,Ninguno,No realizo trabajo de campo,Ninguna,"Excel, Word",Poca oferta de empleos,NA,Otro,No sé cuánto debería ganar realmente,Mayor estabilidad laboral,4,Quisiera encontrar empleo,Otro,4,129,Departamento
6/17/2026 7:48:12,"No actualmente, pero lo he hecho antes",Mujer,26 años - 30 años,"Arqueología académica o básica: docencia, investigación, editoriales, museos, semilleros, proyectos academicos, universidades","Trabajador independiente, Divulgacion cientifica",4 a 6 años,Maestría,De 2 millones a 2.5 millones,Valle del Cauca,Red de contactos,Investigador independiente,Escuelas o colegios,Ocasionales o esporadicos,No realizo trabajo de campo,Ninguna,"Excel, Word, SPSS, ArcGis, AutoCAD, Google Maps, Fotogrametría, Software de dibujo técnico y edicion fotografica: Illustrator, Corel, Krita, etc, Citacion bibliográfica: Mendeley, Zotero, EndNote, etc, Inteligencia Artificial",Poca oferta de empleos,NA,Arqueometría,Algo menor de lo que debería ganar,Más oportunidades de empleo,5,"Amo la arqueología, pero lamentablemente en Colombia no he encontrado posibilidad de trabajar, aunque he mandado hoja de vida a todas partes",Arqueometría. Ciencias de datos. Ingeniería de sistemas. Analítica de datos. Inteligencia artificial,5,130,Departamento
6/17/2026 7:48:12,"No actualmente, pero lo he hecho antes",Mujer,26 años - 30 años,"Arqueología académica o básica: docencia, investigación, editoriales, museos, semilleros, proyectos academicos, universidades","Trabajador independiente, Divulgacion cientifica",4 a 6 años,Maestría,De 2 millones a 2.5 millones,Mexico,Red de contactos,Investigador independiente,Escuelas o colegios,Ocasionales o esporadicos,No realizo trabajo de campo,Ninguna,"Excel, Word, SPSS, ArcGis, AutoCAD, Google Maps, Fotogrametría, Software de dibujo técnico y edicion fotografica: Illustrator, Corel, Krita, etc, Citacion bibliográfica: Mendeley, Zotero, EndNote, etc, Inteligencia Artificial",Poca oferta de empleos,NA,Arqueometría,Algo menor de lo que debería ganar,Más oportunidades de empleo,5,"Amo la arqueología, pero lamentablemente en Colombia no he encontrado posibilidad de trabajar, aunque he mandado hoja de vida a todas partes",Arqueometría. Ciencias de datos. Ingeniería de sistemas. Analítica de datos. Inteligencia artificial,5,130,Otros
6/17/2026 11:25:49,"No actualmente, pero lo he hecho antes",Hombre,31 años - 35 años,"Arqueología preventiva o de rescate: obras civiles, construcciones, licencias ambientales, etc",Beca,7 a 10 años,Especializacion,De 4 millones a 5 millones,Bogota D.C.,Formacion academica,Semillerista o estudiante,Consultoria ambiental o estudios de impacto,Muy estables,Más de 15 días,Ninguna,"Excel, Word, Google Sheets, QGis, ArcGis, Google Maps, Citacion bibliográfica: Mendeley, Zotero, EndNote, etc, Redes sociales: WhatsApp, Telegram, etc",Bajos salarios,NA,Antropología y Arqueología,No sé cuánto debería ganar realmente,Mejor capacitación técnica,4,.,Antropología en general o arqueología,4,131,Departamento
6/17/2026 11:25:49,"No actualmente, pero lo he hecho antes",Hombre,31 años - 35 años,"Arqueología preventiva o de rescate: obras civiles, construcciones, licencias ambientales, etc",Beca,7 a 10 años,Especializacion,De 4 millones a 5 millones,Antioquia,Formacion academica,Semillerista o estudiante,Consultoria ambiental o estudios de impacto,Muy estables,Más de 15 días,Ninguna,"Excel, Word, Google Sheets, QGis, ArcGis, Google Maps, Citacion bibliográfica: Mendeley, Zotero, EndNote, etc, Redes sociales: WhatsApp, Telegram, etc",Bajos salarios,NA,Antropología y Arqueología,No sé cuánto debería ganar realmente,Mejor capacitación técnica,4,.,Antropología en general o arqueología,4,131,Departamento
6/17/2026 12:49:02,"Si, es mi profesión principal",Hombre,31 años - 35 años,"Arqueología preventiva o de rescate: obras civiles, construcciones, licencias ambientales, etc",Trabajador independiente,Entre 1 a 3 años,Pregrado,Menos de 2 millones de pesos,Boyaca,Red de contactos,Arqueologo,Trabajo independiente o por proyectos,Variables. Dependen de contratos,No realizo trabajo de campo,Ninguna,"Excel, Word, QGis, Software de creación 3D: Blender, Agisfot Metashape, SketchUp, etc, Google Maps, Fotogrametría, Software de dibujo técnico y edicion fotografica: Illustrator, Corel, Krita, etc, Citacion bibliográfica: Mendeley, Zotero, EndNote, etc, Redes sociales: WhatsApp, Telegram, etc, Inteligencia Artificial",Falta de claridad en tarifas,NA,No tengo posgrado,Mucho menor a la que debería ganar,Mayor estabilidad laboral,2,Ninguna,No tengo posgrado,2,132,Departamento
6/17/2026 14:00:35,"Si, es mi profesión principal",Hombre,26 años - 30 años,"Arqueología preventiva o de rescate: obras civiles, construcciones, licencias ambientales, etc",Empleado directo de tiempo completo,Entre 1 a 3 años,Pregrado,De 3 millones a 4 millones,Meta,Ninguno,Auxiliar de arqueologia,Oil and Gas,Muy estables,Más de 15 días,Ninguna,"Excel, Word, QGis, Redes sociales: WhatsApp, Telegram, etc",Falta de estabilidad laboral,NA,No tengo posgrado,Algo menor de lo que debería ganar,Mayor estabilidad laboral,1,No estudien arqueología o Antropología,No tengo posgrado,1,133,Departamento
6/17/2026 16:12:14,"No actualmente, pero lo he hecho antes",Mujer,26 años - 30 años,"Arqueología preventiva o de rescate: obras civiles, construcciones, licencias ambientales, etc",No ejerzo,Menos de 1 año,Pregrado,De 2.5 millones a 3 millones,Antioquia,Tener RNA,Auxiliar de arqueologia,Obras civiles y construccion,Ninguno,Más de 15 días,Ninguna,"Excel, Word, Citacion bibliográfica: Mendeley, Zotero, EndNote, etc, Inteligencia Artificial",Falta de estabilidad laboral,NA,"Patrimonio, Museología y Arquitectura",Mucho menor a la que debería ganar,Mejor reconocimiento profesional,1,"Inestabilidad laboral, trabajo muy pesado con bajos salarios",Gestión del patrimonio cultural. Curaduría y restauración. Arquitectura. Estudios urbanisticos. Museología. Artes,1,134,Departamento
6/18/2026 14:49:53,"Si, es mi profesión principal",Hombre,50 años o más,Ambas por igual,Empleado directo de tiempo completo,11 y 15 años,Doctorado,Prefiero no responder,Choco,Formacion academica,Arqueologo,Instituciones gubernamentales,Muy estables,Más de 15 días,De 1 a 3 personas,"QGis, Fotogrametría, Software de dibujo técnico y edicion fotografica: Illustrator, Corel, Krita, etc",Falta de reconocimiento profesional,NA,Antropología y Arqueología,Aproximadamente lo que debería ganar,El pensum de las universidades,5,"La arqueología en Colombia se puede volver más fuerte e incidir más si logra organizarse con métodos compartidos, mejorar la formación en método y técnica arqueológica, superar la metodología Pittsburg",Antropología en general o arqueología,5,135,Departamento
6/18/2026 14:49:53,"Si, es mi profesión principal",Hombre,50 años o más,Ambas por igual,Empleado directo de tiempo completo,11 y 15 años,Doctorado,Prefiero no responder,Guaviare,Formacion academica,Arqueologo,Instituciones gubernamentales,Muy estables,Más de 15 días,De 1 a 3 personas,"QGis, Fotogrametría, Software de dibujo técnico y edicion fotografica: Illustrator, Corel, Krita, etc",Falta de reconocimiento profesional,NA,Antropología y Arqueología,Aproximadamente lo que debería ganar,El pensum de las universidades,5,"La arqueología en Colombia se puede volver más fuerte e incidir más si logra organizarse con métodos compartidos, mejorar la formación en método y técnica arqueológica, superar la metodología Pittsburg",Antropología en general o arqueología,5,135,Departamento
6/18/2026 16:32:40,Soy docente de bioarqueología en una universidad pública,Trans,50 años o más,Ambas por igual,Docencia e investigación universitaria,11 y 15 años,Posdoctorado,Más de 10 millones,Cauca,Matematicas y estadistica,Profesor o docente,Universidad,Muy estables,11 a 15 días,De 4 a 10 personas,"Excel, Word, SPSS, Google Maps, Fotogrametría",Informacion laboral dispersa,NA,Ciencias de la salud,Aproximadamente lo que debería ganar,Más regulación del sector,5,"Debo formar bioarqueologos, arqueologos, antropólogos forenses y expertos en Conflicto, he notado que en estas áreas hay mejoras los últimos 15 años, pero también hay nuevas  tensionas en  particular con las empresas privadas que contratan mis estudiantes, no son respetuosas, no pagan bien, abusan de su posición y la inestabilidad laboral no colabora en esta situación, la verdad deberían ser más reguladas igual como ocurre en otros países como Canadá donde estudie, ahí todo es más claro desde el principio, no es perfecto pero es más claro en que te metes.",Zooarqueología. Biología. Bioarqueología. Osteología. Medicina. Nutrición. Paleoantropologia. Biología molecular.,5,136,Departamento
6/18/2026 16:32:40,Soy docente de bioarqueología en una universidad pública,Trans,50 años o más,Ambas por igual,Docencia e investigación universitaria,11 y 15 años,Posdoctorado,Más de 10 millones,Narino,Matematicas y estadistica,Profesor o docente,Universidad,Muy estables,11 a 15 días,De 4 a 10 personas,"Excel, Word, SPSS, Google Maps, Fotogrametría",Informacion laboral dispersa,NA,Ciencias de la salud,Aproximadamente lo que debería ganar,Más regulación del sector,5,"Debo formar bioarqueologos, arqueologos, antropólogos forenses y expertos en Conflicto, he notado que en estas áreas hay mejoras los últimos 15 años, pero también hay nuevas  tensionas en  particular con las empresas privadas que contratan mis estudiantes, no son respetuosas, no pagan bien, abusan de su posición y la inestabilidad laboral no colabora en esta situación, la verdad deberían ser más reguladas igual como ocurre en otros países como Canadá donde estudie, ahí todo es más claro desde el principio, no es perfecto pero es más claro en que te metes.",Zooarqueología. Biología. Bioarqueología. Osteología. Medicina. Nutrición. Paleoantropologia. Biología molecular.,5,136,Departamento
6/18/2026 16:32:40,Soy docente de bioarqueología en una universidad pública,Trans,50 años o más,Ambas por igual,Docencia e investigación universitaria,11 y 15 años,Posdoctorado,Más de 10 millones,Valle del Cauca,Matematicas y estadistica,Profesor o docente,Universidad,Muy estables,11 a 15 días,De 4 a 10 personas,"Excel, Word, SPSS, Google Maps, Fotogrametría",Informacion laboral dispersa,NA,Ciencias de la salud,Aproximadamente lo que debería ganar,Más regulación del sector,5,"Debo formar bioarqueologos, arqueologos, antropólogos forenses y expertos en Conflicto, he notado que en estas áreas hay mejoras los últimos 15 años, pero también hay nuevas  tensionas en  particular con las empresas privadas que contratan mis estudiantes, no son respetuosas, no pagan bien, abusan de su posición y la inestabilidad laboral no colabora en esta situación, la verdad deberían ser más reguladas igual como ocurre en otros países como Canadá donde estudie, ahí todo es más claro desde el principio, no es perfecto pero es más claro en que te metes.",Zooarqueología. Biología. Bioarqueología. Osteología. Medicina. Nutrición. Paleoantropologia. Biología molecular.,5,136,Departamento
6/18/2026 17:19:24,"Si, es mi profesión principal",Hombre,46 años - 50 años,"Arqueología académica o básica: docencia, investigación, editoriales, museos, semilleros, proyectos academicos, universidades",Docencia e investigación universitaria,11 y 15 años,Doctorado,9 millones a 10 millones,Cauca,Formacion academica,Profesor o docente,Universidad,Variables. Dependen de contratos,De 1 a 5 días,De 1 a 3 personas,"Excel, Word, QGis, AutoCAD, Citacion bibliográfica: Mendeley, Zotero, EndNote, etc, SURFER",Falta de estabilidad laboral,NA,Antropología y Arqueología,Aproximadamente lo que debería ganar,Mayor estabilidad laboral,5,"La lista es larga de cosas por decir, pero solo mencionaré algunas, relacionadas con la profesión de la arqueología en nuestro país:
-Hay un marcado individualismo entre los arqueólogos, especialmente entre aquellos que les ha ido bien laboralmente. Desisten de cualquier debate sobre regulación de salarios. Lo consideran una amenaza a su estatus quo, aun cuando los posibles beneficiados sean otros colegas.
-La arqueología, especialmente la preventiva, se convirtió en una técnica de gestión de patrimonio, no hay, con raras excepciones, un interés en responder preguntas antropológicas. O las preguntas son irrelevantes o no contestadas.
-El arqueólogo auxiliar o asistente es separado de la producción del conocimiento. Solo realiza las actividades que se le indica sin especificarle las razones de esas actividades.
-Hay una fuerte explotación laboral de los trabajadores de la arqueología, especialmente en días de trabajo continuo.
-Los antropólogos que no son arqueólogos son vistos como una amenaza a la disponibilidad de empleo; sin embargo, los propios arqueólogos son quienes contratan a estos antropólogos sin conocimiento en arqueología (con el riesgo a la destrucción del patrimonio que esto conlleva).",Antropología en general o arqueología,5,137,Departamento
6/18/2026 17:28:28,"Si, es mi profesión principal",Hombre,46 años - 50 años,"Arqueología académica o básica: docencia, investigación, editoriales, museos, semilleros, proyectos academicos, universidades",Docencia e investigación universitaria,11 y 15 años,Doctorado,Más de 10 millones,Boyaca,Produccion academica,Profesor o docente,Universidad,Muy estables,No definido,De 1 a 3 personas,"Excel, Word, ArcGis, AutoCAD, Google Maps, Software de dibujo técnico y edicion fotografica: Illustrator, Corel, Krita, etc, Citacion bibliográfica: Mendeley, Zotero, EndNote, etc, Redes sociales: WhatsApp, Telegram, etc",Exceso de informalidad,NA,Antropología y Arqueología,No sé cuánto debería ganar realmente,Mejor capacitación técnica,5,Ufff demasiadas para un formulario...,Antropología en general o arqueología,5,138,Departamento
6/18/2026 19:40:02,"Si, es mi profesión principal",Hombre,50 años o más,"Arqueología académica o básica: docencia, investigación, editoriales, museos, semilleros, proyectos academicos, universidades",Docencia e investigación universitaria,11 y 15 años,Doctorado,7 millones a 8 millones,Bolivar,Produccion academica,Profesor o docente,Universidad,Muy estables,Más de 15 días,De 4 a 10 personas,"Excel, Word, Google Sheets, Python, SPSS, QGis, Software de creación 3D: Blender, Agisfot Metashape, SketchUp, etc, ArcGis, AutoCAD, Google Maps, Fotogrametría, Software de dibujo técnico y edicion fotografica: Illustrator, Corel, Krita, etc, Citacion bibliográfica: Mendeley, Zotero, EndNote, etc, Redes sociales: WhatsApp, Telegram, etc, Inteligencia Artificial",Falta de estabilidad laboral,NA,Antropología y Arqueología,Algo menor de lo que debería ganar,Mayor estabilidad laboral,5,Espero que nos puedan compartir los resultados de la investigación.,Antropología en general o arqueología,5,139,Departamento
6/18/2026 19:40:02,"Si, es mi profesión principal",Hombre,50 años o más,"Arqueología académica o básica: docencia, investigación, editoriales, museos, semilleros, proyectos academicos, universidades",Docencia e investigación universitaria,11 y 15 años,Doctorado,7 millones a 8 millones,Cordoba,Produccion academica,Profesor o docente,Universidad,Muy estables,Más de 15 días,De 4 a 10 personas,"Excel, Word, Google Sheets, Python, SPSS, QGis, Software de creación 3D: Blender, Agisfot Metashape, SketchUp, etc, ArcGis, AutoCAD, Google Maps, Fotogrametría, Software de dibujo técnico y edicion fotografica: Illustrator, Corel, Krita, etc, Citacion bibliográfica: Mendeley, Zotero, EndNote, etc, Redes sociales: WhatsApp, Telegram, etc, Inteligencia Artificial",Falta de estabilidad laboral,NA,Antropología y Arqueología,Algo menor de lo que debería ganar,Mayor estabilidad laboral,5,Espero que nos puedan compartir los resultados de la investigación.,Antropología en general o arqueología,5,139,Departamento
6/18/2026 19:40:02,"Si, es mi profesión principal",Hombre,50 años o más,"Arqueología académica o básica: docencia, investigación, editoriales, museos, semilleros, proyectos academicos, universidades",Docencia e investigación universitaria,11 y 15 años,Doctorado,7 millones a 8 millones,Sucre,Produccion academica,Profesor o docente,Universidad,Muy estables,Más de 15 días,De 4 a 10 personas,"Excel, Word, Google Sheets, Python, SPSS, QGis, Software de creación 3D: Blender, Agisfot Metashape, SketchUp, etc, ArcGis, AutoCAD, Google Maps, Fotogrametría, Software de dibujo técnico y edicion fotografica: Illustrator, Corel, Krita, etc, Citacion bibliográfica: Mendeley, Zotero, EndNote, etc, Redes sociales: WhatsApp, Telegram, etc, Inteligencia Artificial",Falta de estabilidad laboral,NA,Antropología y Arqueología,Algo menor de lo que debería ganar,Mayor estabilidad laboral,5,Espero que nos puedan compartir los resultados de la investigación.,Antropología en general o arqueología,5,139,Departamento
6/19/2026 14:12:38,"Si, es mi profesión principal",Mujer,46 años - 50 años,"Arqueología académica o básica: docencia, investigación, editoriales, museos, semilleros, proyectos academicos, universidades",Docencia e investigación universitaria,11 y 15 años,Doctorado,7 millones a 8 millones,Bogota D.C.,Formacion academica,Profesor o docente,Universidad,Muy estables,No realizo trabajo de campo,Ninguna,"Excel, Word, SPSS, Redes sociales: WhatsApp, Telegram, etc",Falta de estabilidad laboral,NA,Ciencias de la salud,Algo menor de lo que debería ganar,Mayor estabilidad laboral,5,no desligo la antropología de la arqueología por lo que me considero una antropologa que se hace preguntas del pasado,Zooarqueología. Biología. Bioarqueología. Osteología. Medicina. Nutrición. Paleoantropologia. Biología molecular.,5,140,Departamento
6/19/2026 14:25:30,"No actualmente, pero lo he hecho antes",Mujer,20 años - 25 años,"Arqueología preventiva o de rescate: obras civiles, construcciones, licencias ambientales, etc",por ahora no genero ingresos,Menos de 1 año,Pregrado,Menos de 2 millones de pesos,Bogota D.C.,Red de contactos,Desempleado,Obras civiles y construccion,Ocasionales o esporadicos,No realizo trabajo de campo,Ninguna,"Excel, Redes sociales: WhatsApp, Telegram, etc",Falta de estabilidad laboral,NA,No tengo posgrado,Mucho menor a la que debería ganar,Mayor estabilidad laboral,1,"Elegir la carrera parece por hobbie, lo malo es elegirla siendo una persona pobre que espera poder vivir de ello y se enfrenta al nomadismo laboral, la falta de empleo, pagas precarias e inestabilidad laboral.",No tengo posgrado,1,141,Departamento
6/19/2026 14:49:15,"Si, es mi profesión principal",Hombre,20 años - 25 años,"Arqueología preventiva o de rescate: obras civiles, construcciones, licencias ambientales, etc",Empleado directo de tiempo completo,Entre 1 a 3 años,Pregrado,De 3 millones a 4 millones,Antioquia,Comunicacion y persuasion,Arqueologo,Instituciones gubernamentales,Muy estables,11 a 15 días,De 1 a 3 personas,"Excel, Word, QGis, Google Maps, Redes sociales: WhatsApp, Telegram, etc",Falta de claridad en tarifas,NA,Administración y Economía,Mucho menor a la que debería ganar,Más regulación del sector,5,Es fundamental fortalecer la ética y las habilidades de gerencia,Administración. Economia. Gerencia de proyectos.,5,142,Departamento
6/19/2026 14:49:15,"Si, es mi profesión principal",Hombre,20 años - 25 años,"Arqueología preventiva o de rescate: obras civiles, construcciones, licencias ambientales, etc",Empleado directo de tiempo completo,Entre 1 a 3 años,Pregrado,De 3 millones a 4 millones,Cesar,Comunicacion y persuasion,Arqueologo,Instituciones gubernamentales,Muy estables,11 a 15 días,De 1 a 3 personas,"Excel, Word, QGis, Google Maps, Redes sociales: WhatsApp, Telegram, etc",Falta de claridad en tarifas,NA,Administración y Economía,Mucho menor a la que debería ganar,Más regulación del sector,5,Es fundamental fortalecer la ética y las habilidades de gerencia,Administración. Economia. Gerencia de proyectos.,5,142,Departamento
6/19/2026 15:57:27,"No actualmente, pero lo he hecho antes",Hombre,50 años o más,"Arqueología académica o básica: docencia, investigación, editoriales, museos, semilleros, proyectos academicos, universidades","Docencia e investigación universitaria, Consultoria",11 y 15 años,Posdoctorado,De 5 millones a 6 millones,Magdalena,Otra habilidad tecnica,Profesor o docente,Universidad,Variables. Dependen de contratos,No realizo trabajo de campo,De 1 a 3 personas,"Software de creación 3D: Blender, Agisfot Metashape, SketchUp, etc, ArcGis",Falta de claridad en tarifas,NA,Antropología y Arqueología,Aproximadamente lo que debería ganar,Mejor claridad en los honorarios o sueldos,2,"Mi campo de experiencia a lo largo de los años ha ido de la arqueología, en especial la histórica, hacia estudios del patrimonio. Esto me ha conectado con discusiones de arqueología indígena, pero no estoy seguro de que la arqueología indígena sea un tipo especial de arqueología. La arqueología histórica me ha conectado con el estudio de patrimonio cultural sumergido que es un campo de estudio aparentemente emergente. En la medida en que el Estado propuso normativas para regular el campo, la normalización salarial hizo que lo que era una buena oportunidad laboral, comenzara a ser precaria. En la actualidad mi trabajo tiene que ver más con el patrimonio y la docencia universitaria interdisciplinaria, así que no sé si mi visión de la arqueología sirva de algo.",Antropología en general o arqueología,2,143,Departamento
6/20/2026 10:18:43,"Si, ocasionalmente",Hombre,31 años - 35 años,"Arqueología preventiva o de rescate: obras civiles, construcciones, licencias ambientales, etc",Empleado directo de tiempo completo,Entre 1 a 3 años,Pregrado,De 2.5 millones a 3 millones,Atlantico,Red de contactos,Auxiliar de arqueologia,Obras civiles y construccion,Ocasionales o esporadicos,Más de 15 días,Ninguna,"Excel, Word, QGis",Falta de estabilidad laboral,NA,No tengo posgrado,Mucho menor a la que debería ganar,Mejor reconocimiento profesional,2,La decadencia de la profesión viene principalmente por parte de colegas y también hay un regionalismo casi radical por aconglomerar los empleos,No tengo posgrado,2,144,Departamento
6/20/2026 10:18:43,"Si, ocasionalmente",Hombre,31 años - 35 años,"Arqueología preventiva o de rescate: obras civiles, construcciones, licencias ambientales, etc",Empleado directo de tiempo completo,Entre 1 a 3 años,Pregrado,De 2.5 millones a 3 millones,Valle del Cauca,Red de contactos,Auxiliar de arqueologia,Obras civiles y construccion,Ocasionales o esporadicos,Más de 15 días,Ninguna,"Excel, Word, QGis",Falta de estabilidad laboral,NA,No tengo posgrado,Mucho menor a la que debería ganar,Mejor reconocimiento profesional,2,La decadencia de la profesión viene principalmente por parte de colegas y también hay un regionalismo casi radical por aconglomerar los empleos,No tengo posgrado,2,144,Departamento
6/20/2026 11:08:55,"Si, es mi profesión principal",Hombre,31 años - 35 años,"Arqueología preventiva o de rescate: obras civiles, construcciones, licencias ambientales, etc","Contratista - prestación de servicios, Trabajador independiente",7 a 10 años,Pregrado,De 4 millones a 5 millones,Antioquia,Años de experiencia,Director o lider de proyecto,Obras civiles y construccion,Variables. Dependen de contratos,Más de 15 días,De 1 a 3 personas,"Excel, Word, Google Sheets, QGis, ArcGis, AutoCAD, Google Maps, Redes sociales: WhatsApp, Telegram, etc, Inteligencia Artificial",Bajos salarios,NA,No tengo posgrado,Mucho menor a la que debería ganar,Más regulación del sector,4,"Una vez me echaron de un proyecto de arqueología por fumar bareta, a lo que yo me pregunto ¿ qué tiene que ver lo uno con lo otro?  Entonces eso me hace pensar, que tan excluyentes y fascista puede llegar a ser un arqueólogo que se lucra con el discurso del patrimonio.",No tengo posgrado,4,145,Departamento
6/20/2026 19:13:47,"Si, es mi profesión principal",Hombre,26 años - 30 años,"Arqueología preventiva o de rescate: obras civiles, construcciones, licencias ambientales, etc","Contratista - prestación de servicios, Trabajador independiente",4 a 6 años,Especializacion,6 millones a 7 millones,Bogota D.C.,Especializacion tecnica,Coordinador de proyectos,Instituciones gubernamentales,Variables. Dependen de contratos,11 a 15 días,De 4 a 10 personas,"Excel, Word, Google Sheets, QGis, ArcGis, Google Maps, Citacion bibliográfica: Mendeley, Zotero, EndNote, etc, Redes sociales: WhatsApp, Telegram, etc, Inteligencia Artificial",Bajos salarios,NA,"SIG, Geografía y Ciencias Ambientales",Algo menor de lo que debería ganar,Más regulación del sector,2,"Por favor, compartir los resultados de esta encuesta.",SIG. Geografía. Estudios territoriales. Ciencias Ambientales. Catastro. Teledetección. Arqueobotánica,2,146,Departamento
6/21/2026 17:41:15,"Si, es mi profesión principal",Hombre,36 años - 40 años,"Arqueología preventiva o de rescate: obras civiles, construcciones, licencias ambientales, etc",Empleado directo de tiempo completo,7 a 10 años,Pregrado,De 4 millones a 5 millones,La Guajira,Otro,Auxiliar de arqueologia,Obras civiles y construccion,Muy estables,Más de 15 días,Ninguna,"Excel, Word, QGis, Google Maps, Redes sociales: WhatsApp, Telegram, etc",Poca oferta de empleos,NA,No tengo posgrado,Algo menor de lo que debería ganar,Más oportunidades de empleo,2,.,No tengo posgrado,2,147,Departamento
6/21/2026 18:00:06,"No actualmente, pero lo he hecho antes",Hombre,36 años - 40 años,"Arqueología preventiva o de rescate: obras civiles, construcciones, licencias ambientales, etc",No estoy laborando,4 a 6 años,Estudiante de pregrado,De 3 millones a 4 millones,Putumayo,Red de contactos,Auxiliar de arqueologia,Oil and Gas,Variables. Dependen de contratos,Más de 15 días,Ninguna,Excel,Bajos salarios,NA,No tengo posgrado,Mucho menor a la que debería ganar,Mayor estabilidad laboral,3,N/A,No tengo posgrado,3,148,Departamento
6/21/2026 18:33:43,"Si, es mi profesión principal",Prefiero no decirlo,26 años - 30 años,"Arqueología preventiva o de rescate: obras civiles, construcciones, licencias ambientales, etc",Empleado directo de tiempo completo,7 a 10 años,Pregrado,De 3 millones a 4 millones,Bogota D.C.,Red de contactos,Arqueologo,Obras civiles y construccion,Variables. Dependen de contratos,Más de 15 días,Ninguna,"Excel, Word, Google Sheets, QGis, Software de creación 3D: Blender, Agisfot Metashape, SketchUp, etc, Google Maps, Fotogrametría, Software de dibujo técnico y edicion fotografica: Illustrator, Corel, Krita, etc, Citacion bibliográfica: Mendeley, Zotero, EndNote, etc, Redes sociales: WhatsApp, Telegram, etc, Inteligencia Artificial",Bajos salarios,NA,No tengo posgrado,Algo menor de lo que debería ganar,Más regulación del sector,2,"Me arrepiento de haber estudiado arqueología. Si tuviera la oportunidad de volver atrás, no estudiaría nuevamente esta carrera en Colombia, y mucho menos invertiría tiempo y dinero en un posgrado. El principal problema no es la disciplina en sí, que me sigue pareciendo fascinante, sino el estado del gremio y las condiciones laborales que lo rodean.

En mi experiencia, es un medio lleno de personas que constantemente se apuñalan por la espalda. Muchos colegas, apenas logran ascender un poco o conseguir una posición de coordinación, se olvidan de quienes están debajo y empiezan a trasladarles responsabilidades, a competir de forma desleal o incluso a perjudicarlos para mantenerse en sus cargos. La solidaridad profesional es escasa y predominan los intereses personales y no mencionar a la “ética” profesional de muchos colegas que brilla por su ausencia encubriendo temas de acoso entre estudiantes y/o profesionales.

Un ejemplo reciente es lo que ocurre en Metro Línea 1. Los arqueólogos de los contratistas hemos terminado asumiendo los rescates arqueológicos, cuando originalmente nuestros contratos fueron firmados para realizar actividades de monitoreo. La responsabilidad que antes recaía sobre ML1 se ha ido transfiriendo a los contratistas sin que exista una modificación clara de las condiciones laborales o una compensación acorde con el aumento de las responsabilidades. Se termina exigiendo más trabajo, más conocimiento y más exposición a riesgos administrativos y técnicos, pero con el mismo salario y bajo las mismas condiciones.

A esto se suma otro problema estructural de la profesión: la enorme precariedad laboral. En Colombia, gran parte de los arqueólogos depende de contratos temporales ligados a proyectos de infraestructura. Cuando se acaba una obra, se acaba el empleo. No existe una carrera profesional estable, son escasas las plazas en investigación y docencia, y los salarios muchas veces no corresponden con la formación requerida ni con el nivel de responsabilidad que implica tomar decisiones sobre patrimonio arqueológico. En muchos casos, después de cinco años de carrera y varios años de experiencia, se termina viviendo de contrato en contrato, sin estabilidad ni perspectivas claras de crecimiento.

También existe una desconexión entre las universidades y la realidad laboral. Se forman arqueólogos con expectativas académicas y de investigación, pero el mercado colombiano está dominado por la arqueología preventiva, donde la presión por cumplir cronogramas y satisfacer las necesidades de las obras suele primar sobre la investigación científica. El resultado es una profesión que exige una alta especialización, pero que rara vez recompensa ese esfuerzo con estabilidad, reconocimiento o posibilidades reales de desarrollo.

Por todo esto, si tuviera la oportunidad de empezar de nuevo, probablemente elegiría otra carrera. La arqueología sigue siendo una disciplina apasionante, pero las condiciones en las que se ejerce en Colombia hacen muy difícil recomendarla a alguien que esté pensando en estudiar el pregrado hoy en día.",No tengo posgrado,2,149,Departamento
6/21/2026 18:36:51,"Si, es mi profesión principal",Mujer,20 años - 25 años,"Arqueología preventiva o de rescate: obras civiles, construcciones, licencias ambientales, etc",Empleado directo de tiempo completo,Entre 1 a 3 años,Estudiante de pregrado,Menos de 2 millones de pesos,Bogota D.C.,Red de contactos,Auxiliar de arqueologia,Laboratorios,Muy estables,No realizo trabajo de campo,Ninguna,"Excel, Word",Bajos salarios,NA,No tengo posgrado,Mucho menor a la que debería ganar,Mejores salarios,1,Realmente los salarios son precarios incluso cuando se va a campo y saber que en campo lo máximo son 4.5 millones es decepcionante comparado con otras carreras. No hay oportunidades de crecimiento ni de trabajos que den estabilidad,No tengo posgrado,1,150,Departamento
6/21/2026 18:55:38,"Si, es mi profesión principal",Mujer,26 años - 30 años,"Arqueología académica o básica: docencia, investigación, editoriales, museos, semilleros, proyectos academicos, universidades",Empleado directo de tiempo completo,4 a 6 años,Maestría,De 5 millones a 6 millones,Bogota D.C.,Otra habilidad tecnica,Arqueologo,Instituciones gubernamentales,Variables. Dependen de contratos,De 1 a 5 días,Ninguna,"Excel, Word, Google Sheets, QGis, Software de creación 3D: Blender, Agisfot Metashape, SketchUp, etc, ArcGis, Google Maps, Fotogrametría, Software de dibujo técnico y edicion fotografica: Illustrator, Corel, Krita, etc, Citacion bibliográfica: Mendeley, Zotero, EndNote, etc",Falta de estabilidad laboral,NA,Otro,Aproximadamente lo que debería ganar,Mayor estabilidad laboral,4,Ninguno,Otro,4,151,Departamento
6/22/2026 7:56:56,"Si, es mi profesión principal",Hombre,50 años o más,"Arqueología preventiva o de rescate: obras civiles, construcciones, licencias ambientales, etc","Empleado directo de tiempo completo, Contratista - prestación de servicios",7 a 10 años,Pregrado,De 5 millones a 6 millones,Bogota D.C.,Manejo de SIG,Arqueologo,Obras civiles y construccion,Muy estables,Más de 15 días,Ninguna,"Excel, Word, QGis, Google Maps",Falta de reconocimiento profesional,NA,No tengo posgrado,Algo menor de lo que debería ganar,Más regulación del sector,5,No quiero contestar,No tengo posgrado,5,152,Departamento
6/22/2026 10:29:41,"No actualmente, pero lo he hecho antes",Hombre,31 años - 35 años,"Arqueología preventiva o de rescate: obras civiles, construcciones, licencias ambientales, etc",Contratista - prestación de servicios,7 a 10 años,Pregrado,De 4 millones a 5 millones,Meta,Tener RNA,Arqueologo,Trabajo independiente o por proyectos,Ocasionales o esporadicos,Más de 15 días,Ninguna,"Excel, Word, QGis, Citacion bibliográfica: Mendeley, Zotero, EndNote, etc",Poca oferta de empleos,NA,"SIG, Geografía y Ciencias Ambientales",Mucho menor a la que debería ganar,Más oportunidades de empleo,3,"Las empresas de infraestructura en cooperación con el ICANH, han denigrado el quehacer arqueológico, el ICANH que se supone debería también servir como una especie de defensora de los derechos laborales y personales de los arqueólogos, ha permitido que la precarización laboral por parte de las empresas sea el pan de cada día. Por eso hoy vemos bajos salarios, pésimas condiciones laborales, sobreexplotación laboral, pocas ofertas laborales, pocas o casi nulas oportunidades de crecer dentro de una empresa o de mantenerse estable por un buen término de tiempo, vinculaciones laborales paupérrimas, entre otros problemas.",SIG. Geografía. Estudios territoriales. Ciencias Ambientales. Catastro. Teledetección. Arqueobotánica,3,153,Departamento
6/22/2026 10:56:24,"Si, es mi profesión principal",Hombre,50 años o más,"Arqueología académica o básica: docencia, investigación, editoriales, museos, semilleros, proyectos academicos, universidades",Empleado directo de tiempo completo,11 y 15 años,Doctorado,Más de 10 millones,Bogota D.C.,Formacion academica,Profesor o docente,Semillerista de investigacion,Muy estables,De 6 a 10 días,Más de 10 personas,Word,Informacion laboral dispersa,NA,Arqueometría,Algo menor de lo que debería ganar,Más oportunidades de empleo,5,"Personalmente, no tengo un gran problema... Pero extraño trabajar en las excavaciones en las que participé antes de venir a Colombia... Esto probablemente se deba a la falta de financiación; el gobierno no tiene una política de financiación para la cultura.",Arqueometría. Ciencias de datos. Ingeniería de sistemas. Analítica de datos. Inteligencia artificial,5,154,Departamento
6/22/2026 16:41:19,"Si, ocasionalmente",Mujer,50 años o más,"Arqueología académica o básica: docencia, investigación, editoriales, museos, semilleros, proyectos academicos, universidades","Docente, investigador, independiente",11 y 15 años,Maestría,6 millones a 7 millones,Bogota D.C.,Marca personal,Profesor o docente,Patrimonio cultural,Variables. Dependen de contratos,Más de 15 días,Más de 10 personas,"Excel, Word, Google Sheets, SPSS, Google Maps, Fotogrametría, Software de dibujo técnico y edicion fotografica: Illustrator, Corel, Krita, etc, Inteligencia Artificial",Desconexion entre formacion y oportunidades,NA,Otro,No sé cuánto debería ganar realmente,El pensum de las universidades,4,"La formación del estudiante (no su necesidad individual) debería orientarse no solo a responder ""demandas del mercado"", sino también a generar las condiciones para que estas reconozcan el valor de la arqueología y el patrimonio, por ende, a su trabajo.",Otro,4,155,Departamento
6/22/2026 16:41:19,"Si, ocasionalmente",Mujer,50 años o más,"Arqueología académica o básica: docencia, investigación, editoriales, museos, semilleros, proyectos academicos, universidades","Docente, investigador, independiente",11 y 15 años,Maestría,6 millones a 7 millones,Bolivar,Marca personal,Profesor o docente,Patrimonio cultural,Variables. Dependen de contratos,Más de 15 días,Más de 10 personas,"Excel, Word, Google Sheets, SPSS, Google Maps, Fotogrametría, Software de dibujo técnico y edicion fotografica: Illustrator, Corel, Krita, etc, Inteligencia Artificial",Desconexion entre formacion y oportunidades,NA,Otro,No sé cuánto debería ganar realmente,El pensum de las universidades,4,"La formación del estudiante (no su necesidad individual) debería orientarse no solo a responder ""demandas del mercado"", sino también a generar las condiciones para que estas reconozcan el valor de la arqueología y el patrimonio, por ende, a su trabajo.",Otro,4,155,Departamento
6/22/2026 21:18:04,"Si, es mi profesión principal",Hombre,26 años - 30 años,Área forense,Contratista - prestación de servicios,Entre 1 a 3 años,Pregrado,De 5 millones a 6 millones,Caldas,Años de experiencia,Antropologo forense,Sector forense,Muy estables,11 a 15 días,De 1 a 3 personas,"Excel, Word, Google Sheets, SPSS, QGis, Software de creación 3D: Blender, Agisfot Metashape, SketchUp, etc, ArcGis, Google Maps, Fotogrametría, Software de dibujo técnico y edicion fotografica: Illustrator, Corel, Krita, etc, Inteligencia Artificial",Falta de estabilidad laboral,NA,"SIG, Geografía y Ciencias Ambientales",Aproximadamente lo que debería ganar,Más oportunidades de empleo,4,N/A,SIG. Geografía. Estudios territoriales. Ciencias Ambientales. Catastro. Teledetección. Arqueobotánica,4,156,Departamento
6/23/2026 6:16:33,"Si, es mi profesión principal",Mujer,36 años - 40 años,"Arqueología preventiva o de rescate: obras civiles, construcciones, licencias ambientales, etc",Empleado directo de tiempo completo,4 a 6 años,Pregrado,De 3 millones a 4 millones,Bogota D.C.,Tener RNA,Arqueologo,Obras civiles y construccion,Variables. Dependen de contratos,Más de 15 días,De 1 a 3 personas,"Excel, Word, QGis, Redes sociales: WhatsApp, Telegram, etc",Falta de claridad en tarifas,No tengo posgrado,No tengo posgrado,Mucho menor a la que debería ganar,Mayor estabilidad laboral,3,"Tenía más sueldo hace un año, volví a ganar lo que ganaba hace 4; ni siquiera se siente estancamiento si no retroceso y eso es triste",No tengo posgrado,3,157,Departamento
6/23/2026 6:42:06,"Si, es mi profesión principal",Hombre,26 años - 30 años,"Arqueología preventiva o de rescate: obras civiles, construcciones, licencias ambientales, etc",Empleado directo de tiempo completo,7 a 10 años,Especializacion,6 millones a 7 millones,Atlantico,Manejo de SIG,Coordinador de proyectos,Consultoria ambiental o estudios de impacto,Muy estables,No realizo trabajo de campo,De 4 a 10 personas,"Excel, Word, Python, QGis",Falta de estabilidad laboral,NA,"SIG, Geografía y Ciencias Ambientales",Mucho menor a la que debería ganar,Mayor estabilidad laboral,3,Gracias por la actividad. Es muy necesaria,SIG. Geografía. Estudios territoriales. Ciencias Ambientales. Catastro. Teledetección. Arqueobotánica,3,158,Departamento
6/23/2026 8:30:19,"Si, es mi profesión principal",Hombre,31 años - 35 años,"Arqueología preventiva o de rescate: obras civiles, construcciones, licencias ambientales, etc",Empleado directo de tiempo completo,7 a 10 años,Especializacion,6 millones a 7 millones,Bolivar,Habilidades tecnologicas,Coordinador de proyectos,Obras civiles y construccion,Muy estables,No realizo trabajo de campo,De 1 a 3 personas,"Excel, Word, Python, QGis, ArcGis, AutoCAD, Google Maps, Inteligencia Artificial",Bajos salarios,NA,"SIG, Geografía y Ciencias Ambientales",Aproximadamente lo que debería ganar,Mejores salarios,2,"La pregunta 17 deberían dejarla en selección múltiple, no solo el bajo salario es uno de los problemas en el mercado laboral de arqueología, también lo está la estabilidad, los tipos de contratos, los horarios (en ocasiones) y por supuesto la diferencia entre la preventiva con la académica.

Todo lo anterior influye en que actualmente los profesionales en antropología y arqueología prácticamente regalen su trabajo bajo la premisa de que preferimos ganar algo que no ganar nada, y es una realidad, obviamente mucho vamos a elegir eso porque necesitamos tener con que suplir por lo menos las necesidades básicas. 

Yo inicié así, por fortuna encontré un trabajo donde si han reconocido mis aportes, pero no todos mi colegas tienen el mismo éxito. Y bueno, esperemos que este nuevo gobierno no joda más el sector cultura porque aunque si apoye el sector infraestructura, construcción y etc (porque eso es sinónimo de avance y productividad) si debilitan la parte cultural no sabemos qué fututo le espere programa de preventiva, que en estos momentos es el que más empleo está generando en el gremio.",SIG. Geografía. Estudios territoriales. Ciencias Ambientales. Catastro. Teledetección. Arqueobotánica,2,159,Departamento
6/23/2026 8:30:19,"Si, es mi profesión principal",Hombre,31 años - 35 años,"Arqueología preventiva o de rescate: obras civiles, construcciones, licencias ambientales, etc",Empleado directo de tiempo completo,7 a 10 años,Especializacion,6 millones a 7 millones,Cesar,Habilidades tecnologicas,Coordinador de proyectos,Obras civiles y construccion,Muy estables,No realizo trabajo de campo,De 1 a 3 personas,"Excel, Word, Python, QGis, ArcGis, AutoCAD, Google Maps, Inteligencia Artificial",Bajos salarios,NA,"SIG, Geografía y Ciencias Ambientales",Aproximadamente lo que debería ganar,Mejores salarios,2,"La pregunta 17 deberían dejarla en selección múltiple, no solo el bajo salario es uno de los problemas en el mercado laboral de arqueología, también lo está la estabilidad, los tipos de contratos, los horarios (en ocasiones) y por supuesto la diferencia entre la preventiva con la académica.

Todo lo anterior influye en que actualmente los profesionales en antropología y arqueología prácticamente regalen su trabajo bajo la premisa de que preferimos ganar algo que no ganar nada, y es una realidad, obviamente mucho vamos a elegir eso porque necesitamos tener con que suplir por lo menos las necesidades básicas. 

Yo inicié así, por fortuna encontré un trabajo donde si han reconocido mis aportes, pero no todos mi colegas tienen el mismo éxito. Y bueno, esperemos que este nuevo gobierno no joda más el sector cultura porque aunque si apoye el sector infraestructura, construcción y etc (porque eso es sinónimo de avance y productividad) si debilitan la parte cultural no sabemos qué fututo le espere programa de preventiva, que en estos momentos es el que más empleo está generando en el gremio.",SIG. Geografía. Estudios territoriales. Ciencias Ambientales. Catastro. Teledetección. Arqueobotánica,2,159,Departamento
6/23/2026 8:30:19,"Si, es mi profesión principal",Hombre,31 años - 35 años,"Arqueología preventiva o de rescate: obras civiles, construcciones, licencias ambientales, etc",Empleado directo de tiempo completo,7 a 10 años,Especializacion,6 millones a 7 millones,Cordoba,Habilidades tecnologicas,Coordinador de proyectos,Obras civiles y construccion,Muy estables,No realizo trabajo de campo,De 1 a 3 personas,"Excel, Word, Python, QGis, ArcGis, AutoCAD, Google Maps, Inteligencia Artificial",Bajos salarios,NA,"SIG, Geografía y Ciencias Ambientales",Aproximadamente lo que debería ganar,Mejores salarios,2,"La pregunta 17 deberían dejarla en selección múltiple, no solo el bajo salario es uno de los problemas en el mercado laboral de arqueología, también lo está la estabilidad, los tipos de contratos, los horarios (en ocasiones) y por supuesto la diferencia entre la preventiva con la académica.

Todo lo anterior influye en que actualmente los profesionales en antropología y arqueología prácticamente regalen su trabajo bajo la premisa de que preferimos ganar algo que no ganar nada, y es una realidad, obviamente mucho vamos a elegir eso porque necesitamos tener con que suplir por lo menos las necesidades básicas. 

Yo inicié así, por fortuna encontré un trabajo donde si han reconocido mis aportes, pero no todos mi colegas tienen el mismo éxito. Y bueno, esperemos que este nuevo gobierno no joda más el sector cultura porque aunque si apoye el sector infraestructura, construcción y etc (porque eso es sinónimo de avance y productividad) si debilitan la parte cultural no sabemos qué fututo le espere programa de preventiva, que en estos momentos es el que más empleo está generando en el gremio.",SIG. Geografía. Estudios territoriales. Ciencias Ambientales. Catastro. Teledetección. Arqueobotánica,2,159,Departamento
6/23/2026 8:30:19,"Si, es mi profesión principal",Hombre,31 años - 35 años,"Arqueología preventiva o de rescate: obras civiles, construcciones, licencias ambientales, etc",Empleado directo de tiempo completo,7 a 10 años,Especializacion,6 millones a 7 millones,Magdalena,Habilidades tecnologicas,Coordinador de proyectos,Obras civiles y construccion,Muy estables,No realizo trabajo de campo,De 1 a 3 personas,"Excel, Word, Python, QGis, ArcGis, AutoCAD, Google Maps, Inteligencia Artificial",Bajos salarios,NA,"SIG, Geografía y Ciencias Ambientales",Aproximadamente lo que debería ganar,Mejores salarios,2,"La pregunta 17 deberían dejarla en selección múltiple, no solo el bajo salario es uno de los problemas en el mercado laboral de arqueología, también lo está la estabilidad, los tipos de contratos, los horarios (en ocasiones) y por supuesto la diferencia entre la preventiva con la académica.

Todo lo anterior influye en que actualmente los profesionales en antropología y arqueología prácticamente regalen su trabajo bajo la premisa de que preferimos ganar algo que no ganar nada, y es una realidad, obviamente mucho vamos a elegir eso porque necesitamos tener con que suplir por lo menos las necesidades básicas. 

Yo inicié así, por fortuna encontré un trabajo donde si han reconocido mis aportes, pero no todos mi colegas tienen el mismo éxito. Y bueno, esperemos que este nuevo gobierno no joda más el sector cultura porque aunque si apoye el sector infraestructura, construcción y etc (porque eso es sinónimo de avance y productividad) si debilitan la parte cultural no sabemos qué fututo le espere programa de preventiva, que en estos momentos es el que más empleo está generando en el gremio.",SIG. Geografía. Estudios territoriales. Ciencias Ambientales. Catastro. Teledetección. Arqueobotánica,2,159,Departamento
6/24/2026 7:39:20,"Si, es mi profesión principal",Hombre,31 años - 35 años,"Arqueología preventiva o de rescate: obras civiles, construcciones, licencias ambientales, etc",Empleado directo de tiempo completo,4 a 6 años,Pregrado,De 4 millones a 5 millones,Cundinamarca,Años de experiencia,Coordinador de proyectos,Obras civiles y construccion,Variables. Dependen de contratos,De 1 a 5 días,De 1 a 3 personas,"Excel, Word, Google Sheets, QGis, Google Maps, Redes sociales: WhatsApp, Telegram, etc",Informacion laboral dispersa,NA,No tengo posgrado,Algo menor de lo que debería ganar,Mejores salarios,3,El salario y reconocimiento profesional son los puntos claves que hacen que la mayoría de arqueólogos en el país no tengan condiciones ideales,No tengo posgrado,3,160,Departamento
6/24/2026 9:03:51,"Si, es mi profesión principal",Mujer,31 años - 35 años,"Arqueología preventiva o de rescate: obras civiles, construcciones, licencias ambientales, etc",Empleado directo de tiempo completo,7 a 10 años,Especializacion,De 5 millones a 6 millones,Bogota D.C.,Años de experiencia,Arqueologo,Obras civiles y construccion,Muy estables,No realizo trabajo de campo,Ninguna,"Excel, Word, QGis, Google Maps, Redes sociales: WhatsApp, Telegram, etc",Falta de estabilidad laboral,NA,Otro,Mucho menor a la que debería ganar,Mayor estabilidad laboral,4,"En la arqueología en Colombia, se han mantenido en cargos decisivos e importantes las mismas personas durante mucho tiempo, lo que ocasiona que el trabajo dependa de un sistema de relaciones personales en donde si no le caes bien a estas personas, no tienes trabajo.",Otro,4,161,Departamento
6/24/2026 9:03:51,"Si, es mi profesión principal",Mujer,31 años - 35 años,"Arqueología preventiva o de rescate: obras civiles, construcciones, licencias ambientales, etc",Empleado directo de tiempo completo,7 a 10 años,Especializacion,De 5 millones a 6 millones,Meta,Años de experiencia,Arqueologo,Obras civiles y construccion,Muy estables,No realizo trabajo de campo,Ninguna,"Excel, Word, QGis, Google Maps, Redes sociales: WhatsApp, Telegram, etc",Falta de estabilidad laboral,NA,Otro,Mucho menor a la que debería ganar,Mayor estabilidad laboral,4,"En la arqueología en Colombia, se han mantenido en cargos decisivos e importantes las mismas personas durante mucho tiempo, lo que ocasiona que el trabajo dependa de un sistema de relaciones personales en donde si no le caes bien a estas personas, no tienes trabajo.",Otro,4,161,Departamento
6/26/2026 12:12:42,"Si, es mi profesión principal",Mujer,50 años o más,Ambas por igual,"Contratista - prestación de servicios, Docencia e investigación universitaria",11 y 15 años,Doctorado,6 millones a 7 millones,Bogota D.C.,Formacion academica,Profesor o docente,Universidad,Variables. Dependen de contratos,De 1 a 5 días,Ninguna,"Excel, QGis, Fotogrametría, Citacion bibliográfica: Mendeley, Zotero, EndNote, etc",Falta de estabilidad laboral,NA,Ciencias de la salud,Mucho menor a la que debería ganar,Mayor estabilidad laboral,4,"Algunos de los cuestionamientos , no se pueden responder con una única respuesta",Zooarqueología. Biología. Bioarqueología. Osteología. Medicina. Nutrición. Paleoantropologia. Biología molecular.,4,162,Departamento
6/26/2026 12:17:12,"No actualmente, pero lo he hecho antes",Hombre,31 años - 35 años,"Arqueología preventiva o de rescate: obras civiles, construcciones, licencias ambientales, etc","Empleado directo de tiempo completo, Contratista - prestación de servicios",Entre 1 a 3 años,Pregrado,De 2 millones a 2.5 millones,Antioquia,Años de experiencia,Auxiliar de arqueologia,Obras civiles y construccion,Variables. Dependen de contratos,Más de 15 días,Ninguna,"Excel, Word, QGis, Google Maps",Falta de estabilidad laboral,NA,No tengo posgrado,Algo menor de lo que debería ganar,Más oportunidades de empleo,2,Yo solo quiero sugerir que los resultados de esta encuesta sean socializados con el ICANH y las principales empresas de la construcción.,No tengo posgrado,2,163,Departamento
6/29/2026 22:22:23,"No actualmente, pero lo he hecho antes",Mujer,31 años - 35 años,"Arqueología preventiva o de rescate: obras civiles, construcciones, licencias ambientales, etc",Contratista - prestación de servicios,7 a 10 años,Pregrado,De 3 millones a 4 millones,Antioquia,Ninguno,Arqueologo,Obras civiles y construccion,Variables. Dependen de contratos,Más de 15 días,De 4 a 10 personas,"Excel, Word, QGis, ArcGis, Google Maps, Citacion bibliográfica: Mendeley, Zotero, EndNote, etc, Redes sociales: WhatsApp, Telegram, etc",Falta de estabilidad laboral,NA,No tengo posgrado,Mucho menor a la que debería ganar,Mayor estabilidad laboral,3,.,No tengo posgrado,3,164,Departamento
6/30/2026 8:13:38,"Si, es mi profesión principal",Mujer,36 años - 40 años,"Arqueología preventiva o de rescate: obras civiles, construcciones, licencias ambientales, etc",Contratista - prestación de servicios,4 a 6 años,Pregrado,De 2 millones a 2.5 millones,Magdalena,Red de contactos,Desempleado,Obras civiles y construccion,Ocasionales o esporadicos,Más de 15 días,Ninguna,"Excel, Word, QGis, Google Maps, Fotogrametría, Redes sociales: WhatsApp, Telegram, etc, Inteligencia Artificial",Poca oferta de empleos,NA,"Patrimonio, Museología y Arquitectura",No sé cuánto debería ganar realmente,Más oportunidades de empleo,4,"He amado mi profesión todo el tiempo soy feliz de hacerlo así tenga poco pago, me conformo con poco dinero, lo triste es no tener nada de oferta de trabajo y que pasen los meses y sigas esperando que aparezca algo pero no hay empleo, si tus amigos o familiares no te emplean no tienes nada.",Gestión del patrimonio cultural. Curaduría y restauración. Arquitectura. Estudios urbanisticos. Museología. Artes,4,165,Departamento
6/30/2026 10:08:13,"No actualmente, pero lo he hecho antes",Mujer,26 años - 30 años,"Arqueología preventiva o de rescate: obras civiles, construcciones, licencias ambientales, etc","Trabajador independiente, Consultoria",7 a 10 años,Maestría,De 2.5 millones a 3 millones,Bogota D.C.,Manejo de SIG,Auxiliar de arqueologia,Consultoria ambiental o estudios de impacto,Variables. Dependen de contratos,Más de 15 días,De 4 a 10 personas,"Excel, Word, Python, QGis, Google Maps, Software de dibujo técnico y edicion fotografica: Illustrator, Corel, Krita, etc, Citacion bibliográfica: Mendeley, Zotero, EndNote, etc, Redes sociales: WhatsApp, Telegram, etc",Bajos salarios,NA,Antropología y Arqueología,Mucho menor a la que debería ganar,Más regulación del sector,1,"esta opcion deberia ser opcional y es obligatoria, en teoría solo deberia ser si uno lo desea, pero el formulario no se deja enviar si uno no escribe nada aqui. Bruh.",Antropología en general o arqueología,1,166,Departamento
6/30/2026 10:08:13,"No actualmente, pero lo he hecho antes",Mujer,26 años - 30 años,"Arqueología preventiva o de rescate: obras civiles, construcciones, licencias ambientales, etc","Trabajador independiente, Consultoria",7 a 10 años,Maestría,De 2.5 millones a 3 millones,Antioquia,Manejo de SIG,Auxiliar de arqueologia,Consultoria ambiental o estudios de impacto,Variables. Dependen de contratos,Más de 15 días,De 4 a 10 personas,"Excel, Word, Python, QGis, Google Maps, Software de dibujo técnico y edicion fotografica: Illustrator, Corel, Krita, etc, Citacion bibliográfica: Mendeley, Zotero, EndNote, etc, Redes sociales: WhatsApp, Telegram, etc",Bajos salarios,NA,Antropología y Arqueología,Mucho menor a la que debería ganar,Más regulación del sector,1,"esta opcion deberia ser opcional y es obligatoria, en teoría solo deberia ser si uno lo desea, pero el formulario no se deja enviar si uno no escribe nada aqui. Bruh.",Antropología en general o arqueología,1,166,Departamento
6/30/2026 14:24:33,"No actualmente, pero lo he hecho antes",Mujer,31 años - 35 años,"Arqueología preventiva o de rescate: obras civiles, construcciones, licencias ambientales, etc",Trabajador independiente,4 a 6 años,Pregrado,De 2.5 millones a 3 millones,Bogota D.C.,Red de contactos,Investigador independiente,Trabajo independiente o por proyectos,Variables. Dependen de contratos,No realizo trabajo de campo,Ninguna,"Excel, Word, Google Sheets, QGis, Software de creación 3D: Blender, Agisfot Metashape, SketchUp, etc",Falta de claridad en tarifas,NA,No tengo posgrado,Mucho menor a la que debería ganar,Más regulación del sector,4,.,No tengo posgrado,4,167,Departamento
6/30/2026 14:24:33,"No actualmente, pero lo he hecho antes",Mujer,31 años - 35 años,"Arqueología preventiva o de rescate: obras civiles, construcciones, licencias ambientales, etc",Trabajador independiente,4 a 6 años,Pregrado,De 2.5 millones a 3 millones,Atlantico,Red de contactos,Investigador independiente,Trabajo independiente o por proyectos,Variables. Dependen de contratos,No realizo trabajo de campo,Ninguna,"Excel, Word, Google Sheets, QGis, Software de creación 3D: Blender, Agisfot Metashape, SketchUp, etc",Falta de claridad en tarifas,NA,No tengo posgrado,Mucho menor a la que debería ganar,Más regulación del sector,4,.,No tengo posgrado,4,167,Departamento
6/30/2026 14:24:33,"No actualmente, pero lo he hecho antes",Mujer,31 años - 35 años,"Arqueología preventiva o de rescate: obras civiles, construcciones, licencias ambientales, etc",Trabajador independiente,4 a 6 años,Pregrado,De 2.5 millones a 3 millones,Cundinamarca,Red de contactos,Investigador independiente,Trabajo independiente o por proyectos,Variables. Dependen de contratos,No realizo trabajo de campo,Ninguna,"Excel, Word, Google Sheets, QGis, Software de creación 3D: Blender, Agisfot Metashape, SketchUp, etc",Falta de claridad en tarifas,NA,No tengo posgrado,Mucho menor a la que debería ganar,Más regulación del sector,4,.,No tengo posgrado,4,167,Departamento
6/30/2026 14:24:33,"No actualmente, pero lo he hecho antes",Mujer,31 años - 35 años,"Arqueología preventiva o de rescate: obras civiles, construcciones, licencias ambientales, etc",Trabajador independiente,4 a 6 años,Pregrado,De 2.5 millones a 3 millones,Magdalena,Red de contactos,Investigador independiente,Trabajo independiente o por proyectos,Variables. Dependen de contratos,No realizo trabajo de campo,Ninguna,"Excel, Word, Google Sheets, QGis, Software de creación 3D: Blender, Agisfot Metashape, SketchUp, etc",Falta de claridad en tarifas,NA,No tengo posgrado,Mucho menor a la que debería ganar,Más regulación del sector,4,.,No tengo posgrado,4,167,Departamento
7/1/2026 19:30:27,"Si, es mi profesión principal",Hombre,36 años - 40 años,"Arqueología preventiva o de rescate: obras civiles, construcciones, licencias ambientales, etc",Empleado directo de tiempo completo,7 a 10 años,Maestría,De 4 millones a 5 millones,Sucre,Red de contactos,Arqueologo,Obras civiles y construccion,Variables. Dependen de contratos,Más de 15 días,Más de 10 personas,"Excel, Word, QGis, Google Maps, Redes sociales: WhatsApp, Telegram, etc, Inteligencia Artificial",Bajos salarios,NA,Antropología y Arqueología,Mucho menor a la que debería ganar,Mejor claridad en los honorarios o sueldos,2,Es un gremio donde los colegas son más explotadores que los ingenieros y dónde el ente regulador le exige más al profesional que a las empresas que son las que generan el detrimento patrimonial,Antropología en general o arqueología,2,168,Departamento
7/2/2026 6:29:42,"Si, es mi profesión principal",Hombre,31 años - 35 años,"Arqueología preventiva o de rescate: obras civiles, construcciones, licencias ambientales, etc",Empleado directo de tiempo completo,11 y 15 años,Pregrado,De 5 millones a 6 millones,Santander,Años de experiencia,Arqueologo,Obras civiles y construccion,Muy estables,De 6 a 10 días,De 4 a 10 personas,"Excel, Word, QGis, ArcGis, Google Maps, Software de dibujo técnico y edicion fotografica: Illustrator, Corel, Krita, etc, Redes sociales: WhatsApp, Telegram, etc",Bajos salarios,NA,"Patrimonio, Museología y Arquitectura",Algo menor de lo que debería ganar,Mejores salarios,2,"La formación de un gremio en el que podamos protegernos y garantizar el debido manejo arqueológico de los proyectos, además de, salarios dignos.",Gestión del patrimonio cultural. Curaduría y restauración. Arquitectura. Estudios urbanisticos. Museología. Artes,2,169,Departamento
7/2/2026 11:07:46,"Si, es mi profesión principal",Prefiero no decirlo,26 años - 30 años,"Arqueología preventiva o de rescate: obras civiles, construcciones, licencias ambientales, etc","Contratista - prestación de servicios, Consultoria",Menos de 1 año,Pregrado,De 4 millones a 5 millones,Atlantico,Años de experiencia,Auxiliar de arqueologia,Consultoria ambiental o estudios de impacto,Variables. Dependen de contratos,Más de 15 días,De 1 a 3 personas,"QGis, Google Maps",Bajos salarios,NA,No tengo posgrado,Aproximadamente lo que debería ganar,Mejores salarios,3,"El problema base actual de la arqueología en Colombia se reproduce en la medida en que los líderes de arqueología, (no todos, pero si varios que conozco de primera mano) no trabajan para el patrimonio del Estado y los ciudadanos, sino que se enriquecen a costas de estudiantes y recién graduados que son fácilmente manipulables, y sin el suficiente profesional criterio para discutir o notificar irregularidades. NUNCA SE REGALEN, IGUAL LES IMPORTAN UNA MIERDA A SUS EMPLEADORES, NUESTRO TRABAJO VALE DEMASIADO, DÉMONOS EL VALOR QUE TENEMOS",No tengo posgrado,3,170,Departamento
7/2/2026 11:07:46,"Si, es mi profesión principal",Prefiero no decirlo,26 años - 30 años,"Arqueología preventiva o de rescate: obras civiles, construcciones, licencias ambientales, etc","Contratista - prestación de servicios, Consultoria",Menos de 1 año,Pregrado,De 4 millones a 5 millones,Cundinamarca,Años de experiencia,Auxiliar de arqueologia,Consultoria ambiental o estudios de impacto,Variables. Dependen de contratos,Más de 15 días,De 1 a 3 personas,"QGis, Google Maps",Bajos salarios,NA,No tengo posgrado,Aproximadamente lo que debería ganar,Mejores salarios,3,"El problema base actual de la arqueología en Colombia se reproduce en la medida en que los líderes de arqueología, (no todos, pero si varios que conozco de primera mano) no trabajan para el patrimonio del Estado y los ciudadanos, sino que se enriquecen a costas de estudiantes y recién graduados que son fácilmente manipulables, y sin el suficiente profesional criterio para discutir o notificar irregularidades. NUNCA SE REGALEN, IGUAL LES IMPORTAN UNA MIERDA A SUS EMPLEADORES, NUESTRO TRABAJO VALE DEMASIADO, DÉMONOS EL VALOR QUE TENEMOS",No tengo posgrado,3,170,Departamento
7/2/2026 13:05:12,"Si, es mi profesión principal",Mujer,50 años o más,Ambas por igual,"Contratista - prestación de servicios, Docencia e investigación universitaria",11 y 15 años,Doctorado,6 millones a 7 millones,Bogota D.C.,Formacion academica,Profesor o docente,Universidad,Variables. Dependen de contratos,De 1 a 5 días,Ninguna,"Excel, Word, Google Sheets, SPSS, QGis, Software de creación 3D: Blender, Agisfot Metashape, SketchUp, etc, Google Maps, Fotogrametría, Software de dibujo técnico y edicion fotografica: Illustrator, Corel, Krita, etc, Citacion bibliográfica: Mendeley, Zotero, EndNote, etc, Redes sociales: WhatsApp, Telegram, etc, Inteligencia Artificial",Falta de estabilidad laboral,NA,Ciencias de la salud,Mucho menor a la que debería ganar,Más regulación del sector,4,La desigualdad basada en género es determinante,Zooarqueología. Biología. Bioarqueología. Osteología. Medicina. Nutrición. Paleoantropologia. Biología molecular.,4,171,Departamento
7/2/2026 13:05:12,"Si, es mi profesión principal",Mujer,50 años o más,Ambas por igual,"Contratista - prestación de servicios, Docencia e investigación universitaria",11 y 15 años,Doctorado,6 millones a 7 millones,Santander,Formacion academica,Profesor o docente,Universidad,Variables. Dependen de contratos,De 1 a 5 días,Ninguna,"Excel, Word, Google Sheets, SPSS, QGis, Software de creación 3D: Blender, Agisfot Metashape, SketchUp, etc, Google Maps, Fotogrametría, Software de dibujo técnico y edicion fotografica: Illustrator, Corel, Krita, etc, Citacion bibliográfica: Mendeley, Zotero, EndNote, etc, Redes sociales: WhatsApp, Telegram, etc, Inteligencia Artificial",Falta de estabilidad laboral,NA,Ciencias de la salud,Mucho menor a la que debería ganar,Más regulación del sector,4,La desigualdad basada en género es determinante,Zooarqueología. Biología. Bioarqueología. Osteología. Medicina. Nutrición. Paleoantropologia. Biología molecular.,4,171,Departamento
7/2/2026 14:54:48,"Si, es mi profesión principal",Mujer,36 años - 40 años,"Arqueología preventiva o de rescate: obras civiles, construcciones, licencias ambientales, etc","Contratista - prestación de servicios, Consultoria",11 y 15 años,Especializacion,De 2.5 millones a 3 millones,Antioquia,Red de contactos,Arqueologo,Trabajo independiente o por proyectos,Variables. Dependen de contratos,No realizo trabajo de campo,De 1 a 3 personas,"Excel, Word, Google Sheets, Google Maps, Citacion bibliográfica: Mendeley, Zotero, EndNote, etc, Redes sociales: WhatsApp, Telegram, etc, Inteligencia Artificial",Falta de estabilidad laboral,NA,Antropología y Arqueología,Algo menor de lo que debería ganar,Mayor estabilidad laboral,4,N/A,Antropología en general o arqueología,4,172,Departamento
7/6/2026 14:40:50,"No actualmente, pero lo he hecho antes",Mujer,26 años - 30 años,Área forense,Contratista - prestación de servicios,Entre 1 a 3 años,Especializacion,6 millones a 7 millones,Quindio,Red de contactos,Antropologo forense,Sector forense,Muy estables,De 6 a 10 días,De 1 a 3 personas,"Excel, Word, QGis, ArcGis, Google Maps, Fotogrametría, Citacion bibliográfica: Mendeley, Zotero, EndNote, etc",Poca oferta de empleos,NA,Derecho y Ciencias Forenses,Aproximadamente lo que debería ganar,Mayor estabilidad laboral,5,"La universidad no nos enseña realmente el verdadero escenario profesional, falta preparación en hojas de vida, en entrevistas laborales que permitan desenvolverse mejor en estos procesos tan traumáticos para un recién egresado","Derecho. Antropología forense. Arqueología forense. Derechos humanos, enfocado al tema forense.",5,173,Departamento
7/6/2026 14:40:50,"No actualmente, pero lo he hecho antes",Mujer,26 años - 30 años,Área forense,Contratista - prestación de servicios,Entre 1 a 3 años,Especializacion,6 millones a 7 millones,Risaralda,Red de contactos,Antropologo forense,Sector forense,Muy estables,De 6 a 10 días,De 1 a 3 personas,"Excel, Word, QGis, ArcGis, Google Maps, Fotogrametría, Citacion bibliográfica: Mendeley, Zotero, EndNote, etc",Poca oferta de empleos,NA,Derecho y Ciencias Forenses,Aproximadamente lo que debería ganar,Mayor estabilidad laboral,5,"La universidad no nos enseña realmente el verdadero escenario profesional, falta preparación en hojas de vida, en entrevistas laborales que permitan desenvolverse mejor en estos procesos tan traumáticos para un recién egresado","Derecho. Antropología forense. Arqueología forense. Derechos humanos, enfocado al tema forense.",5,173,Departamento
7/6/2026 16:33:06,"Si, es mi profesión principal",Hombre,26 años - 30 años,"Arqueología preventiva o de rescate: obras civiles, construcciones, licencias ambientales, etc",Empleado directo de tiempo completo,Entre 1 a 3 años,Pregrado,De 2.5 millones a 3 millones,Santander,Red de contactos,Auxiliar de arqueologia,Obras civiles y construccion,Variables. Dependen de contratos,Más de 15 días,De 1 a 3 personas,"QGis, ArcGis",Falta de estabilidad laboral,NA,No tengo posgrado,Mucho mayor de lo que debería ganar,Más oportunidades de empleo,1,...,No tengo posgrado,1,174,Departamento
7/6/2026 19:28:34,"Si, es mi profesión principal",Hombre,20 años - 25 años,"Arqueología preventiva o de rescate: obras civiles, construcciones, licencias ambientales, etc",Empleado directo de tiempo completo,No tengo experiencia,Pregrado,De 2.5 millones a 3 millones,Bogota D.C.,Años de experiencia,Auxiliar de arqueologia,Laboratorios,Variables. Dependen de contratos,No realizo trabajo de campo,Ninguna,"Excel, Word, Google Sheets, QGis, Google Maps, Fotogrametría, Redes sociales: WhatsApp, Telegram, etc",Poca oferta de empleos,NA,Ciencias de la salud,Aproximadamente lo que debería ganar,Más oportunidades de empleo,4,.,Zooarqueología. Biología. Bioarqueología. Osteología. Medicina. Nutrición. Paleoantropologia. Biología molecular.,4,175,Departamento
7/6/2026 19:38:57,"Si, es mi profesión principal",Mujer,26 años - 30 años,"Arqueología preventiva o de rescate: obras civiles, construcciones, licencias ambientales, etc","Empleado directo de tiempo completo, Contratista - prestación de servicios",7 a 10 años,Pregrado,De 4 millones a 5 millones,Antioquia,Manejo de SIG,Arqueologo,Obras civiles y construccion,Variables. Dependen de contratos,De 1 a 5 días,De 4 a 10 personas,"Excel, Word, QGis, ArcGis, Google Maps, Software de dibujo técnico y edicion fotografica: Illustrator, Corel, Krita, etc, Citacion bibliográfica: Mendeley, Zotero, EndNote, etc, Redes sociales: WhatsApp, Telegram, etc, Inteligencia Artificial",Poca oferta de empleos,NA,No tengo posgrado,Algo menor de lo que debería ganar,Mayor estabilidad laboral,2,"La oferta es muy limitada. Es muy tu a tu; es decir, la mayoría de los trabajos los he conseguido porque conocía a alguien, pero no hay casi vacantes en páginas de empleo, y las pocas que hay nunca llaman, se aplica a la vacante y no se recibe ninguna respuesta. Todo es muy informal. Eso genera mucha incertidumbre e inestabilidad. Y considero que hay también un monopolio en la arqueología preventiva, sobre los profesionales que obtienen el liderazgo de los proyectos. Siempre son los mismos.",No tengo posgrado,2,176,Departamento
7/6/2026 19:38:57,"Si, es mi profesión principal",Mujer,26 años - 30 años,"Arqueología preventiva o de rescate: obras civiles, construcciones, licencias ambientales, etc","Empleado directo de tiempo completo, Contratista - prestación de servicios",7 a 10 años,Pregrado,De 4 millones a 5 millones,Caldas,Manejo de SIG,Arqueologo,Obras civiles y construccion,Variables. Dependen de contratos,De 1 a 5 días,De 4 a 10 personas,"Excel, Word, QGis, ArcGis, Google Maps, Software de dibujo técnico y edicion fotografica: Illustrator, Corel, Krita, etc, Citacion bibliográfica: Mendeley, Zotero, EndNote, etc, Redes sociales: WhatsApp, Telegram, etc, Inteligencia Artificial",Poca oferta de empleos,NA,No tengo posgrado,Algo menor de lo que debería ganar,Mayor estabilidad laboral,2,"La oferta es muy limitada. Es muy tu a tu; es decir, la mayoría de los trabajos los he conseguido porque conocía a alguien, pero no hay casi vacantes en páginas de empleo, y las pocas que hay nunca llaman, se aplica a la vacante y no se recibe ninguna respuesta. Todo es muy informal. Eso genera mucha incertidumbre e inestabilidad. Y considero que hay también un monopolio en la arqueología preventiva, sobre los profesionales que obtienen el liderazgo de los proyectos. Siempre son los mismos.",No tengo posgrado,2,176,Departamento
7/6/2026 19:38:57,"Si, es mi profesión principal",Mujer,26 años - 30 años,"Arqueología preventiva o de rescate: obras civiles, construcciones, licencias ambientales, etc","Empleado directo de tiempo completo, Contratista - prestación de servicios",7 a 10 años,Pregrado,De 4 millones a 5 millones,Cundinamarca,Manejo de SIG,Arqueologo,Obras civiles y construccion,Variables. Dependen de contratos,De 1 a 5 días,De 4 a 10 personas,"Excel, Word, QGis, ArcGis, Google Maps, Software de dibujo técnico y edicion fotografica: Illustrator, Corel, Krita, etc, Citacion bibliográfica: Mendeley, Zotero, EndNote, etc, Redes sociales: WhatsApp, Telegram, etc, Inteligencia Artificial",Poca oferta de empleos,NA,No tengo posgrado,Algo menor de lo que debería ganar,Mayor estabilidad laboral,2,"La oferta es muy limitada. Es muy tu a tu; es decir, la mayoría de los trabajos los he conseguido porque conocía a alguien, pero no hay casi vacantes en páginas de empleo, y las pocas que hay nunca llaman, se aplica a la vacante y no se recibe ninguna respuesta. Todo es muy informal. Eso genera mucha incertidumbre e inestabilidad. Y considero que hay también un monopolio en la arqueología preventiva, sobre los profesionales que obtienen el liderazgo de los proyectos. Siempre son los mismos.",No tengo posgrado,2,176,Departamento
7/6/2026 19:38:57,"Si, es mi profesión principal",Mujer,26 años - 30 años,"Arqueología preventiva o de rescate: obras civiles, construcciones, licencias ambientales, etc","Empleado directo de tiempo completo, Contratista - prestación de servicios",7 a 10 años,Pregrado,De 4 millones a 5 millones,Meta,Manejo de SIG,Arqueologo,Obras civiles y construccion,Variables. Dependen de contratos,De 1 a 5 días,De 4 a 10 personas,"Excel, Word, QGis, ArcGis, Google Maps, Software de dibujo técnico y edicion fotografica: Illustrator, Corel, Krita, etc, Citacion bibliográfica: Mendeley, Zotero, EndNote, etc, Redes sociales: WhatsApp, Telegram, etc, Inteligencia Artificial",Poca oferta de empleos,NA,No tengo posgrado,Algo menor de lo que debería ganar,Mayor estabilidad laboral,2,"La oferta es muy limitada. Es muy tu a tu; es decir, la mayoría de los trabajos los he conseguido porque conocía a alguien, pero no hay casi vacantes en páginas de empleo, y las pocas que hay nunca llaman, se aplica a la vacante y no se recibe ninguna respuesta. Todo es muy informal. Eso genera mucha incertidumbre e inestabilidad. Y considero que hay también un monopolio en la arqueología preventiva, sobre los profesionales que obtienen el liderazgo de los proyectos. Siempre son los mismos.",No tengo posgrado,2,176,Departamento
7/6/2026 20:28:06,"No actualmente, pero lo he hecho antes",Mujer,31 años - 35 años,"Arqueología académica o básica: docencia, investigación, editoriales, museos, semilleros, proyectos academicos, universidades","Contratista - prestación de servicios, Trabajador independiente, Divulgacion cientifica, Museos y conservación. Gestor cultural, Investigación en laboratorio",Entre 1 a 3 años,Pregrado,De 2 millones a 2.5 millones,Bogota D.C.,Habilidades tecnologicas,Gestor social o cultural,Patrimonio cultural,Variables. Dependen de contratos,No realizo trabajo de campo,Ninguna,"Excel, Word, Google Sheets, QGis, SQL, Citacion bibliográfica: Mendeley, Zotero, EndNote, etc, Redes sociales: WhatsApp, Telegram, etc",Falta de claridad en tarifas,NA,No tengo posgrado,Mucho menor a la que debería ganar,Más regulación del sector,3,.,No tengo posgrado,3,177,Departamento
7/6/2026 20:28:06,"No actualmente, pero lo he hecho antes",Mujer,31 años - 35 años,"Arqueología académica o básica: docencia, investigación, editoriales, museos, semilleros, proyectos academicos, universidades","Contratista - prestación de servicios, Trabajador independiente, Divulgacion cientifica, Museos y conservación. Gestor cultural, Investigación en laboratorio",Entre 1 a 3 años,Pregrado,De 2 millones a 2.5 millones,Boyaca,Habilidades tecnologicas,Gestor social o cultural,Patrimonio cultural,Variables. Dependen de contratos,No realizo trabajo de campo,Ninguna,"Excel, Word, Google Sheets, QGis, SQL, Citacion bibliográfica: Mendeley, Zotero, EndNote, etc, Redes sociales: WhatsApp, Telegram, etc",Falta de claridad en tarifas,NA,No tengo posgrado,Mucho menor a la que debería ganar,Más regulación del sector,3,.,No tengo posgrado,3,177,Departamento
7/6/2026 20:28:06,"No actualmente, pero lo he hecho antes",Mujer,31 años - 35 años,"Arqueología académica o básica: docencia, investigación, editoriales, museos, semilleros, proyectos academicos, universidades","Contratista - prestación de servicios, Trabajador independiente, Divulgacion cientifica, Museos y conservación. Gestor cultural, Investigación en laboratorio",Entre 1 a 3 años,Pregrado,De 2 millones a 2.5 millones,Cundinamarca,Habilidades tecnologicas,Gestor social o cultural,Patrimonio cultural,Variables. Dependen de contratos,No realizo trabajo de campo,Ninguna,"Excel, Word, Google Sheets, QGis, SQL, Citacion bibliográfica: Mendeley, Zotero, EndNote, etc, Redes sociales: WhatsApp, Telegram, etc",Falta de claridad en tarifas,NA,No tengo posgrado,Mucho menor a la que debería ganar,Más regulación del sector,3,.,No tengo posgrado,3,177,Departamento
7/6/2026 23:12:30,"Si, es mi profesión principal",Mujer,26 años - 30 años,"Arqueología preventiva o de rescate: obras civiles, construcciones, licencias ambientales, etc",Empleado directo de tiempo completo,Entre 1 a 3 años,Pregrado,De 4 millones a 5 millones,Bogota D.C.,Años de experiencia,Arqueologo,Obras civiles y construccion,Variables. Dependen de contratos,Más de 15 días,De 1 a 3 personas,"Excel, Word, Google Sheets, Python, QGis, Software de creación 3D: Blender, Agisfot Metashape, SketchUp, etc, ArcGis, AutoCAD, Google Maps, Fotogrametría, Redes sociales: WhatsApp, Telegram, etc, Inteligencia Artificial",Poca oferta de empleos,NA,Ciencias de la salud,Mucho menor a la que debería ganar,Mayor estabilidad laboral,4,Ninguna,Zooarqueología. Biología. Bioarqueología. Osteología. Medicina. Nutrición. Paleoantropologia. Biología molecular.,4,178,Departamento
7/6/2026 23:12:30,"Si, es mi profesión principal",Mujer,26 años - 30 años,"Arqueología preventiva o de rescate: obras civiles, construcciones, licencias ambientales, etc",Empleado directo de tiempo completo,Entre 1 a 3 años,Pregrado,De 4 millones a 5 millones,Boyaca,Años de experiencia,Arqueologo,Obras civiles y construccion,Variables. Dependen de contratos,Más de 15 días,De 1 a 3 personas,"Excel, Word, Google Sheets, Python, QGis, Software de creación 3D: Blender, Agisfot Metashape, SketchUp, etc, ArcGis, AutoCAD, Google Maps, Fotogrametría, Redes sociales: WhatsApp, Telegram, etc, Inteligencia Artificial",Poca oferta de empleos,NA,Ciencias de la salud,Mucho menor a la que debería ganar,Mayor estabilidad laboral,4,Ninguna,Zooarqueología. Biología. Bioarqueología. Osteología. Medicina. Nutrición. Paleoantropologia. Biología molecular.,4,178,Departamento
7/6/2026 23:12:30,"Si, es mi profesión principal",Mujer,26 años - 30 años,"Arqueología preventiva o de rescate: obras civiles, construcciones, licencias ambientales, etc",Empleado directo de tiempo completo,Entre 1 a 3 años,Pregrado,De 4 millones a 5 millones,Cundinamarca,Años de experiencia,Arqueologo,Obras civiles y construccion,Variables. Dependen de contratos,Más de 15 días,De 1 a 3 personas,"Excel, Word, Google Sheets, Python, QGis, Software de creación 3D: Blender, Agisfot Metashape, SketchUp, etc, ArcGis, AutoCAD, Google Maps, Fotogrametría, Redes sociales: WhatsApp, Telegram, etc, Inteligencia Artificial",Poca oferta de empleos,NA,Ciencias de la salud,Mucho menor a la que debería ganar,Mayor estabilidad laboral,4,Ninguna,Zooarqueología. Biología. Bioarqueología. Osteología. Medicina. Nutrición. Paleoantropologia. Biología molecular.,4,178,Departamento
7/9/2026 14:29:48,"Si, es mi profesión principal",Mujer,26 años - 30 años,"Arqueología preventiva o de rescate: obras civiles, construcciones, licencias ambientales, etc",Empleado directo de tiempo completo,4 a 6 años,Especializacion,De 4 millones a 5 millones,Bogota D.C.,Tener RNA,Arqueologo,Obras civiles y construccion,Variables. Dependen de contratos,De 1 a 5 días,De 1 a 3 personas,"Excel, Word, QGis, AutoCAD, Google Maps, Redes sociales: WhatsApp, Telegram, etc",Bajos salarios,NA,Antropología y Arqueología,Mucho menor a la que debería ganar,Más oportunidades de empleo,3,"Hay muy pocas oportunidades para hacer arqueología como debe ser, desde la investigación, dependemos de las empresas solo porque la ley se los exige pero aun así no valoran la profesión y pagan muy mal a los profesionales, los salarios no tienen en cuenta ni la experiencia ni el nivel de formación de la persona",Antropología en general o arqueología,3,179,Departamento
7/9/2026 14:29:48,"Si, es mi profesión principal",Mujer,26 años - 30 años,"Arqueología preventiva o de rescate: obras civiles, construcciones, licencias ambientales, etc",Empleado directo de tiempo completo,4 a 6 años,Especializacion,De 4 millones a 5 millones,Atlantico,Tener RNA,Arqueologo,Obras civiles y construccion,Variables. Dependen de contratos,De 1 a 5 días,De 1 a 3 personas,"Excel, Word, QGis, AutoCAD, Google Maps, Redes sociales: WhatsApp, Telegram, etc",Bajos salarios,NA,Antropología y Arqueología,Mucho menor a la que debería ganar,Más oportunidades de empleo,3,"Hay muy pocas oportunidades para hacer arqueología como debe ser, desde la investigación, dependemos de las empresas solo porque la ley se los exige pero aun así no valoran la profesión y pagan muy mal a los profesionales, los salarios no tienen en cuenta ni la experiencia ni el nivel de formación de la persona",Antropología en general o arqueología,3,179,Departamento
7/10/2026 11:23:55,"Si, es mi profesión principal",Hombre,36 años - 40 años,"Arqueología preventiva o de rescate: obras civiles, construcciones, licencias ambientales, etc","Empleado directo de tiempo completo, Contratista - prestación de servicios",4 a 6 años,Pregrado,De 3 millones a 4 millones,Antioquia,Años de experiencia,Auxiliar de arqueologia,Consultoria ambiental o estudios de impacto,Variables. Dependen de contratos,Más de 15 días,Ninguna,"Excel, QGis, ArcGis, Google Maps",Falta de estabilidad laboral,NA,No tengo posgrado,Aproximadamente lo que debería ganar,Más oportunidades de empleo,3,"Está es una manera real de entender el comportamiento laboral en arqueologia. Considero que una de las falencias que noto desde mi punto de vista, es la formación que tengo como antropólogo y por cuestiones laborales debemos adaptarnos a la arqueología y con ello recaen muchos problemas, entre ellos la falta de amor y apropiación por especializarse o realizar el trabajo correctamente. También, el gremio arqueólogico es demasiado cerrado y las luchas internas y de clases por parte de profesionales, hacen que hayan discordias y se preste para malas referencias y sea descartado. Gracias por querer hacer de la arqueologia una ciencia para construir y aprender. Saludos",No tengo posgrado,3,180,Departamento
7/10/2026 11:23:55,"Si, es mi profesión principal",Hombre,36 años - 40 años,"Arqueología preventiva o de rescate: obras civiles, construcciones, licencias ambientales, etc","Empleado directo de tiempo completo, Contratista - prestación de servicios",4 a 6 años,Pregrado,De 3 millones a 4 millones,Atlantico,Años de experiencia,Auxiliar de arqueologia,Consultoria ambiental o estudios de impacto,Variables. Dependen de contratos,Más de 15 días,Ninguna,"Excel, QGis, ArcGis, Google Maps",Falta de estabilidad laboral,NA,No tengo posgrado,Aproximadamente lo que debería ganar,Más oportunidades de empleo,3,"Está es una manera real de entender el comportamiento laboral en arqueologia. Considero que una de las falencias que noto desde mi punto de vista, es la formación que tengo como antropólogo y por cuestiones laborales debemos adaptarnos a la arqueología y con ello recaen muchos problemas, entre ellos la falta de amor y apropiación por especializarse o realizar el trabajo correctamente. También, el gremio arqueólogico es demasiado cerrado y las luchas internas y de clases por parte de profesionales, hacen que hayan discordias y se preste para malas referencias y sea descartado. Gracias por querer hacer de la arqueologia una ciencia para construir y aprender. Saludos",No tengo posgrado,3,180,Departamento
7/10/2026 11:23:55,"Si, es mi profesión principal",Hombre,36 años - 40 años,"Arqueología preventiva o de rescate: obras civiles, construcciones, licencias ambientales, etc","Empleado directo de tiempo completo, Contratista - prestación de servicios",4 a 6 años,Pregrado,De 3 millones a 4 millones,Caqueta,Años de experiencia,Auxiliar de arqueologia,Consultoria ambiental o estudios de impacto,Variables. Dependen de contratos,Más de 15 días,Ninguna,"Excel, QGis, ArcGis, Google Maps",Falta de estabilidad laboral,NA,No tengo posgrado,Aproximadamente lo que debería ganar,Más oportunidades de empleo,3,"Está es una manera real de entender el comportamiento laboral en arqueologia. Considero que una de las falencias que noto desde mi punto de vista, es la formación que tengo como antropólogo y por cuestiones laborales debemos adaptarnos a la arqueología y con ello recaen muchos problemas, entre ellos la falta de amor y apropiación por especializarse o realizar el trabajo correctamente. También, el gremio arqueólogico es demasiado cerrado y las luchas internas y de clases por parte de profesionales, hacen que hayan discordias y se preste para malas referencias y sea descartado. Gracias por querer hacer de la arqueologia una ciencia para construir y aprender. Saludos",No tengo posgrado,3,180,Departamento
7/10/2026 11:23:55,"Si, es mi profesión principal",Hombre,36 años - 40 años,"Arqueología preventiva o de rescate: obras civiles, construcciones, licencias ambientales, etc","Empleado directo de tiempo completo, Contratista - prestación de servicios",4 a 6 años,Pregrado,De 3 millones a 4 millones,La Guajira,Años de experiencia,Auxiliar de arqueologia,Consultoria ambiental o estudios de impacto,Variables. Dependen de contratos,Más de 15 días,Ninguna,"Excel, QGis, ArcGis, Google Maps",Falta de estabilidad laboral,NA,No tengo posgrado,Aproximadamente lo que debería ganar,Más oportunidades de empleo,3,"Está es una manera real de entender el comportamiento laboral en arqueologia. Considero que una de las falencias que noto desde mi punto de vista, es la formación que tengo como antropólogo y por cuestiones laborales debemos adaptarnos a la arqueología y con ello recaen muchos problemas, entre ellos la falta de amor y apropiación por especializarse o realizar el trabajo correctamente. También, el gremio arqueólogico es demasiado cerrado y las luchas internas y de clases por parte de profesionales, hacen que hayan discordias y se preste para malas referencias y sea descartado. Gracias por querer hacer de la arqueologia una ciencia para construir y aprender. Saludos",No tengo posgrado,3,180,Departamento
7/10/2026 11:23:55,"Si, es mi profesión principal",Hombre,36 años - 40 años,"Arqueología preventiva o de rescate: obras civiles, construcciones, licencias ambientales, etc","Empleado directo de tiempo completo, Contratista - prestación de servicios",4 a 6 años,Pregrado,De 3 millones a 4 millones,Sucre,Años de experiencia,Auxiliar de arqueologia,Consultoria ambiental o estudios de impacto,Variables. Dependen de contratos,Más de 15 días,Ninguna,"Excel, QGis, ArcGis, Google Maps",Falta de estabilidad laboral,NA,No tengo posgrado,Aproximadamente lo que debería ganar,Más oportunidades de empleo,3,"Está es una manera real de entender el comportamiento laboral en arqueologia. Considero que una de las falencias que noto desde mi punto de vista, es la formación que tengo como antropólogo y por cuestiones laborales debemos adaptarnos a la arqueología y con ello recaen muchos problemas, entre ellos la falta de amor y apropiación por especializarse o realizar el trabajo correctamente. También, el gremio arqueólogico es demasiado cerrado y las luchas internas y de clases por parte de profesionales, hacen que hayan discordias y se preste para malas referencias y sea descartado. Gracias por querer hacer de la arqueologia una ciencia para construir y aprender. Saludos",No tengo posgrado,3,180,Departamento
7/10/2026 16:23:26,"Si, es mi profesión principal",Mujer,41 años - 45 años,"Arqueología preventiva o de rescate: obras civiles, construcciones, licencias ambientales, etc",Contratista - prestación de servicios,4 a 6 años,Especializacion,De 3 millones a 4 millones,Bogota D.C.,Ninguno,Arqueologo,Obras civiles y construccion,Variables. Dependen de contratos,Más de 15 días,Ninguna,"Excel, Word, QGis, Google Maps",Falta de reconocimiento profesional,NA,Antropología y Arqueología,Mucho menor a la que debería ganar,Más oportunidades de empleo,2,"Sería importante abrir más campo y oportunidades laborales relacionados con patrimonio, divulgación y apropiación del conocimiento",Antropología en general o arqueología,2,181,Departamento
7/15/2026 20:55:47,"Si, es mi profesión principal",Hombre,36 años - 40 años,"Arqueología preventiva o de rescate: obras civiles, construcciones, licencias ambientales, etc","Contratista - prestación de servicios, Trabajador independiente, Consultoria, Emprendimientos propios - empresa propia",7 a 10 años,Pregrado,De 4 millones a 5 millones,Bogota D.C.,Tener RNA,Consultor,Sector energetico,Variables. Dependen de contratos,Más de 15 días,De 4 a 10 personas,"Excel, Word, QGis, Google Maps, Redes sociales: WhatsApp, Telegram, etc, Inteligencia Artificial",Poca oferta de empleos,NA,No tengo posgrado,Aproximadamente lo que debería ganar,Más oportunidades de empleo,5,muy buena encuesta,No tengo posgrado,5,182,Departamento
7/15/2026 20:55:47,"Si, es mi profesión principal",Hombre,36 años - 40 años,"Arqueología preventiva o de rescate: obras civiles, construcciones, licencias ambientales, etc","Contratista - prestación de servicios, Trabajador independiente, Consultoria, Emprendimientos propios - empresa propia",7 a 10 años,Pregrado,De 4 millones a 5 millones,Atlantico,Tener RNA,Consultor,Sector energetico,Variables. Dependen de contratos,Más de 15 días,De 4 a 10 personas,"Excel, Word, QGis, Google Maps, Redes sociales: WhatsApp, Telegram, etc, Inteligencia Artificial",Poca oferta de empleos,NA,No tengo posgrado,Aproximadamente lo que debería ganar,Más oportunidades de empleo,5,muy buena encuesta,No tengo posgrado,5,182,Departamento
7/15/2026 20:55:47,"Si, es mi profesión principal",Hombre,36 años - 40 años,"Arqueología preventiva o de rescate: obras civiles, construcciones, licencias ambientales, etc","Contratista - prestación de servicios, Trabajador independiente, Consultoria, Emprendimientos propios - empresa propia",7 a 10 años,Pregrado,De 4 millones a 5 millones,Bolivar,Tener RNA,Consultor,Sector energetico,Variables. Dependen de contratos,Más de 15 días,De 4 a 10 personas,"Excel, Word, QGis, Google Maps, Redes sociales: WhatsApp, Telegram, etc, Inteligencia Artificial",Poca oferta de empleos,NA,No tengo posgrado,Aproximadamente lo que debería ganar,Más oportunidades de empleo,5,muy buena encuesta,No tengo posgrado,5,182,Departamento
7/15/2026 20:55:47,"Si, es mi profesión principal",Hombre,36 años - 40 años,"Arqueología preventiva o de rescate: obras civiles, construcciones, licencias ambientales, etc","Contratista - prestación de servicios, Trabajador independiente, Consultoria, Emprendimientos propios - empresa propia",7 a 10 años,Pregrado,De 4 millones a 5 millones,Huila,Tener RNA,Consultor,Sector energetico,Variables. Dependen de contratos,Más de 15 días,De 4 a 10 personas,"Excel, Word, QGis, Google Maps, Redes sociales: WhatsApp, Telegram, etc, Inteligencia Artificial",Poca oferta de empleos,NA,No tengo posgrado,Aproximadamente lo que debería ganar,Más oportunidades de empleo,5,muy buena encuesta,No tengo posgrado,5,182,Departamento
7/15/2026 20:55:47,"Si, es mi profesión principal",Hombre,36 años - 40 años,"Arqueología preventiva o de rescate: obras civiles, construcciones, licencias ambientales, etc","Contratista - prestación de servicios, Trabajador independiente, Consultoria, Emprendimientos propios - empresa propia",7 a 10 años,Pregrado,De 4 millones a 5 millones,Meta,Tener RNA,Consultor,Sector energetico,Variables. Dependen de contratos,Más de 15 días,De 4 a 10 personas,"Excel, Word, QGis, Google Maps, Redes sociales: WhatsApp, Telegram, etc, Inteligencia Artificial",Poca oferta de empleos,NA,No tengo posgrado,Aproximadamente lo que debería ganar,Más oportunidades de empleo,5,muy buena encuesta,No tengo posgrado,5,182,Departamento
7/22/2026 8:15:38,"Si, es mi profesión principal",Mujer,46 años - 50 años,"Arqueología preventiva o de rescate: obras civiles, construcciones, licencias ambientales, etc",Empleado directo de tiempo completo,7 a 10 años,Pregrado,De 3 millones a 4 millones,Cesar,Ninguno,Arqueologo,Obras civiles y construccion,Muy estables,Más de 15 días,Ninguna,"Excel, Word",Falta de reconocimiento profesional,NA,No tengo posgrado,Aproximadamente lo que debería ganar,Mejor reconocimiento profesional,3,"Debería dejar de deshumanizarse el quehacer arqueológico, que los líderes de arqueología atendieran más y mejor el oficio,el propósito que tenemos sin desatender los temas de producción en las empresas, percibo lo contrario, atienden más la producción de la empresa y desatienden el propósito real de su oficio y/o cargo",No tengo posgrado,3,183,Departamento
7/22/2026 8:15:38,"Si, es mi profesión principal",Mujer,46 años - 50 años,"Arqueología preventiva o de rescate: obras civiles, construcciones, licencias ambientales, etc",Empleado directo de tiempo completo,7 a 10 años,Pregrado,De 3 millones a 4 millones,Magdalena,Ninguno,Arqueologo,Obras civiles y construccion,Muy estables,Más de 15 días,Ninguna,"Excel, Word",Falta de reconocimiento profesional,NA,No tengo posgrado,Aproximadamente lo que debería ganar,Mejor reconocimiento profesional,3,"Debería dejar de deshumanizarse el quehacer arqueológico, que los líderes de arqueología atendieran más y mejor el oficio,el propósito que tenemos sin desatender los temas de producción en las empresas, percibo lo contrario, atienden más la producción de la empresa y desatienden el propósito real de su oficio y/o cargo",No tengo posgrado,3,183,Departamento
7/22/2026 9:04:12,"Si, es mi profesión principal",Hombre,26 años - 30 años,"Arqueología preventiva o de rescate: obras civiles, construcciones, licencias ambientales, etc",Empleado directo de tiempo completo,7 a 10 años,Pregrado,De 5 millones a 6 millones,Atlantico,Especializacion tecnica,Arqueologo,Obras civiles y construccion,Muy estables,Más de 15 días,Más de 10 personas,"Excel, Word, Google Maps, Citacion bibliográfica: Mendeley, Zotero, EndNote, etc, Redes sociales: WhatsApp, Telegram, etc",Desconexion entre formacion y oportunidades,NA,No tengo posgrado,Aproximadamente lo que debería ganar,Mayor estabilidad laboral,3,"Creo que es importante mencionar que en la arqueología preventiva es difícil la movilidad salarial, no existen ascensos y para lograrlos se deben tomar responsabilidades que algunas veces están por encima para las cuales fueron contratados los profesionales. Es decir, toca regalar trabajo para tener visibilidad y de esa forma los contratistas o jefes inmediatos puedan subir el salario después de un tiempo que no está establecido.",No tengo posgrado,3,184,Departamento
7/22/2026 9:04:12,"Si, es mi profesión principal",Hombre,26 años - 30 años,"Arqueología preventiva o de rescate: obras civiles, construcciones, licencias ambientales, etc",Empleado directo de tiempo completo,7 a 10 años,Pregrado,De 5 millones a 6 millones,Cesar,Especializacion tecnica,Arqueologo,Obras civiles y construccion,Muy estables,Más de 15 días,Más de 10 personas,"Excel, Word, Google Maps, Citacion bibliográfica: Mendeley, Zotero, EndNote, etc, Redes sociales: WhatsApp, Telegram, etc",Desconexion entre formacion y oportunidades,NA,No tengo posgrado,Aproximadamente lo que debería ganar,Mayor estabilidad laboral,3,"Creo que es importante mencionar que en la arqueología preventiva es difícil la movilidad salarial, no existen ascensos y para lograrlos se deben tomar responsabilidades que algunas veces están por encima para las cuales fueron contratados los profesionales. Es decir, toca regalar trabajo para tener visibilidad y de esa forma los contratistas o jefes inmediatos puedan subir el salario después de un tiempo que no está establecido.",No tengo posgrado,3,184,Departamento
7/28/2026 16:08:14,"Si, es mi profesión principal",Hombre,46 años - 50 años,"Arqueología preventiva o de rescate: obras civiles, construcciones, licencias ambientales, etc",Contratista - prestación de servicios,11 y 15 años,Maestría,De 5 millones a 6 millones,Cundinamarca,Años de experiencia,Arqueologo,Obras civiles y construccion,Variables. Dependen de contratos,De 1 a 5 días,De 1 a 3 personas,"Excel, Word, Google Sheets, QGis, Google Maps, Surfer, Mystat",Poca oferta de empleos,NA,Otro,Mucho menor a la que debería ganar,El pensum de las universidades,5,En los años de experiencia debiron incluir un rango más amplio. En mi caso tengo más años de experiencia de los que se presentaron en las opciones. Gracias por el espacio,Otro,5,185,Departamento
