Timestamp,"1. Actualmente ¿trabajas en arqueología? 
",2. ¿Con que género te identificas?,3. ¿En qué rango de edad te encuentras?, 4. ¿En cuál de las siguientes áreas has desarrollado principalmente tu trabajo?  ,"5. Actualmente, ¿cómo obtienes tus ingresos relacionados con arqueología? Puedes seleccionar varias opciones",6 ¿Cuántos años tienes de experiencia en Arqueología?,"7. ¿Cuál es tu nivel de formación académica?
"," 8. ¿Cuál es tu ingreso mensual promedio relacionado con la arqueología?  Si tienes varias fuentes, un promedio general","9. ¿En qué departamento realizas la mayor parte de tu trabajo? Si tienes varios, elige los 2 más significativos. También aplica trabajo académico","10. En tu experiencia, ¿qué factor ha tenido mayor impacto en tus ingresos como arqueólog@?  Lo que mas te ha ayudado a subir tu salario considerablemente",11. ¿Cuál es actualmente tu cargo o rol en arqueología?,"  12. ¿En qué tipo de proyecto o empresa trabajas principalmente?  Si tienes varios, elige el más importante",13.Tus ingresos en arqueología son...,"14. En un mes típico, ¿cuántos días realizas trabajo de campo?",15. ¿Cuántas personas tienes a cargo dentro de tu proyecto o empleo?,16. ¿Cuáles de herramientas tecnológicas utilizas más para tus trabajos en arqueología? Elige todas las que sepas manejar,"17. ¿En que grado, consideras tú que es el mayor problema del mercado laboral de la Arqueología en Colombia? Elige el que consideras más relevante",18. ¿Valió la pena para ti hacer posgrado en arqueología? A nivel de salario y desarrollo profesional,"19. ¿En qué área está tu posgrado? Especialización, maestría o doctorado. Elige solo una","20. Según tu experiencia y lo que notas, ¿crees que tu remuneración actual es..?","21. Si pudieras cambiar una sola cosa para mejorar la profesión de los arqueólogos en Colombia, ¿cuál sería?","22.  Si pudieras decidir de nuevo, ¿volverías a elegir arqueología en Colombia como profesión? Califica de 1 a 5

1. No
2. Probablemente no
3. Quizás...Tal vez
4. Probablemente si
5. Claro ¡Me encanta!",Comentarios y sugerencias que nos quieras hacer o compartir. Puedes dejarnos reflexiones y anécdotas sobre tu vida profesional. Queremos escucharte
6/1/2026 19:40:11,"Si, es mi profesión principal",Hombre,31 años - 35 años,"Arqueología preventiva o de rescate: obras civiles, construcciones, licencias ambientales, etc","Contratista - prestación de servicios, Trabajador independiente, Consultoria, Emprendimientos propios - empresa propia",7 a 10 años,Pregrado,De 4 millones a 5 millones,Cauca,Tener RNA,Director o lider de proyecto,"Soy empresario, emprendedor",Variables. Depende de contratos,De 1 a 5 días,De 1 a 3 personas,"Excel, Word, QGis, Software de creación 3D: Blender, Agisfot Metashape, SketchUp, etc, AutoCAD, Redes sociales: WhatsApp, Telegram, etc",Bajos salarios,"No tengo título de posgrado aún, pero quiero hacerlo",No tengo posgrado,Mucho menor a la que debería ganar,Mayor estabilidad laboral,5,
6/1/2026 19:43:15,"No actualmente, pero lo he hecho antes",Hombre,20 años - 25 años,"Arqueología académica o básica: docencia, investigación, editoriales, museos, semilleros, proyectos academicos, universidades",Trabajador independiente,Entre 1 a 3 años,Pregrado,Menos de 2 millones de pesos,Cundinamarca,Manejar SIG,Arqueólogo,Semillerista de investigación - Universidad,Ocasionales o esporádicos,Más de 15 días,Ninguna,"Excel, Word, QGis, Redes sociales: WhatsApp, Telegram, etc, Inteligencia Artificial",Falta de relación entre formación y oportunidades laborales,"No tengo título de posgrado aún, pero quiero hacerlo",No tengo posgrado,Mucho menor a la que debería ganar,Más oportunidades de empleo,4,
6/1/2026 19:45:03,"Si, es mi profesión principal",Hombre,31 años - 35 años,"Arqueología preventiva o de rescate: obras civiles, construcciones, licencias ambientales, etc","Empleado directo de tiempo completo, Consultoria",7 a 10 años,Pregrado,De 5 millones a 6 millones,Meta,Años de experiencia,Arqueólogo,Consultoría ambiental o estudios de impacto,Muy estables. Cuento siempre con un salario fijo,Más de 15 días,De 1 a 3 personas,"Excel, Word, QGis, ArcGis, Google Maps, Redes sociales: WhatsApp, Telegram, etc, BASECAMP",Falta de estabilidad laboral,Considero que el posgrado no es relevante,No tengo posgrado,Aproximadamente lo que debería ganar,Mayor estabilidad laboral,5,
6/1/2026 19:45:06,"Si, es mi profesión principal",Mujer,31 años - 35 años,"Arqueología preventiva o de rescate: obras civiles, construcciones, licencias ambientales, etc",Empleado directo de tiempo completo,11 y 15 años,Pregrado,De 3 millones a 4 millones,Antioquia,Nada ha ayudado a tener mejores ingresos,Arqueólogo,"Obras civiles: empresas dedicadas a la construcción de carreteras, urbanismo, energía, construcción",Muy estables. Cuento siempre con un salario fijo,Más de 15 días,Ninguna,"Excel, Word, Google Maps",Bajos salarios,"No tengo título de posgrado aún, pero quiero hacerlo",No tengo posgrado,Mucho menor a la que debería ganar,Mejores salarios,2,
6/1/2026 19:46:45,"Si, es mi profesión principal",Mujer,31 años - 35 años,"Arqueología preventiva o de rescate: obras civiles, construcciones, licencias ambientales, etc",Empleado directo de tiempo completo,Entre 1 a 3 años,Estudiante de pregrado,De 2 millones a 2.5 millones,Antioquia ,Años de experiencia,Auxiliar de arqueología,"Obras civiles: empresas dedicadas a la construcción de carreteras, urbanismo, energía, construcción",Variables. Depende de contratos,Más de 15 días,De 1 a 3 personas,"Excel, Word",Bajos salarios,"No tengo título de posgrado aún, pero quiero hacerlo",No tengo posgrado,Aproximadamente lo que debería ganar,Mayor estabilidad laboral,5,
6/1/2026 19:47:51,"Si, es mi profesión principal",Mujer,26 años - 30 años,"Arqueología preventiva o de rescate: obras civiles, construcciones, licencias ambientales, etc",Empleado directo de tiempo completo,7 a 10 años,Pregrado,De 4 millones a 5 millones,Putumayo,Tus buenos contactos y tu red profesional,Arqueólogo,"Obras civiles: empresas dedicadas a la construcción de carreteras, urbanismo, energía, construcción",Muy estables. Cuento siempre con un salario fijo,Más de 15 días,De 1 a 3 personas,Excel,Falta de estabilidad laboral,Considero que el posgrado no es relevante,No tengo posgrado,Mucho menor a la que debería ganar,Más oportunidades de empleo,1,
6/1/2026 19:48:53,"Si, ocasionalmente",Mujer,31 años - 35 años,"Arqueología preventiva o de rescate: obras civiles, construcciones, licencias ambientales, etc","Contratista - prestación de servicios, Museos y conservación. Gestor cultural",7 a 10 años,Pregrado,De 2 millones a 2.5 millones,Bogotá D.C.,Tus buenos contactos y tu red profesional,Arqueólogo,"Obras civiles: empresas dedicadas a la construcción de carreteras, urbanismo, energía, construcción",Ocasionales o esporádicos,11 a 15 días,De 4 a 10 personas,"Excel, Word, QGis, Google Maps",Falta de relación entre formación y oportunidades laborales,"No tengo título de posgrado aún, pero quiero hacerlo",No tengo posgrado,Mucho menor a la que debería ganar,Mayor estabilidad laboral,2,
6/1/2026 19:48:58,"Si, es mi profesión principal",Hombre,31 años - 35 años,"Arqueología preventiva o de rescate: obras civiles, construcciones, licencias ambientales, etc",Empleado directo de tiempo completo,Entre 1 a 3 años,Pregrado,De 3 millones a 4 millones,Meta,Ubicacion geográfica,Auxiliar de arqueología,Empresas petroleras o de extracción de gas,Muy estables. Cuento siempre con un salario fijo,Más de 15 días,Ninguna,"Excel, Word, QGis, ArcGis, AutoCAD, Google Maps",Bajos salarios,"No tengo título de posgrado aún, pero quiero hacerlo",No tengo posgrado,Algo menor de lo que debería ganar,Mejores salarios,4,
6/1/2026 19:50:16,"Si, es mi profesión principal",Mujer,20 años - 25 años,"Arqueología preventiva o de rescate: obras civiles, construcciones, licencias ambientales, etc","Empleado directo de tiempo completo, Contratista - prestación de servicios",Menos de 1 año,Pregrado,Menos de 2 millones de pesos,Bogotá D.C.,Nada ha mejorado mis ingresos ,Auxiliar de arqueología,Trabajo en laboratorios,Variables. Depende de contratos,No realizo trabajo de campo,Ninguna,"Excel, Word",Falta de claridad en tarifas u honorarios,"No tengo título de posgrado aún, pero quiero hacerlo",No tengo posgrado,Algo menor de lo que debería ganar,Mejor reconocimiento profesional,2,No hay garantías de mejoras de salario ni con experiencia ni con posgrados 
6/1/2026 19:50:50,"Si, es mi profesión principal",Mujer,26 años - 30 años,"Arqueología preventiva o de rescate: obras civiles, construcciones, licencias ambientales, etc",Contratista - prestación de servicios,4 a 6 años,Pregrado,De 2.5 millones a 3 millones,La Guajira,Tener RNA,Arqueólogo,"Obras civiles: empresas dedicadas a la construcción de carreteras, urbanismo, energía, construcción",Variables. Depende de contratos,Más de 15 días,De 1 a 3 personas,"Excel, QGis",Exceso de informalidad,"No tengo título de posgrado aún, pero quiero hacerlo",No tengo posgrado,Mucho menor a la que debería ganar,Mejor claridad en los honorarios o sueldos,5,
6/1/2026 19:51:47,"Si, es mi profesión principal",Mujer,20 años - 25 años,"Arqueología preventiva o de rescate: obras civiles, construcciones, licencias ambientales, etc",Contratista - prestación de servicios,Entre 1 a 3 años,Especializacion,De 2.5 millones a 3 millones,Bogotá D.C.,Tus buenos contactos y tu red profesional,Arqueólogo,"Obras civiles: empresas dedicadas a la construcción de carreteras, urbanismo, energía, construcción",Variables. Depende de contratos,Más de 15 días,Ninguna,"Excel, QGis",Bajos salarios,"Útil. Lo mejoró si, pero no lo que esperaba",Otro,Mucho menor a la que debería ganar,Más regulación del sector,1,
6/1/2026 19:56:15,"Si, es mi profesión principal",Mujer,26 años - 30 años,"Arqueología preventiva o de rescate: obras civiles, construcciones, licencias ambientales, etc",Empleado directo de tiempo completo,4 a 6 años,Pregrado,De 4 millones a 5 millones,"Bogotá D.C., Magdalena, Meta",Años de experiencia,Arqueólogo,"Obras civiles: empresas dedicadas a la construcción de carreteras, urbanismo, energía, construcción",Variables. Depende de contratos,Más de 15 días,Ninguna,"Excel, Word, QGis",Falta de estabilidad laboral,"No tengo título de posgrado aún, pero quiero hacerlo",No tengo posgrado,Mucho menor a la que debería ganar,Más regulación del sector,2,
6/1/2026 19:57:05,"Si, es mi profesión principal",Hombre,26 años - 30 años,ICANH,"Empleado directo de tiempo completo, Modelos de datos ",4 a 6 años,Especializacion,De 4 millones a 5 millones,Bogotá D.C.,Manejar SIG,Auxiliar de arqueología,"Obras civiles: empresas dedicadas a la construcción de carreteras, urbanismo, energía, construcción",Muy estables. Cuento siempre con un salario fijo,De 1 a 5 días,Ninguna,"Excel, Word, Python, QGis, Google Maps, Fotogrametría, Inteligencia Artificial",Bajos salarios,"Útil. Lo mejoró si, pero no lo que esperaba",SIG. Geografía. Estudios territoriales. Ciencias Ambientales. Catastro. Teledetección. Arqueobotánica,Mucho menor a la que debería ganar,Mejores salarios,4,Hay estabilidad laboral pero los sueldos hace años no suben. 
6/1/2026 19:57:19,"Si, es mi profesión principal",Hombre,20 años - 25 años,"Arqueología preventiva o de rescate: obras civiles, construcciones, licencias ambientales, etc","Contratista - prestación de servicios, Investigador forense",Menos de 1 año,Pregrado,De 3 millones a 4 millones,Bogotá D.C.,Años de experiencia,Auxiliar de arqueología,"Obras civiles: empresas dedicadas a la construcción de carreteras, urbanismo, energía, construcción",Variables. Depende de contratos,Más de 15 días,De 1 a 3 personas,"Excel, Word, QGis, Software de creación 3D: Blender, Agisfot Metashape, SketchUp, etc, ArcGis, Google Maps, Fotogrametría, SQL, Software de dibujo técnico y edicion fotografica: Illustrator, Corel, Krita, etc, Citacion bibliográfica: Mendeley, Zotero, EndNote, etc, Redes sociales: WhatsApp, Telegram, etc, Inteligencia Artificial",Bajos salarios,"No tengo título de posgrado aún, pero quiero hacerlo",No tengo posgrado,Mucho menor a la que debería ganar,Más regulación del sector,1,
6/1/2026 19:58:49,"No actualmente, pero lo he hecho antes",Hombre,26 años - 30 años,"Arqueología preventiva o de rescate: obras civiles, construcciones, licencias ambientales, etc",Trabajador independiente,4 a 6 años,Maestría,Menos de 2 millones de pesos,Bogotá D.C.,Redes sociales,Tallerista,"Trabajo independiente, freenlance o por proyectos",Ocasionales o esporádicos,No realizo trabajo de campo,Ninguna,"Excel, Word, Google Maps, Fotogrametría, Software de dibujo técnico y edicion fotografica: Illustrator, Corel, Krita, etc, Redes sociales: WhatsApp, Telegram, etc, Inteligencia Artificial",Diferencias marcadas entre sectores (académico vs obras civiles),Poco útil. Muy poco realmente,Antropología en general o arqueología,Algo menor de lo que debería ganar,Mayor estabilidad laboral,1,"Abandoné la arqueología para empezar en otro campo, en la educación, la arqueología sirvió como un puente para ese proceso. Definitivamente no volvería a estudiar algo relacionado con la arqueología y no volvería a trabajar en una empresa relacionada con la arqueología preventiva. La doble moral de las vacas sagradas, los malos tratos y la destrucción del patrimonio arqueológico a manos de aquellos/as que se suponen deben protegerlo, es algo bastante desilusionante. Lastimosamente la arqueología se convirtió en un foco de estres, comenzó siendo una oportunidad reveladora, desafiante, pero rápidamente se convirtió en algo negativo para mí. "
6/1/2026 19:59:22,"Si, es mi profesión principal",Mujer,26 años - 30 años,"Arqueología preventiva o de rescate: obras civiles, construcciones, licencias ambientales, etc",Empleado directo de tiempo completo,Entre 1 a 3 años,Pregrado,De 5 millones a 6 millones,Bolivar,Tener RNA,Arqueólogo,"Obras civiles: empresas dedicadas a la construcción de carreteras, urbanismo, energía, construcción",Variables. Depende de contratos,Más de 15 días,De 4 a 10 personas,"Excel, Word, Google Sheets, Google Maps, Redes sociales: WhatsApp, Telegram, etc",Falta de estabilidad laboral,"No tengo título de posgrado aún, pero quiero hacerlo",Gestión del patrimonio cultural. Curaduría y restauración. Arquitectura. Estudios urbanisticos. Museología. Artes,Aproximadamente lo que debería ganar,Mayor estabilidad laboral,4,
6/1/2026 19:59:37,"Si, es mi profesión principal",Prefiero no decirlo,36 años - 40 años,"Arqueología preventiva o de rescate: obras civiles, construcciones, licencias ambientales, etc",Empleado directo de tiempo completo,7 a 10 años,Especializacion,De 5 millones a 6 millones,Bogotá D.C.,Coordinador de actividades ,Coordinador de proyectos o afines,Consultoría ambiental o estudios de impacto,Muy estables. Cuento siempre con un salario fijo,No realizo trabajo de campo,Más de 10 personas,"Excel, Word, Google Sheets, Python, SPSS, QGis, Software de creación 3D: Blender, Agisfot Metashape, SketchUp, etc, ArcGis, Google Maps, Fotogrametría, SQL, Software de dibujo técnico y edicion fotografica: Illustrator, Corel, Krita, etc, Citacion bibliográfica: Mendeley, Zotero, EndNote, etc, Redes sociales: WhatsApp, Telegram, etc, Inteligencia Artificial",La información es muy dispersa,Poco útil. Muy poco realmente,Ciencias de datos. Ingeniería de sistemas. Analítica de datos. Inteligencia artificial,Aproximadamente lo que debería ganar,Mejor claridad en los honorarios o sueldos,2,
6/1/2026 20:00:01,"Si, es mi profesión principal",Mujer,41 años - 45 años,"Arqueología preventiva o de rescate: obras civiles, construcciones, licencias ambientales, etc",Empleado directo de tiempo completo,7 a 10 años,Maestría,De 4 millones a 5 millones,Bogotá D.C.,Tener RNA,Arqueólogo,"Obras civiles: empresas dedicadas a la construcción de carreteras, urbanismo, energía, construcción",Variables. Depende de contratos,De 6 a 10 días,Ninguna,"Excel, Word, QGis, Software de dibujo técnico y edicion fotografica: Illustrator, Corel, Krita, etc, Citacion bibliográfica: Mendeley, Zotero, EndNote, etc",Otro,"Lo realice fuera de Colombia, con la intención de aprender y es vergonzoso que en el país se diga haciendo lo mismo, que hace 50 años... ",Otro,Mucho menor a la que debería ganar,Más regulación del sector,4,"1. Este tipo de ejercicios son muy valiosos, pero igual está sectorizados, las Universidades debería reevaluar su pensum y sus propios profesores algunos repiten lo que han hecho, repiten, repiten  cambian cositas pero es lo mismo.
2. Igual que existe el ICANH debería existe una agrupación seria, que actualmente no se tiene... 
3. Dicha agrupación debería ofertar, cursos, diplomados sobre diversos temas. 
4. La Rosca que se tiene al interior el gremio, no ayuda, la poca empatía.(Colegas que abarcan y abarcan muchas licencias, por ley se debería monitorear, que se tuviera  un tope maximo de licencias)

 5. Se debería tener un representante por universidades en dicha agrupación e ir regulando que se enseña, aterrizar las prácticas .... "
6/1/2026 20:00:11,"Si, es mi profesión principal",Mujer,36 años - 40 años,"Arqueología preventiva o de rescate: obras civiles, construcciones, licencias ambientales, etc",Empleado directo de tiempo completo,7 a 10 años,Especializacion,De 5 millones a 6 millones,Bogotá D.C.,Años de experiencia,Arqueólogo,"Obras civiles: empresas dedicadas a la construcción de carreteras, urbanismo, energía, construcción",Muy estables. Cuento siempre con un salario fijo,De 1 a 5 días,Ninguna,"Excel, Word, QGis, Software de creación 3D: Blender, Agisfot Metashape, SketchUp, etc, Google Maps, Fotogrametría, Redes sociales: WhatsApp, Telegram, etc",Falta de estabilidad laboral,No tengo posgrado en arqueológia en sig,SIG. Geografía. Estudios territoriales. Ciencias Ambientales. Catastro. Teledetección. Arqueobotánica,Aproximadamente lo que debería ganar,Mayor estabilidad laboral,5,
6/1/2026 20:01:10,No,Hombre,20 años - 25 años,"Arqueología académica o básica: docencia, investigación, editoriales, museos, semilleros, proyectos academicos, universidades",Nunca he ganado ingresos,Menos de 1 año,Pregrado,Nunca he ganado nada,Santander,Años de experiencia,Desempleado ,Voluntariado,Ninguno,Más de 15 días,Ninguna,"Excel, Word, Google Sheets, SPSS, QGis, Google Maps, Citacion bibliográfica: Mendeley, Zotero, EndNote, etc, Redes sociales: WhatsApp, Telegram, etc, Inteligencia Artificial",Otro,"No tengo título de posgrado aún, pero quiero hacerlo",No tengo posgrado,Mucho menor a la que debería ganar,Mayor estabilidad laboral,5,
6/1/2026 20:01:38,"No actualmente, pero lo he hecho antes",Genero no binario,36 años - 40 años,"Arqueología preventiva o de rescate: obras civiles, construcciones, licencias ambientales, etc",Contratista - prestación de servicios,4 a 6 años,Pregrado,Menos de 2 millones de pesos,"Atlánico, Bolivar, Cundinamarca, Meta",Tener RNA,Desempleada,"Obras civiles: empresas dedicadas a la construcción de carreteras, urbanismo, energía, construcción",Ocasionales o esporádicos,De 1 a 5 días,Ninguna,"Excel, Word, SPSS, QGis, ArcGis, AutoCAD",Exceso de informalidad,"No tengo título de posgrado aún, pero quiero hacerlo",No tengo posgrado,Mucho menor a la que debería ganar,Más regulación del sector,1,"La arqueología en colombia tiene muy mal manejo ambiental de parte de autoridades. Falta de respaldo y garantías, es un gremio muy conflictivo, desigual, corrupto y vendido a los intereses del sector privado."
6/1/2026 20:01:50,"Si, es mi profesión principal",Mujer,26 años - 30 años,"Arqueología preventiva o de rescate: obras civiles, construcciones, licencias ambientales, etc",Empleado directo de tiempo completo,Entre 1 a 3 años,Pregrado,De 3 millones a 4 millones,Bogotá D.C.,Tus buenos contactos y tu red profesional,Arqueólogo,"Obras civiles: empresas dedicadas a la construcción de carreteras, urbanismo, energía, construcción",Variables. Depende de contratos,De 1 a 5 días,Ninguna,"Excel, Word, QGis, Fotogrametría",Falta de estabilidad laboral,"No tengo título de posgrado aún, pero quiero hacerlo",No tengo posgrado,Algo menor de lo que debería ganar,Más regulación del sector,2,
6/1/2026 20:02:36,"Si, es mi profesión principal",Mujer,20 años - 25 años,"Arqueología preventiva o de rescate: obras civiles, construcciones, licencias ambientales, etc",Empleado directo de tiempo completo,Entre 1 a 3 años,Pregrado,De 2.5 millones a 3 millones,Bogotá D.C.,Tener RNA,Auxiliar de arqueología,"Obras civiles: empresas dedicadas a la construcción de carreteras, urbanismo, energía, construcción",Variables. Depende de contratos,Más de 15 días,Ninguna,"Excel, Word, Software de creación 3D: Blender, Agisfot Metashape, SketchUp, etc, ArcGis, AutoCAD, Google Maps",Falta de estabilidad laboral,No tengo título de posgrado y no quiero hacerlo ,No tengo posgrado,Aproximadamente lo que debería ganar,Mayor estabilidad laboral,1,
6/1/2026 20:03:51,"Si, es mi profesión principal",Mujer,41 años - 45 años,"Arqueología preventiva o de rescate: obras civiles, construcciones, licencias ambientales, etc",Contratista - prestación de servicios,11 y 15 años,Maestría,De 5 millones a 6 millones,Bogotá D.C.,Tener RNA,Investigador independiente,Instituciones gubernamentales,Muy estables. Cuento siempre con un salario fijo,No realizo trabajo de campo,Ninguna,"Excel, Word, Google Sheets, Python, QGis, ArcGis, Google Maps, Redes sociales: WhatsApp, Telegram, etc",Bajos salarios,"Útil. Lo mejoró si, pero no lo que esperaba",Antropología en general o arqueología,Algo menor de lo que debería ganar,Mayor estabilidad laboral,5,
6/1/2026 20:04:39,"No actualmente, pero lo he hecho antes",Hombre,41 años - 45 años,"Arqueología preventiva o de rescate: obras civiles, construcciones, licencias ambientales, etc","Empleado directo de tiempo completo, Contratista - prestación de servicios",4 a 6 años,Pregrado,De 3 millones a 4 millones,Atlánico,Años de experiencia,Arqueólogo,"Obras civiles: empresas dedicadas a la construcción de carreteras, urbanismo, energía, construcción",Ocasionales o esporádicos,Más de 15 días,De 1 a 3 personas,"Excel, Word, Google Maps",Bajos salarios,Poco útil. Muy poco realmente,No tengo posgrado,Mucho menor a la que debería ganar,Mayor estabilidad laboral,2,
6/1/2026 20:08:12,"Si, es mi profesión principal",Mujer,31 años - 35 años,"Arqueología preventiva o de rescate: obras civiles, construcciones, licencias ambientales, etc","Empleado directo de tiempo completo, Trabajador independiente",4 a 6 años,Especializacion,De 3 millones a 4 millones,Tolima,Años de experiencia,Analista,"Obras civiles: empresas dedicadas a la construcción de carreteras, urbanismo, energía, construcción",Muy estables. Cuento siempre con un salario fijo,Más de 15 días,De 1 a 3 personas,"Excel, Word, QGis, ArcGis, Citacion bibliográfica: Mendeley, Zotero, EndNote, etc",Otro,Solo lo estudié porque era necesario para optimizar mi desempeño profesional ,SIG. Geografía. Estudios territoriales. Ciencias Ambientales. Catastro. Teledetección. Arqueobotánica,Mucho menor a la que debería ganar,Más regulación del sector,4,"La pregunta 9 está habilitada para múltiple respuesta pero pide marcar solo un departamento. La pregunta 11 podría incluir el sector de energías renovables (e.g. solares).
La pregunta 16 es de escala, pero está configurada para seleccionar una opción no para asignarle un grado a una categoría. "
6/1/2026 20:08:59,"Si, ocasionalmente",Hombre,31 años - 35 años,"Arqueología preventiva o de rescate: obras civiles, construcciones, licencias ambientales, etc","Trabajador independiente, Consultoria",7 a 10 años,Especializacion,De 3 millones a 4 millones,"Caldas, Risaralda, Valle del Cauca",Tener RNA,Consultor,Consultoría ambiental o estudios de impacto,Variables. Depende de contratos,De 1 a 5 días,De 1 a 3 personas,"Excel, Word, QGis, Software de creación 3D: Blender, Agisfot Metashape, SketchUp, etc, ArcGis, Google Maps, Fotogrametría, SQL, Redes sociales: WhatsApp, Telegram, etc",Otro,"No tengo posgrado en Arqueología, pero si tienes rna deberías adquirir más habilidades profesionales ",SIG. Geografía. Estudios territoriales. Ciencias Ambientales. Catastro. Teledetección. Arqueobotánica,Algo menor de lo que debería ganar,Más regulación del sector,5,"Uno de los grandes problemas de la Arqueología en Colombia es que con el decreto 139 se reglamento un esquema de la Arqueología importante, pero le dió la libertad a las instituciones que requieren este tipo de trabajos de no continuar con el PAP, pues no indica fechas límites que deben cumplir para ejecutarlo,  y desde el ICANH así se denuncie no hacen seguimiento ni sancionan las afectaciones al patrimonio."
6/1/2026 20:09:50,"Si, es mi profesión principal",Hombre,31 años - 35 años,"Arqueología preventiva o de rescate: obras civiles, construcciones, licencias ambientales, etc",Empleado directo de tiempo completo,7 a 10 años,Pregrado,De 4 millones a 5 millones,Bogotá D.C.,Años de experiencia,Coordinador de proyectos o afines,"Obras civiles: empresas dedicadas a la construcción de carreteras, urbanismo, energía, construcción",Muy estables. Cuento siempre con un salario fijo,De 1 a 5 días,Ninguna,"Excel, Word, QGis, Google Maps, Software de dibujo técnico y edicion fotografica: Illustrator, Corel, Krita, etc, Inteligencia Artificial",Bajos salarios,Considero que el posgrado no es relevante,No tengo posgrado,Algo menor de lo que debería ganar,Más oportunidades de empleo,2,
6/1/2026 20:14:26,"Si, es mi profesión principal",Mujer,31 años - 35 años,"Arqueología preventiva o de rescate: obras civiles, construcciones, licencias ambientales, etc",Empleado directo de tiempo completo,4 a 6 años,Pregrado,De 3 millones a 4 millones,"Bolivar, La Guajira, Magdalena, Meta, Valle del Cauca",Años de experiencia,Arqueólogo,Empresas petroleras o de extracción de gas,Variables. Depende de contratos,Más de 15 días,De 1 a 3 personas,"Excel, Word, QGis, Citacion bibliográfica: Mendeley, Zotero, EndNote, etc, Redes sociales: WhatsApp, Telegram, etc",Falta de estabilidad laboral,Considero que el posgrado no es relevante,No tengo posgrado,Algo menor de lo que debería ganar,Mayor estabilidad laboral,1,
6/1/2026 20:14:45,"Si, es mi profesión principal",Mujer,20 años - 25 años,"Arqueología preventiva o de rescate: obras civiles, construcciones, licencias ambientales, etc",Empleado directo de tiempo completo,Entre 1 a 3 años,Maestría,De 4 millones a 5 millones,Bogotá D.C.,Habilidades de comunicación y persuasión,Auxiliar de arqueología,"Obras civiles: empresas dedicadas a la construcción de carreteras, urbanismo, energía, construcción",Muy estables. Cuento siempre con un salario fijo,Más de 15 días,De 4 a 10 personas,"Excel, Word, Python, QGis, Software de creación 3D: Blender, Agisfot Metashape, SketchUp, etc, ArcGis, AutoCAD, Google Maps, Fotogrametría, Software de dibujo técnico y edicion fotografica: Illustrator, Corel, Krita, etc, Harris Composer ",Falta de estabilidad laboral,"Útil. Lo mejoró si, pero no lo que esperaba",Otro,Mucho menor a la que debería ganar,Mayor estabilidad laboral,4,"La red de contactos es fundamental en este gremio, en ocasiones no valen los títulos, ni experiencia, sino a quien conoces para entrar a trabajar, para mi, ese es el mayor reto del gremio laboral en arqueología "
6/1/2026 20:15:09,"Si, es mi profesión principal",Hombre,31 años - 35 años,"Arqueología preventiva o de rescate: obras civiles, construcciones, licencias ambientales, etc",Empleado directo de tiempo completo,4 a 6 años,Pregrado,De 4 millones a 5 millones,Cesar,Tus buenos contactos y tu red profesional,Arqueólogo,"Obras civiles: empresas dedicadas a la construcción de carreteras, urbanismo, energía, construcción",Variables. Depende de contratos,Más de 15 días,De 4 a 10 personas,"Excel, Word, QGis, Google Maps, Redes sociales: WhatsApp, Telegram, etc",Poca oferta de empleos,"No tengo título de posgrado aún, pero quiero hacerlo",No tengo posgrado,Aproximadamente lo que debería ganar,Mejores salarios,2,"Sugiero, con urgencia, crear nuestra colegiatura gremial."
6/1/2026 20:15:54,"Si, ocasionalmente",Hombre,31 años - 35 años,"Arqueología preventiva o de rescate: obras civiles, construcciones, licencias ambientales, etc","Trabajador independiente, Museos y conservación. Gestor cultural",Entre 1 a 3 años,Pregrado,Menos de 2 millones de pesos,Boyacá,Tus buenos contactos y tu red profesional,Arqueólogo,"Trabajo independiente, freenlance o por proyectos",Variables. Depende de contratos,De 1 a 5 días,Ninguna,"Excel, Word, QGis, Software de creación 3D: Blender, Agisfot Metashape, SketchUp, etc, Google Maps, Fotogrametría, Software de dibujo técnico y edicion fotografica: Illustrator, Corel, Krita, etc, Citacion bibliográfica: Mendeley, Zotero, EndNote, etc, Redes sociales: WhatsApp, Telegram, etc, Inteligencia Artificial",Falta de claridad en tarifas u honorarios,Considero que el posgrado no es relevante,No tengo posgrado,Mucho menor a la que debería ganar,Mayor estabilidad laboral,3,
6/1/2026 20:19:46,"Si, es mi profesión principal",Hombre,41 años - 45 años,"Arqueología preventiva o de rescate: obras civiles, construcciones, licencias ambientales, etc","Contratista - prestación de servicios, Docencia e investigación universitaria, Turismo",11 y 15 años,Maestría,De 3 millones a 4 millones,"Bogotá D.C., Santander",Tus buenos contactos y tu red profesional,"Profesor de antropología, arqueología o afines",Universidad,Variables. Depende de contratos,De 1 a 5 días,Ninguna,"Excel, Word, Google Sheets, SPSS, QGis, Software de creación 3D: Blender, Agisfot Metashape, SketchUp, etc, Google Maps, Fotogrametría, Software de dibujo técnico y edicion fotografica: Illustrator, Corel, Krita, etc, Citacion bibliográfica: Mendeley, Zotero, EndNote, etc, Redes sociales: WhatsApp, Telegram, etc, Inteligencia Artificial",Bajos salarios,"Útil. Lo mejoró si, pero no lo que esperaba",Antropología en general o arqueología,Mucho menor a la que debería ganar,Mejores salarios,3,
6/1/2026 20:22:01,"Si, es mi profesión principal",Mujer,26 años - 30 años,"Arqueología preventiva o de rescate: obras civiles, construcciones, licencias ambientales, etc",Empleado directo de tiempo completo,Entre 1 a 3 años,Pregrado,De 5 millones a 6 millones,"Cesar, La Guajira, Magdalena",Tus buenos contactos y tu red profesional,Auxiliar de arqueología,"Obras civiles: empresas dedicadas a la construcción de carreteras, urbanismo, energía, construcción",Muy estables. Cuento siempre con un salario fijo,Más de 15 días,De 1 a 3 personas,"Excel, Word, QGis, Software de creación 3D: Blender, Agisfot Metashape, SketchUp, etc, ArcGis, AutoCAD, Google Maps, Software de dibujo técnico y edicion fotografica: Illustrator, Corel, Krita, etc, Citacion bibliográfica: Mendeley, Zotero, EndNote, etc, Redes sociales: WhatsApp, Telegram, etc, Inteligencia Artificial",Bajos salarios,"Útil. Lo mejoró si, pero no lo que esperaba",No tengo posgrado,No sé cuánto debería ganar realmente,Mejor reconocimiento profesional,5,
6/1/2026 20:23:49,"Si, es mi profesión principal",Hombre,36 años - 40 años,"Arqueología preventiva o de rescate: obras civiles, construcciones, licencias ambientales, etc","Empleado directo de tiempo completo, Contratista - prestación de servicios",4 a 6 años,Pregrado,De 2.5 millones a 3 millones,"Atlánico, Sucre",Años de experiencia,Auxiliar de arqueología,"Obras civiles: empresas dedicadas a la construcción de carreteras, urbanismo, energía, construcción",Variables. Depende de contratos,Más de 15 días,Ninguna,"Excel, Word, QGis, ArcGis, Google Maps",Falta de estabilidad laboral,"No tengo título de posgrado aún, pero quiero hacerlo",No tengo posgrado,Algo menor de lo que debería ganar,Mayor estabilidad laboral,3,"Actualmente la arqueología está en un debate ético y profesional. Muchos de los trabajos conseguidos son por recomendaciones de otros colegas, porque el mercado laboral de arqueología, muchas veces recae en la relación que hay entre conocidos y dueños de los proyectos. 

Otra cosa, soy antropólogo y como muchos de mis colegas, hemos asumido la arqueologia como principal medio económico. No obstante, el aprendizaje debe asumirse con responsabilidad y no únicamente estar allí por estar y saltarse un montón de requisitos que afectan el patrimonio arqueólogico. 

"
6/1/2026 20:24:31,"Si, es mi profesión principal",Hombre,41 años - 45 años,"Arqueología preventiva o de rescate: obras civiles, construcciones, licencias ambientales, etc",Empleado directo de tiempo completo,11 y 15 años,Especializacion,De 3 millones a 4 millones,Valle del Cauca,"Nivel de formacion academica (especializacion, maestria, doctorado)",Arqueólogo,"Obras civiles: empresas dedicadas a la construcción de carreteras, urbanismo, energía, construcción",Variables. Depende de contratos,Más de 15 días,De 1 a 3 personas,"Excel, Word, Google Sheets, QGis, Google Maps, Citacion bibliográfica: Mendeley, Zotero, EndNote, etc, Redes sociales: WhatsApp, Telegram, etc, Inteligencia Artificial",Falta de reconocimiento profesional,Para nada. Lo que aprendí no se aplica en mi trabajo. La inversión se perdió,Antropología en general o arqueología,Mucho menor a la que debería ganar,Mayor estabilidad laboral,1,"El desconocimiento técnico y conceptual del mismo que hacer y la destrucción del patrimonio por parte de los mismo arqueólogos es otro punto en contra como profesionales. Realmente el gremio de los arqueólogos hay un analfabetismo técnico y conceptual muy alto y alto consumo de drogas en público en los proyectos, lo que aún afecta  más nuestra reputación y ejercicio profesional. "
6/1/2026 20:27:07,"Si, es mi profesión principal",Hombre,36 años - 40 años,"Arqueología preventiva o de rescate: obras civiles, construcciones, licencias ambientales, etc","Empleado directo de tiempo completo, Trabajador independiente, Consultoria, Emprendimientos propios - empresa propia, Dando cursos online y presenciales",7 a 10 años,Pregrado,De 4 millones a 5 millones,"Atlánico, Casanare, Meta, Quindio, Valle del Cauca",Tener RNA,Coordinador de proyectos o afines,Empresas petroleras o de extracción de gas,Variables. Depende de contratos,De 1 a 5 días,De 4 a 10 personas,"Excel, Word, SPSS, QGis, Google Maps, Fotogrametría, Software de dibujo técnico y edicion fotografica: Illustrator, Corel, Krita, etc",Falta de estabilidad laboral,"No tengo título de posgrado aún, pero quiero hacerlo",No tengo posgrado,Algo menor de lo que debería ganar,Mayor estabilidad laboral,4,"no sólo es la estabilidad laboral, también hay otros factores como son la precarización del trabajo con la tercerización de la profesión afectando el profesional entorno al salario, porque hay muchas empresas que desmeritan el trabajo arqueológico y ofrecen salarios paupérrimos aunado a pocas ofertas labores. "
6/1/2026 20:36:25,"Si, es mi profesión principal",Mujer,26 años - 30 años,Ambas por igual,Contratista - prestación de servicios,Entre 1 a 3 años,Pregrado,De 3 millones a 4 millones,Bogotá D.C.,Tus buenos contactos y tu red profesional,Arqueólogo,Universidad,Variables. Depende de contratos,Más de 15 días,Ninguna,"Excel, Word, Google Sheets, QGis, Software de dibujo técnico y edicion fotografica: Illustrator, Corel, Krita, etc, Citacion bibliográfica: Mendeley, Zotero, EndNote, etc, Inteligencia Artificial",Falta de estabilidad laboral,"No tengo título de posgrado aún, pero quiero hacerlo",No tengo posgrado,Mucho menor a la que debería ganar,Mayor estabilidad laboral,2,
6/1/2026 20:42:09,"Si, es mi profesión principal",Hombre,26 años - 30 años,"Arqueología preventiva o de rescate: obras civiles, construcciones, licencias ambientales, etc",Trabajador independiente,Entre 1 a 3 años,Pregrado,De 3 millones a 4 millones,Meta,Tus buenos contactos y tu red profesional,Arqueólogo,"Obras civiles: empresas dedicadas a la construcción de carreteras, urbanismo, energía, construcción",Variables. Depende de contratos,Más de 15 días,Ninguna,"Excel, Word, Google Sheets, QGis, ArcGis, AutoCAD, Google Maps, Fotogrametría, Software de dibujo técnico y edicion fotografica: Illustrator, Corel, Krita, etc, Redes sociales: WhatsApp, Telegram, etc, Inteligencia Artificial",Falta de reconocimiento profesional,Considero que el posgrado no es relevante,No tengo posgrado,Mucho menor a la que debería ganar,Mejor reconocimiento profesional,2,
6/1/2026 20:54:19,"Si, ocasionalmente",Hombre,26 años - 30 años,"Arqueología preventiva o de rescate: obras civiles, construcciones, licencias ambientales, etc",Contratista - prestación de servicios,Entre 1 a 3 años,Pregrado,De 4 millones a 5 millones,Meta,Sector hidrocarburos,Arqueólogo,Empresas petroleras o de extracción de gas,Ocasionales o esporádicos,Más de 15 días,Ninguna,"Word, QGis",Bajos salarios,"No tengo título de posgrado aún, pero quiero hacerlo",No tengo posgrado,Aproximadamente lo que debería ganar,Mejor reconocimiento profesional,3,
6/1/2026 20:59:45,"Si, es mi profesión principal",Mujer,20 años - 25 años,"Arqueología preventiva o de rescate: obras civiles, construcciones, licencias ambientales, etc",Empleado directo de tiempo completo,Entre 1 a 3 años,Pregrado,De 3 millones a 4 millones,"Bogotá D.C., Boyacá","Conocimientos especializados en zooarqueología, bioarqueología o afines",Auxiliar de arqueología,"Obras civiles: empresas dedicadas a la construcción de carreteras, urbanismo, energía, construcción",Variables. Depende de contratos,Más de 15 días,De 4 a 10 personas,"Excel, Word",Bajos salarios,"No tengo título de posgrado aún, pero quiero hacerlo",No tengo posgrado,No sé cuánto debería ganar realmente,Mayor estabilidad laboral,3,
6/1/2026 21:02:22,"Si, es mi profesión principal",Hombre,41 años - 45 años,"Arqueología preventiva o de rescate: obras civiles, construcciones, licencias ambientales, etc",Empleado directo de tiempo completo,11 y 15 años,Maestría,De 5 millones a 6 millones,"Bogotá D.C., Boyacá, Cesar, Cundinamarca, Santander, Antioquía ","Tu especialidad técnica en arqueología: cerámica, líticos, etc",Profesional Residente de obra,"Obras civiles: empresas dedicadas a la construcción de carreteras, urbanismo, energía, construcción",Variables. Depende de contratos,Más de 15 días,Ninguna,"Excel, Word, QGis, ArcGis, Google Maps, Fotogrametría, Redes sociales: WhatsApp, Telegram, etc",Falta de claridad en tarifas u honorarios,Poco útil. Muy poco realmente,Antropología en general o arqueología,Mucho menor a la que debería ganar,Mayor estabilidad laboral,3,
6/1/2026 21:03:53,"No actualmente, pero lo he hecho antes",Mujer,26 años - 30 años,"Arqueología preventiva o de rescate: obras civiles, construcciones, licencias ambientales, etc","Contratista - prestación de servicios, Consultoria",7 a 10 años,Maestría,De 4 millones a 5 millones,"Bogotá D.C., Atlánico",Manejar SIG,Consultor,Consultoría ambiental o estudios de impacto,Un poco fijos. Dependen de mis ingresos generados por consultoría o creación de contenido,De 1 a 5 días,Ninguna,"Excel, Word, QGis, ArcGis, Google Maps, Citacion bibliográfica: Mendeley, Zotero, EndNote, etc, Redes sociales: WhatsApp, Telegram, etc",Falta de relación entre formación y oportunidades laborales,Para nada. Lo que aprendí no se aplica en mi trabajo. La inversión se perdió,Antropología en general o arqueología,Mucho menor a la que debería ganar,Mejor reconocimiento profesional,1,
6/1/2026 21:15:02,"Si, ocasionalmente",Hombre,50 años o más,"Gestión, coordinación de planes de manejo arqueológico, documentación, divulgación","Contratista - prestación de servicios, Trabajador independiente, Museos y conservación. Gestor cultural, Generando material didáctico",11 y 15 años,Maestría,De 4 millones a 5 millones,"Bogotá D.C., Cundinamarca",Tener una marca personal reconocida,Coordinador de proyectos o afines,Gestión del patrimonio cultural,Variables. Depende de contratos,De 1 a 5 días,De 1 a 3 personas,"Google Maps, Software de dibujo técnico y edicion fotografica: Illustrator, Corel, Krita, etc, Redes sociales: WhatsApp, Telegram, etc",Otro,no me interesa hacer posgrado,Gestión del patrimonio cultural. Curaduría y restauración. Arquitectura. Estudios urbanisticos. Museología. Artes,Aproximadamente lo que debería ganar,Mejores salarios,3,
6/1/2026 21:31:17,"Si, es mi profesión principal",Mujer,36 años - 40 años,"Arqueología preventiva o de rescate: obras civiles, construcciones, licencias ambientales, etc",Contratista - prestación de servicios,11 y 15 años,Especializacion,6 millones a 7 millones,"Bogotá D.C., Antioquia",Tus buenos contactos y tu red profesional,Director o lider de proyecto,"Obras civiles: empresas dedicadas a la construcción de carreteras, urbanismo, energía, construcción",Variables. Depende de contratos,De 1 a 5 días,De 1 a 3 personas,"Excel, Word, QGis, AutoCAD, Google Maps, Software de dibujo técnico y edicion fotografica: Illustrator, Corel, Krita, etc, Citacion bibliográfica: Mendeley, Zotero, EndNote, etc, Redes sociales: WhatsApp, Telegram, etc, Inteligencia Artificial, Kobo, qfield, avenza ",Otro,Definitivamente. Mejoró mis oportunidades y mi salario,"Derecho. Antropología forense. Arqueología forense. Derechos humanos, enfocado al tema forense.",Aproximadamente lo que debería ganar,Más oportunidades de empleo,5,
6/1/2026 21:36:37,"Si, es mi profesión principal",Hombre,41 años - 45 años,"Arqueología preventiva o de rescate: obras civiles, construcciones, licencias ambientales, etc","Empleado directo de tiempo completo, Contratista - prestación de servicios",7 a 10 años,Maestría,De 4 millones a 5 millones,"Bogotá D.C., Cundinamarca, Antioquia",Años de experiencia,Arqueólogo,"Obras civiles: empresas dedicadas a la construcción de carreteras, urbanismo, energía, construcción",Variables. Depende de contratos,Más de 15 días,De 1 a 3 personas,"Excel, Word, QGis, Google Maps, Fotogrametría, Inteligencia Artificial",Poca oferta de empleos,Para nada. Lo que aprendí no se aplica en mi trabajo. La inversión se perdió,Gestión del patrimonio cultural. Curaduría y restauración. Arquitectura. Estudios urbanisticos. Museología. Artes,Mucho menor a la que debería ganar,Mejor reconocimiento profesional,1,"La arqueología no es valorada dentro de las ciencias sociales en Colombia, además de que hay poco trabajo y el estado con las normativas y la burocracia hace que el trabajo de la arqueología haya menguado, es bien sabido que por Ley se debe hacer en algunas obras de construcción, además de que en investigación no hay oportunidades, se reduce mucho a la academia y el círculo es cerrado, tampoco se tiene una agremiación que defienda los derechos laborales y a la arqueología que es una profesión de tercera clase. La importancia y relevancia de la arqueología como parte de las ciencias sociales y de la historia, no tiene una buena institucionalidad, además está centralizada y politizada, acá en Colombia la arqueología es subvalorada, y en campos aparte de la preventiva, está muy quedada en comparación a la de otros países. Tampoco hay oferta educativa al respecto, es decir especializaciones etc., y además en este ámbito no hay colegage, tampoco existe la interdisciplanariedad. No hay buena producción científica, es más técnica. Laboralmente no hay oportunidades y todo está muy limitado. "
6/1/2026 21:41:21,"Si, es mi profesión principal",Hombre,46 años -50 años,"Arqueología preventiva o de rescate: obras civiles, construcciones, licencias ambientales, etc",Empleado directo de tiempo completo,11 y 15 años,Maestría,Más de 10 millones,Bogotá D.C.,Años de experiencia,Coordinador de proyectos o afines,Consultoría ambiental o estudios de impacto,Muy estables. Cuento siempre con un salario fijo,No realizo trabajo de campo,De 1 a 3 personas,"Excel, Word, QGis, Google Maps, Redes sociales: WhatsApp, Telegram, etc, Inteligencia Artificial",Falta de relación entre formación y oportunidades laborales,Definitivamente. Mejoró mis oportunidades y mi salario,Zooarqueología. Biología. Bioarqueología. Osteología. Medicina. Nurición. Paleoantropologia,Aproximadamente lo que debería ganar,Mejor reconocimiento profesional,5,"Las dificultades que se presentan hoy en día radican en la fragmentación del gremio, sumado a la falta de articulación de la formación académica con el ejercicio profesional. Más posicionamiento como gremio puede mejorar las condiciones laborales y de investigación académica. "
6/1/2026 21:43:44,"Si, es mi profesión principal",Mujer,36 años - 40 años,"Arqueología preventiva o de rescate: obras civiles, construcciones, licencias ambientales, etc",Empleado directo de tiempo completo,7 a 10 años,Especializacion,6 millones a 7 millones,Bogotá D.C.,Tener RNA,Arqueólogo,"Obras civiles: empresas dedicadas a la construcción de carreteras, urbanismo, energía, construcción",Muy estables. Cuento siempre con un salario fijo,Más de 15 días,De 1 a 3 personas,"Excel, Word, QGis, Google Maps, Fotogrametría, Software de dibujo técnico y edicion fotografica: Illustrator, Corel, Krita, etc, Redes sociales: WhatsApp, Telegram, etc, Inteligencia Artificial",Falta de estabilidad laboral,Considero que el posgrado no es relevante,Gestión del patrimonio cultural. Curaduría y restauración. Arquitectura. Estudios urbanisticos. Museología. Artes,Aproximadamente lo que debería ganar,Mejor reconocimiento profesional,4,
6/1/2026 21:59:09,"Si, es mi profesión principal",Hombre,26 años - 30 años,Ambas por igual,"Empleado directo de tiempo completo, Docencia e investigación universitaria, Trabajador independiente, Consultoria, Divulgacion cientifica, Arqueología digital: modelos 3D, reconstrucción histórica, videojuegos, etc",Entre 1 a 3 años,Maestría,7 millones a 8 millones,"Bogotá D.C., Boyacá, Cundinamarca, Santander",Tus buenos contactos y tu red profesional,Arqueólogo,Instituciones gubernamentales,Muy estables. Cuento siempre con un salario fijo,Más de 15 días,De 4 a 10 personas,"Excel, Word, QGis, Software de creación 3D: Blender, Agisfot Metashape, SketchUp, etc, ArcGis, AutoCAD, Fotogrametría, Software de dibujo técnico y edicion fotografica: Illustrator, Corel, Krita, etc, Citacion bibliográfica: Mendeley, Zotero, EndNote, etc, Redes sociales: WhatsApp, Telegram, etc, Inteligencia Artificial",Bajos salarios,Definitivamente. Mejoró mis oportunidades y mi salario,Otro,Algo menor de lo que debería ganar,Mejor reconocimiento profesional,5,
6/1/2026 22:10:34,"No actualmente, pero lo he hecho antes",Hombre,46 años -50 años,"Arqueología preventiva o de rescate: obras civiles, construcciones, licencias ambientales, etc","Trabajador independiente, Emprendimientos propios - empresa propia",11 y 15 años,Doctorado,Menos de 2 millones de pesos,Bogotá D.C.,"Nivel de formacion academica (especializacion, maestria, doctorado)",Arqueólogo,Consultoría ambiental o estudios de impacto,Ocasionales o esporádicos,Más de 15 días,De 4 a 10 personas,"Excel, Word, Python, QGis, Software de creación 3D: Blender, Agisfot Metashape, SketchUp, etc, AutoCAD, Google Maps, Fotogrametría, Software de dibujo técnico y edicion fotografica: Illustrator, Corel, Krita, etc, Citacion bibliográfica: Mendeley, Zotero, EndNote, etc",Falta de relación entre formación y oportunidades laborales,la formación académica no.se refleja en los salarios ,SIG. Geografía. Estudios territoriales. Ciencias Ambientales. Catastro. Teledetección. Arqueobotánica,Mucho menor a la que debería ganar,Mayor estabilidad laboral,5,La pregunta 18 esta mal enfocada...cuando haces un doctorado en arqueología fuera del país debes abarcar casi todas las opciones que muestra la pregunta...desde  saber cocinar hasta ciencia de datos pasando por inteligencia artificial y derecho entre otras...
6/1/2026 22:52:58,"Si, es mi profesión principal",Mujer,36 años - 40 años,"Arqueología preventiva o de rescate: obras civiles, construcciones, licencias ambientales, etc",Empleado directo de tiempo completo,4 a 6 años,Maestría,De 3 millones a 4 millones,Risaralda,Años de experiencia,Arqueólogo,"Obras civiles: empresas dedicadas a la construcción de carreteras, urbanismo, energía, construcción",Variables. Depende de contratos,26,De 1 a 3 personas,"Excel, Word, Google Sheets, ArcGis, Google Maps, Fotogrametría, Inteligencia Artificial",Bajos salarios,"No tengo título de posgrado aún, pero quiero hacerlo",Otro,Algo menor de lo que debería ganar,Mejores salarios,3,
6/1/2026 22:56:44,"Si, es mi profesión principal",Hombre,41 años - 45 años,Ambas por igual,"Contratista - prestación de servicios, Docencia e investigación universitaria",11 y 15 años,Doctorado,9 millones a 10 millones,"Cesar, Huila",Años de experiencia,"Profesor de antropología, arqueología o afines",Universidad,Variables. Depende de contratos,De 1 a 5 días,Más de 10 personas,"Excel, Word, QGis, Google Maps",Falta de estabilidad laboral,Definitivamente. Mejoró mis oportunidades y mi salario,Antropología en general o arqueología,Aproximadamente lo que debería ganar,Mayor estabilidad laboral,5,
6/1/2026 23:32:37,"Si, es mi profesión principal",Hombre,31 años - 35 años,Ambas por igual,"Empleado directo de tiempo completo, Trabajador independiente, Consultoria",7 a 10 años,Maestría,De 4 millones a 5 millones,Antioquía ,Tener RNA,"Profesor de antropología, arqueología o afines","Obras civiles: empresas dedicadas a la construcción de carreteras, urbanismo, energía, construcción",Variables. Depende de contratos,Más de 15 días,De 1 a 3 personas,"Excel, Word, Python, SPSS, QGis, Software de creación 3D: Blender, Agisfot Metashape, SketchUp, etc, ArcGis, AutoCAD, Google Maps, Fotogrametría, Software de dibujo técnico y edicion fotografica: Illustrator, Corel, Krita, etc, Citacion bibliográfica: Mendeley, Zotero, EndNote, etc, Redes sociales: WhatsApp, Telegram, etc, Inteligencia Artificial",Falta de estabilidad laboral,Poco útil. Muy poco realmente,Zooarqueología. Biología. Bioarqueología. Osteología. Medicina. Nurición. Paleoantropologia,Mucho menor a la que debería ganar,Mayor estabilidad laboral,3,"Actualmente debido a la inestabilidad laboral salí del país para trabajar de nuevo como arqueólogo en otro, seguimos dando la lucha para hacer lo que amamos, pero el hecho de que lo único que se podía obtener era un muchas gracias por participar en cada convocatoria de empleo estable en el país marco la diferencia entre quedarme o ir a buscar oportunidades como investigador en otros sitios."
6/2/2026 0:23:48,"No actualmente, pero lo he hecho antes",Hombre,26 años - 30 años,"Arqueología preventiva o de rescate: obras civiles, construcciones, licencias ambientales, etc",Actualmente no recibo ingresos ,Menos de 1 año,Pregrado,Prefiero no responder,"Bogotá D.C., Cundinamarca",Redes sociales,Auxiliar de arqueología,"Obras civiles: empresas dedicadas a la construcción de carreteras, urbanismo, energía, construcción",Ocasionales o esporádicos,,,"Excel, Word, Google Sheets, Software de creación 3D: Blender, Agisfot Metashape, SketchUp, etc, AutoCAD, Fotogrametría, Software de dibujo técnico y edicion fotografica: Illustrator, Corel, Krita, etc, Redes sociales: WhatsApp, Telegram, etc",Falta de relación entre formación y oportunidades laborales,"No tengo título de posgrado aún, pero quiero hacerlo",No tengo posgrado,No sé cuánto debería ganar realmente,Mayor estabilidad laboral,5,"Creo que faltaban algunas opciones en algunas  preguntas, sobre todo orientadas a personas con muy poca experiencia o que trabajan muy exporadicamente; relaciónado a lo anterior creo que faltaron preguntas en torno a la experiencia laboral y como impacta esto a las oportunidades laborales, o como está  puede ser un indicador que ayude  en el análisis general del formulario"
6/2/2026 2:50:42,"Si, es mi profesión principal",Mujer,31 años - 35 años,"Arqueología preventiva o de rescate: obras civiles, construcciones, licencias ambientales, etc",Empleado directo de tiempo completo,4 a 6 años,Pregrado,De 2.5 millones a 3 millones,Antioquia ,Años de experiencia,Auxiliar de arqueología,"Obras civiles: empresas dedicadas a la construcción de carreteras, urbanismo, energía, construcción",Variables. Depende de contratos,30,Ninguna,"Excel, Word",Bajos salarios,No lo he hecho ,No tengo posgrado,Algo menor de lo que debería ganar,Más oportunidades de empleo,5,
6/2/2026 5:40:32,"Si, es mi profesión principal",Mujer,41 años - 45 años,"Arqueología preventiva o de rescate: obras civiles, construcciones, licencias ambientales, etc","Empleado directo de tiempo completo, Consultoria",11 y 15 años,Maestría,De 5 millones a 6 millones,"Cesar, La Guajira",Tener una marca personal reconocida,Coordinador de proyectos o afines,Parques foltovoltáicos. Sector energético,Variables. Depende de contratos,Más de 15 días,Más de 10 personas,"Excel, Word, QGis, ArcGis, Google Maps, Software de dibujo técnico y edicion fotografica: Illustrator, Corel, Krita, etc, Citacion bibliográfica: Mendeley, Zotero, EndNote, etc",Falta de reconocimiento profesional,Poco útil. Muy poco realmente,Gestión del patrimonio cultural. Curaduría y restauración. Arquitectura. Estudios urbanisticos. Museología. Artes,Algo menor de lo que debería ganar,Mejor reconocimiento profesional,4,"Otra de las grandes falencias esta en los mismos profesionales, demasiada mediocridad y falta de conocimiento. Los mismos ""arqueologos"" nos hacen quedar mal por su pasividad y desinterés por su trabajo, en general las empresas que requieren PAP piensan que hacer arqueologia es tomar una foto y ya, y eso es por la impresión que dan los profesionales mediocres y perezosos, entonces porque van a pagar mas si eso lo puede hacer cualquiera."
6/2/2026 5:57:31,"Si, es mi profesión principal",Hombre,31 años - 35 años,"Arqueología preventiva o de rescate: obras civiles, construcciones, licencias ambientales, etc",Empleado directo de tiempo completo,Entre 1 a 3 años,Pregrado,De 3 millones a 4 millones,Cundinamarca,Tus buenos contactos y tu red profesional,Arqueólogo,"Obras civiles: empresas dedicadas a la construcción de carreteras, urbanismo, energía, construcción",Muy estables. Cuento siempre con un salario fijo,Más de 15 días,Más de 10 personas,"Excel, Word, QGis, ArcGis, Google Maps",Bajos salarios,"No tengo título de posgrado aún, pero quiero hacerlo",No tengo posgrado,Algo menor de lo que debería ganar,Mejor reconocimiento profesional,5,
6/2/2026 6:28:54,"Si, es mi profesión principal",Mujer,20 años - 25 años,"Arqueología preventiva o de rescate: obras civiles, construcciones, licencias ambientales, etc",Empleado directo de tiempo completo,Entre 1 a 3 años,Pregrado,De 4 millones a 5 millones,"Cundinamarca, La Guajira, Valle del Cauca",Tener RNA,Auxiliar de arqueología,Parques foltovoltáicos. Sector energético,Muy estables. Cuento siempre con un salario fijo,Más de 15 días,De 4 a 10 personas,"Excel, Word, QGis, Google Maps, Software de dibujo técnico y edicion fotografica: Illustrator, Corel, Krita, etc",Falta de relación entre formación y oportunidades laborales,"No tengo título de posgrado aún, pero quiero hacerlo",No tengo posgrado,Aproximadamente lo que debería ganar,Mejor reconocimiento profesional,4,
6/2/2026 6:32:29,"Si, es mi profesión principal",Hombre,36 años - 40 años,"Arqueología preventiva o de rescate: obras civiles, construcciones, licencias ambientales, etc","Contratista - prestación de servicios, Consultoria",7 a 10 años,Pregrado,De 3 millones a 4 millones,Bogotá D.C.,Tener RNA,Arqueólogo,"Obras civiles: empresas dedicadas a la construcción de carreteras, urbanismo, energía, construcción",Variables. Depende de contratos,Más de 15 días,Ninguna,"Excel, Word, Google Sheets, QGis, ArcGis, AutoCAD, Google Maps, Fotogrametría, Software de dibujo técnico y edicion fotografica: Illustrator, Corel, Krita, etc, Citacion bibliográfica: Mendeley, Zotero, EndNote, etc, Redes sociales: WhatsApp, Telegram, etc, Inteligencia Artificial",Falta de reconocimiento profesional,Para nada. Lo que aprendí no se aplica en mi trabajo. La inversión se perdió,Gestión del patrimonio cultural. Curaduría y restauración. Arquitectura. Estudios urbanisticos. Museología. Artes,Algo menor de lo que debería ganar,Mejor reconocimiento profesional,4,
6/2/2026 6:33:45,"Si, es mi profesión principal",Hombre,36 años - 40 años,"Arqueología preventiva o de rescate: obras civiles, construcciones, licencias ambientales, etc","Empleado directo de tiempo completo, Contratista - prestación de servicios",7 a 10 años,Estudiante de pregrado,De 3 millones a 4 millones,"Atlánico, Bolivar, Casanare, Cesar, La Guajira, Magdalena, Norte de Santander",Tus buenos contactos y tu red profesional,Auxiliar de arqueología,"Obras civiles: empresas dedicadas a la construcción de carreteras, urbanismo, energía, construcción",Muy estables. Cuento siempre con un salario fijo,Más de 15 días,Ninguna,Word,Bajos salarios,"No tengo título de posgrado aún, pero quiero hacerlo",No tengo posgrado,Aproximadamente lo que debería ganar,Mejores salarios,4,
6/2/2026 6:35:28,"Si, es mi profesión principal",Hombre,36 años - 40 años,"Arqueología preventiva o de rescate: obras civiles, construcciones, licencias ambientales, etc",Empleado directo de tiempo completo,7 a 10 años,Pregrado,De 5 millones a 6 millones,Donde se presente la oportunidad,Años de experiencia,Coordinador de proyectos o afines,"Obras civiles: empresas dedicadas a la construcción de carreteras, urbanismo, energía, construcción",Variables. Depende de contratos,No realizo trabajo de campo,De 4 a 10 personas,"Excel, Word, QGis, ArcGis, AutoCAD, Google Maps",Falta de reconocimiento profesional,Soy maestrante pero no en arqueología.,Gestión del patrimonio cultural. Curaduría y restauración. Arquitectura. Estudios urbanisticos. Museología. Artes,Algo menor de lo que debería ganar,Mejor reconocimiento profesional,4,Resulta fundamental fortalecer la unidad gremial y promover acciones conjuntas que permitan representar de manera efectiva a los profesionales. La falta de articulación y respaldo colectivo dificulta la toma de decisiones y la defensa de nuestros derechos laborales y profesionales. 
6/2/2026 7:16:14,"Si, es mi profesión principal",Mujer,36 años - 40 años,"Arqueología preventiva o de rescate: obras civiles, construcciones, licencias ambientales, etc",Contratista - prestación de servicios,7 a 10 años,Pregrado,De 3 millones a 4 millones,Bogotá D.C.,Años de experiencia,Arqueólogo,"Obras civiles: empresas dedicadas a la construcción de carreteras, urbanismo, energía, construcción",Variables. Depende de contratos,Más de 15 días,Ninguna,"Excel, Word, QGis, Google Maps, Fotogrametría",Falta de reconocimiento profesional,Considero que el posgrado no es relevante,No tengo posgrado,Mucho menor a la que debería ganar,Mejores salarios,4,"Creo que los problemas en arqueología son varios, entre ellos, bajos salarios, falta de reconocimiento profesional, falta de oportunidades de formación como cursos, diplomados etc, en parte porque el sueldo no alcanza para formarse y los horarios y la carga de trabajo es alta. Como profesional, haces trabajo de campo, oficina que incluye ordenar datos, producir informes y gestionar SIG. La mayoría de las veces con contratos de ""confianza"" por lo tanto no tienes reconocimiento de extras y si uno se enferma- incapacita, se vuelve una novela porque solo hay un arqueólogo, no importa el tamaño de la obra. Estamos en precarización "
6/2/2026 7:20:42,"Si, es mi profesión principal",Mujer,31 años - 35 años,"Arqueología preventiva o de rescate: obras civiles, construcciones, licencias ambientales, etc","Empleado directo de tiempo completo, Investigación en laboratorio",4 a 6 años,Pregrado,De 3 millones a 4 millones,"Cauca, Antioquia","Tu especialidad técnica en arqueología: cerámica, líticos, etc",Arqueólogo,"Obras civiles: empresas dedicadas a la construcción de carreteras, urbanismo, energía, construcción",Muy estables. Cuento siempre con un salario fijo,No realizo trabajo de campo,De 1 a 3 personas,"Excel, Word, SPSS, QGis, Google Maps, Software de dibujo técnico y edicion fotografica: Illustrator, Corel, Krita, etc, Citacion bibliográfica: Mendeley, Zotero, EndNote, etc, Redes sociales: WhatsApp, Telegram, etc",Poca oferta de empleos,"No tengo título de posgrado aún, pero quiero hacerlo",No tengo posgrado,Mucho menor a la que debería ganar,Mejor claridad en los honorarios o sueldos,4,
6/2/2026 8:01:54,"Si, es mi profesión principal",Hombre,26 años - 30 años,"Arqueología preventiva o de rescate: obras civiles, construcciones, licencias ambientales, etc",Empleado directo de tiempo completo,4 a 6 años,Pregrado,De 5 millones a 6 millones,Cesar,Años de experiencia,Arqueólogo,"Obras civiles: empresas dedicadas a la construcción de carreteras, urbanismo, energía, construcción",Muy estables. Cuento siempre con un salario fijo,No realizo trabajo de campo,Ninguna,"Excel, Word, QGis, ArcGis, AutoCAD, Google Maps",Falta de estabilidad laboral,Poco útil. Muy poco realmente,No tengo posgrado,Aproximadamente lo que debería ganar,Mayor estabilidad laboral,3,
6/2/2026 8:18:15,"Si, es mi profesión principal",Mujer,31 años - 35 años,"Arqueología preventiva o de rescate: obras civiles, construcciones, licencias ambientales, etc","Empleado directo de tiempo completo, Trabajador independiente",7 a 10 años,Pregrado,De 4 millones a 5 millones,"Bolivar, Cesar, Magdalena",Manejar SIG,Coordinador de proyectos o afines,"Obras civiles: empresas dedicadas a la construcción de carreteras, urbanismo, energía, construcción",Muy estables. Cuento siempre con un salario fijo,No realizo trabajo de campo,De 1 a 3 personas,"Excel, Word, Google Sheets, QGis, Software de creación 3D: Blender, Agisfot Metashape, SketchUp, etc, ArcGis, AutoCAD, Google Maps, Fotogrametría, Redes sociales: WhatsApp, Telegram, etc, Inteligencia Artificial",Falta de estabilidad laboral,"No tengo título de posgrado aún, pero quiero hacerlo",No tengo posgrado,Aproximadamente lo que debería ganar,Más oportunidades de empleo,4,
6/2/2026 8:32:22,"Si, es mi profesión principal",Hombre,50 años o más,Ambas por igual,"Contratista - prestación de servicios, Docencia e investigación universitaria, Trabajador independiente, Emprendimientos propios - empresa propia, Divulgacion cientifica, Museos y conservación. Gestor cultural, Generando material didáctico, Arqueología digital: modelos 3D, reconstrucción histórica, videojuegos, etc",11 y 15 años,Maestría,Más de 10 millones,"Boyacá, Caldas, Antioquia ",Tener una marca personal reconocida,Director o lider de proyecto,Consultoría ambiental o estudios de impacto,Variables. Depende de contratos,11 a 15 días,Más de 10 personas,"Software de creación 3D: Blender, Agisfot Metashape, SketchUp, etc, Fotogrametría",Falta de claridad en tarifas u honorarios,"Útil. Lo mejoró si, pero no lo que esperaba",Gestión del patrimonio cultural. Curaduría y restauración. Arquitectura. Estudios urbanisticos. Museología. Artes,Mucho menor a la que debería ganar,Mejores salarios,5,
6/2/2026 8:39:51,"Si, es mi profesión principal",Mujer,41 años - 45 años,"Arqueología preventiva o de rescate: obras civiles, construcciones, licencias ambientales, etc",Empleado directo de tiempo completo,11 y 15 años,Pregrado,De 3 millones a 4 millones,Cundinamarca,Años de experiencia,Director o lider de proyecto,Consultoría ambiental o estudios de impacto,Variables. Depende de contratos,De 6 a 10 días,Ninguna,"Excel, Word, QGis, Google Maps",Poca oferta de empleos,No tengo posgrado,Otro,Mucho menor a la que debería ganar,Más oportunidades de empleo,4,
6/2/2026 8:52:17,"Si, es mi profesión principal",Hombre,26 años - 30 años,"Arqueología preventiva o de rescate: obras civiles, construcciones, licencias ambientales, etc","Empleado directo de tiempo completo, Contratista - prestación de servicios",4 a 6 años,Pregrado,De 3 millones a 4 millones,Bogotá D.C.,Tus buenos contactos y tu red profesional,Arqueólogo,"Obras civiles: empresas dedicadas a la construcción de carreteras, urbanismo, energía, construcción",Variables. Depende de contratos,Más de 15 días,Ninguna,"Excel, Word, QGis, Software de creación 3D: Blender, Agisfot Metashape, SketchUp, etc, ArcGis, Google Maps, Redes sociales: WhatsApp, Telegram, etc",Falta de estabilidad laboral,Poco útil. Muy poco realmente,No tengo posgrado,Algo menor de lo que debería ganar,Mayor estabilidad laboral,2,
6/2/2026 9:06:50,No,Hombre,50 años o más,Ambas por igual,"Contratista - prestación de servicios, Trabajador independiente, Consultoria, Divulgacion cientifica",11 y 15 años,Maestría,De 3 millones a 4 millones,"Caldas, Quindio, Risaralda",Años de experiencia,Investigador independiente,"Trabajo independiente, freenlance o por proyectos",Ocasionales o esporádicos,Más de 15 días,Más de 10 personas,"Excel, Word, Google Maps, Software de dibujo técnico y edicion fotografica: Illustrator, Corel, Krita, etc, Redes sociales: WhatsApp, Telegram, etc",Otro,"Útil. Lo mejoró si, pero no lo que esperaba",Antropología en general o arqueología,Mucho menor a la que debería ganar,Más regulación del sector,4,La causa de la crisis laboral es el decreto 138. Se perdió lo construido en 30 años.
6/2/2026 10:10:43,"No actualmente, pero lo he hecho antes",Mujer,41 años - 45 años,"Arqueología académica o básica: docencia, investigación, editoriales, museos, semilleros, proyectos academicos, universidades","Consultoria, Divulgacion cientifica, Turismo, Museos y conservación. Gestor cultural, Nunca he ganado ingresos, Investigación en laboratorio, Arqueología digital: modelos 3D, reconstrucción histórica, videojuegos, etc",Menos de 1 año,Especializacion,Nunca he ganado nada,"Bogotá D.C., Tolima",Crear buen contenido,Gestor social o cultural,Gestión del patrimonio cultural,Ninguno,No realizo trabajo de campo,De 4 a 10 personas,"Excel, Word, AutoCAD, Google Maps, Software de dibujo técnico y edicion fotografica: Illustrator, Corel, Krita, etc, Redes sociales: WhatsApp, Telegram, etc, Inteligencia Artificial",Falta de relación entre formación y oportunidades laborales,"No tengo título de posgrado aún, pero quiero hacerlo",No tengo posgrado,No sé cuánto debería ganar realmente,El pensum de las universidades,5,Ninguna 
6/2/2026 11:07:59,"Si, es mi profesión principal",Hombre,26 años - 30 años,"Arqueología preventiva o de rescate: obras civiles, construcciones, licencias ambientales, etc",Empleado directo de tiempo completo,4 a 6 años,Especializacion,De 4 millones a 5 millones,Bogotá D.C.,Tus buenos contactos y tu red profesional,Arqueólogo,"Obras civiles: empresas dedicadas a la construcción de carreteras, urbanismo, energía, construcción",Variables. Depende de contratos,Todos los días ,Ninguna,"Excel, Word, Python, QGis, Software de creación 3D: Blender, Agisfot Metashape, SketchUp, etc, ArcGis, Google Maps, Fotogrametría, Software de dibujo técnico y edicion fotografica: Illustrator, Corel, Krita, etc, Citacion bibliográfica: Mendeley, Zotero, EndNote, etc, Inteligencia Artificial",Falta de estabilidad laboral,Poco útil. Muy poco realmente,SIG. Geografía. Estudios territoriales. Ciencias Ambientales. Catastro. Teledetección. Arqueobotánica,Algo menor de lo que debería ganar,Mejores salarios,4,
6/2/2026 15:53:02,"Si, es mi profesión principal",Hombre,26 años - 30 años,"Arqueología preventiva o de rescate: obras civiles, construcciones, licencias ambientales, etc",Empleado directo de tiempo completo,Entre 1 a 3 años,Pregrado,De 3 millones a 4 millones,Bogotá D.C.,Tener RNA,Auxiliar de arqueología,"Obras civiles: empresas dedicadas a la construcción de carreteras, urbanismo, energía, construcción",Muy estables. Cuento siempre con un salario fijo,Más de 15 días,Ninguna,"Excel, Word, QGis, Software de creación 3D: Blender, Agisfot Metashape, SketchUp, etc, Google Maps, Fotogrametría",Bajos salarios,"No tengo título de posgrado aún, pero quiero hacerlo",No tengo posgrado,Algo menor de lo que debería ganar,Mejores salarios,4,
6/2/2026 16:15:03,"Si, es mi profesión principal",Hombre,31 años - 35 años,"Arqueología preventiva o de rescate: obras civiles, construcciones, licencias ambientales, etc",Empleado directo de tiempo completo,4 a 6 años,Pregrado,De 4 millones a 5 millones,Tolima,Tus buenos contactos y tu red profesional,Arqueólogo,"Obras civiles: empresas dedicadas a la construcción de carreteras, urbanismo, energía, construcción",Variables. Depende de contratos,Más de 15 días,De 1 a 3 personas,"Excel, Word, QGis, AutoCAD",Falta de estabilidad laboral,"No tengo título de posgrado aún, pero quiero hacerlo",Gestión del patrimonio cultural. Curaduría y restauración. Arquitectura. Estudios urbanisticos. Museología. Artes,Algo menor de lo que debería ganar,Mayor estabilidad laboral,4,
6/2/2026 16:33:17,"No actualmente, pero lo he hecho antes",Hombre,26 años - 30 años,"Arqueología preventiva o de rescate: obras civiles, construcciones, licencias ambientales, etc",Contratista - prestación de servicios,Menos de 1 año,Pregrado,De 2 millones a 2.5 millones,"Meta, Putumayo",Tus buenos contactos y tu red profesional,Auxiliar de arqueología,"Obras civiles: empresas dedicadas a la construcción de carreteras, urbanismo, energía, construcción",Ocasionales o esporádicos,Más de 15 días,Ninguna,"Excel, Word, Google Maps, Citacion bibliográfica: Mendeley, Zotero, EndNote, etc, Redes sociales: WhatsApp, Telegram, etc, Inteligencia Artificial",Falta de estabilidad laboral,"No tengo título de posgrado aún, pero quiero hacerlo",Ciencias de datos. Ingeniería de sistemas. Analítica de datos. Inteligencia artificial,Mucho menor a la que debería ganar,Mayor estabilidad laboral,2,
6/2/2026 21:00:13,"Si, es mi profesión principal",Hombre,36 años - 40 años,"Arqueología preventiva o de rescate: obras civiles, construcciones, licencias ambientales, etc","Empleado directo de tiempo completo, Contratista - prestación de servicios, Trabajador independiente, Consultoria, Emprendimientos propios - empresa propia",7 a 10 años,Pregrado,De 3 millones a 4 millones,"Atlánico, Bolivar, Huila, Meta",Habilidades de comunicación y persuasión,Empresario o emprendedor,Consultoría ambiental o estudios de impacto,Variables. Depende de contratos,Más de 15 días,De 1 a 3 personas,"Excel, Word, QGis",Falta de estabilidad laboral,"No tengo título de posgrado aún, pero quiero hacerlo",SIG. Geografía. Estudios territoriales. Ciencias Ambientales. Catastro. Teledetección. Arqueobotánica,Algo menor de lo que debería ganar,Mayor estabilidad laboral,4,
6/2/2026 23:56:21,"Si, ocasionalmente",Hombre,20 años - 25 años,"Arqueología académica o básica: docencia, investigación, editoriales, museos, semilleros, proyectos academicos, universidades","Trabajador independiente, Investigación en laboratorio",Entre 1 a 3 años,Pregrado,Menos de 2 millones de pesos,Bogotá D.C.,Rosca,Auxiliar de arqueología,"Trabajo independiente, freenlance o por proyectos",Variables. Depende de contratos,Más de 15 días,Ninguna,"Excel, Word, Google Sheets, Google Maps, Fotogrametría, Citacion bibliográfica: Mendeley, Zotero, EndNote, etc, Redes sociales: WhatsApp, Telegram, etc",Falta de estabilidad laboral,"No tengo título de posgrado aún, pero quiero hacerlo",No tengo posgrado,Mucho menor a la que debería ganar,Más oportunidades de empleo,1,
6/3/2026 5:18:28,"Si, es mi profesión principal",Hombre,50 años o más,Ambas por igual,"Contratista - prestación de servicios, Trabajador independiente",11 y 15 años,Maestría,De 5 millones a 6 millones,"Caldas, Santander",Tus buenos contactos y tu red profesional,Director o lider de proyecto,"Obras civiles: empresas dedicadas a la construcción de carreteras, urbanismo, energía, construcción",Variables. Depende de contratos,11 a 15 días,De 4 a 10 personas,"Excel, Word, Google Sheets, SPSS, QGis, ArcGis, AutoCAD, Google Maps, Fotogrametría, SQL, Software de dibujo técnico y edicion fotografica: Illustrator, Corel, Krita, etc, Citacion bibliográfica: Mendeley, Zotero, EndNote, etc, Redes sociales: WhatsApp, Telegram, etc, Inteligencia Artificial",Bajos salarios,"Útil. Lo mejoró si, pero no lo que esperaba",Antropología en general o arqueología,Mucho menor a la que debería ganar,Mejor claridad en los honorarios o sueldos,3,"La arqueología en Colombia carece de una instancia gremial o cuerpo colegiado con representatividad nacional que articule de manera efectiva las posiciones del sector, situación que ha contribuido a una alta fragmentación institucional y profesional. La diversidad de enfoques, intereses y perspectivas dentro de la disciplina, sumada a la ausencia de mecanismos formales de concertación, dificulta la construcción de consensos técnicos y limita la capacidad de interlocución colectiva frente al Estado, la academia y otros actores relevantes. Como consecuencia, no existe una entidad comparable a los colegios profesionales o consejos nacionales presentes en otras disciplinas, capaz de ejercer liderazgo, representación y defensa de los intereses comunes de la arqueología nacional."
6/3/2026 10:45:49,"Si, es mi profesión principal",Hombre,50 años o más,"Arqueología preventiva o de rescate: obras civiles, construcciones, licencias ambientales, etc",Empleado directo de tiempo completo,11 y 15 años,Pregrado,De 5 millones a 6 millones,Bogotá D.C.,Tener RNA,Arqueólogo,"Obras civiles: empresas dedicadas a la construcción de carreteras, urbanismo, energía, construcción",Variables. Depende de contratos,De 6 a 10 días,De 1 a 3 personas,"Excel, Word, QGis, Google Maps, Fotogrametría, Redes sociales: WhatsApp, Telegram, etc, Inteligencia Artificial",Falta de estabilidad laboral,"No tengo título de posgrado aún, pero quiero hacerlo",Gestión del patrimonio cultural. Curaduría y restauración. Arquitectura. Estudios urbanisticos. Museología. Artes,Mucho menor a la que debería ganar,Más oportunidades de empleo,5,Mientras algunos profesionales desarrollan hasta decenas de proyectos otros pasan meses sin encontrar nada
6/3/2026 17:01:58,"Si, es mi profesión principal",Mujer,31 años - 35 años,"Arqueología preventiva o de rescate: obras civiles, construcciones, licencias ambientales, etc",Empleado directo de tiempo completo,7 a 10 años,Pregrado,De 4 millones a 5 millones,"Bogotá D.C., Meta",Tener RNA,Arqueólogo,"Obras civiles: empresas dedicadas a la construcción de carreteras, urbanismo, energía, construcción",Muy estables. Cuento siempre con un salario fijo,No realizo trabajo de campo,Ninguna,"Excel, Word, ArcGis, Google Maps, Redes sociales: WhatsApp, Telegram, etc",Poca oferta de empleos,"No tengo título de posgrado aún, pero quiero hacerlo",No tengo posgrado,Aproximadamente lo que debería ganar,Más oportunidades de empleo,3,
6/3/2026 18:25:16,"No actualmente, pero lo he hecho antes",Mujer,26 años - 30 años,"Arqueología preventiva o de rescate: obras civiles, construcciones, licencias ambientales, etc","Empleado directo de tiempo completo, Investigación en laboratorio",Entre 1 a 3 años,Pregrado,De 4 millones a 5 millones,Cundinamarca,Ubicacion geográfica,Desempleado,"Obras civiles: empresas dedicadas a la construcción de carreteras, urbanismo, energía, construcción",Variables. Depende de contratos,Más de 15 días,Ninguna,"Excel, Word, QGis, ArcGis, Google Maps, Redes sociales: WhatsApp, Telegram, etc",Bajos salarios,"Útil. Lo mejoró si, pero no lo que esperaba",Otro,Algo menor de lo que debería ganar,Mayor estabilidad laboral,4,
6/3/2026 19:18:42,"No actualmente, pero lo he hecho antes",Mujer,31 años - 35 años,"Arqueología preventiva o de rescate: obras civiles, construcciones, licencias ambientales, etc",Contratista - prestación de servicios,7 a 10 años,Pregrado,De 3 millones a 4 millones,Caldas,Tus buenos contactos y tu red profesional,Arqueólogo,"Obras civiles: empresas dedicadas a la construcción de carreteras, urbanismo, energía, construcción",Variables. Depende de contratos,Más de 15 días,De 1 a 3 personas,"Excel, Word, QGis, Google Maps, Redes sociales: WhatsApp, Telegram, etc, Avenza maps y kobocollect",Falta de estabilidad laboral,"No tengo título de posgrado aún, pero quiero hacerlo",No tengo posgrado,Aproximadamente lo que debería ganar,Más regulación del sector,3,"Realmente a parte de la falta de empleo o de las pocas vacantes el mismo gremio de la arqueología hace que sea difícil encontrar una estabilidad laboral ya que como dicen comúnmente si no está en la rosca no encuentra trabajando y es verdad , si no eres amigo del Coordinador simplemente no entras o si tú Universidad no es del agrado por x profesor que tuviste tampoco entras. "
6/3/2026 20:29:03,"Si, es mi profesión principal",Hombre,26 años - 30 años,"Arqueología preventiva o de rescate: obras civiles, construcciones, licencias ambientales, etc",Empleado directo de tiempo completo,4 a 6 años,Especializacion,De 3 millones a 4 millones,Valle del Cauca,Tus buenos contactos y tu red profesional,Auxiliar de arqueología,"Obras civiles: empresas dedicadas a la construcción de carreteras, urbanismo, energía, construcción",Variables. Depende de contratos,Más de 15 días,Ninguna,"QGis, Redes sociales: WhatsApp, Telegram, etc",Otro,Para nada. Lo que aprendí no se aplica en mi trabajo. La inversión se perdió,SIG. Geografía. Estudios territoriales. Ciencias Ambientales. Catastro. Teledetección. Arqueobotánica,Mucho menor a la que debería ganar,Más regulación del sector,1,"Para mí la arqueología tiene el principal problema en su regulación, el RNA poco y nada sirve, la contratación es por contacto y no por mérito y la solución probablemente sería la colegiatura, sin embargo, los egos no permiten que nos unamos"
6/4/2026 14:03:25,"Si, es mi profesión principal",Mujer,26 años - 30 años,"Arqueología preventiva o de rescate: obras civiles, construcciones, licencias ambientales, etc",Empleado directo de tiempo completo,Entre 1 a 3 años,Pregrado,De 2.5 millones a 3 millones,Antioquia,Años de experiencia,Auxiliar de arqueología,Parques foltovoltáicos. Sector energético,Muy estables. Cuento siempre con un salario fijo,No realizo trabajo de campo,Ninguna,"Excel, Word, QGis, ArcGis, Google Maps, Citacion bibliográfica: Mendeley, Zotero, EndNote, etc, Inteligencia Artificial",Falta de estabilidad laboral,Considero que el posgrado no es relevante,No tengo posgrado,Mucho menor a la que debería ganar,Más oportunidades de empleo,4,"No hay una correspondencia entre salarios y experiencia, tengo RNA y realmente he sido contratada para realizar actividades profesionales de mayor experiencia por salarios mas bajos, cumplimiento de actividades fuera de horario y prestaciones de servicios que hacen que el salario quede por debajo del mínimo."
6/4/2026 14:26:38,"Si, es mi profesión principal",Hombre,20 años - 25 años,"Arqueología preventiva o de rescate: obras civiles, construcciones, licencias ambientales, etc","Empleado directo de tiempo completo, Contratista - prestación de servicios, Investigación en laboratorio, Arqueología digital: modelos 3D, reconstrucción histórica, videojuegos, etc",Entre 1 a 3 años,Pregrado,De 3 millones a 4 millones,Bogotá D.C.,Ubicacion geográfica,Auxiliar de arqueología,Consultoría ambiental o estudios de impacto,Variables. Depende de contratos,No realizo trabajo de campo,Ninguna,"Excel, Word, Google Sheets, QGis, Software de creación 3D: Blender, Agisfot Metashape, SketchUp, etc, Fotogrametría, Citacion bibliográfica: Mendeley, Zotero, EndNote, etc, Redes sociales: WhatsApp, Telegram, etc",Falta de estabilidad laboral,"No tengo título de posgrado aún, pero quiero hacerlo",Geoarqueología. Geomorfología. Geología. Estratigrafia. Suelos,Algo menor de lo que debería ganar,Más regulación del sector,3,
6/4/2026 15:11:38,"Si, es mi profesión principal",Hombre,26 años - 30 años,"Arqueología preventiva o de rescate: obras civiles, construcciones, licencias ambientales, etc",Empleado directo de tiempo completo,Entre 1 a 3 años,Pregrado,De 2.5 millones a 3 millones,Bogotá D.C.,Años de experiencia,Auxiliar de arqueología,"Obras civiles: empresas dedicadas a la construcción de carreteras, urbanismo, energía, construcción",Muy estables. Cuento siempre con un salario fijo,De 1 a 5 días,Ninguna,"Excel, Word, QGis, Software de creación 3D: Blender, Agisfot Metashape, SketchUp, etc, Fotogrametría, Redes sociales: WhatsApp, Telegram, etc",Bajos salarios,No tengo posgrado ,No tengo posgrado,Mucho menor a la que debería ganar,Mejores salarios,5,
6/4/2026 15:21:01,"Si, es mi profesión principal",Hombre,31 años - 35 años,Ambas por igual,"Empleado directo de tiempo completo, Contratista - prestación de servicios, Trabajador independiente, Consultoria",4 a 6 años,Especializacion,De 4 millones a 5 millones,"Cesar, Córdoba, La Guajira, Magdalena, Tolima",Manejar SIG,Coordinador de proyectos o afines,Consultoría ambiental o estudios de impacto,Variables. Depende de contratos,Más de 15 días,De 1 a 3 personas,"Excel, Word, Python, QGis, ArcGis, Google Maps, Fotogrametría, Redes sociales: WhatsApp, Telegram, etc, Inteligencia Artificial",Falta de estabilidad laboral,Poco útil. Muy poco realmente,SIG. Geografía. Estudios territoriales. Ciencias Ambientales. Catastro. Teledetección. Arqueobotánica,Algo menor de lo que debería ganar,Más oportunidades de empleo,3,
6/4/2026 15:56:22,"Si, es mi profesión principal",Hombre,26 años - 30 años,"Arqueología preventiva o de rescate: obras civiles, construcciones, licencias ambientales, etc",Empleado directo de tiempo completo,Entre 1 a 3 años,Pregrado,De 2.5 millones a 3 millones,Valle del Cauca,"Habilidades tecnológicas: programación, Excel, analitica de datos, bases de datos, etc",Auxiliar de arqueología,"Obras civiles: empresas dedicadas a la construcción de carreteras, urbanismo, energía, construcción",Muy estables. Cuento siempre con un salario fijo,Más de 15 días,Ninguna,"Excel, Word, QGis, Google Maps",Bajos salarios,Considero que el posgrado no es relevante,No tengo posgrado,Mucho menor a la que debería ganar,Mejores salarios,3,
6/4/2026 16:21:52,"Si, es mi profesión principal",Hombre,31 años - 35 años,"Arqueología preventiva o de rescate: obras civiles, construcciones, licencias ambientales, etc",Empleado directo de tiempo completo,4 a 6 años,Maestría,De 5 millones a 6 millones,Huila,Años de experiencia,Arqueólogo,"Obras civiles: empresas dedicadas a la construcción de carreteras, urbanismo, energía, construcción",Muy estables. Cuento siempre con un salario fijo,De 6 a 10 días,De 1 a 3 personas,"Excel, Word, Python, QGis, ArcGis, AutoCAD, Google Maps, Fotogrametría, Redes sociales: WhatsApp, Telegram, etc",Falta de reconocimiento profesional,Definitivamente. Mejoró mis oportunidades y mi salario,SIG. Geografía. Estudios territoriales. Ciencias Ambientales. Catastro. Teledetección. Arqueobotánica,Algo menor de lo que debería ganar,Mayor estabilidad laboral,3,
6/4/2026 16:32:37,"Si, es mi profesión principal",Mujer,26 años - 30 años,"Arqueología preventiva o de rescate: obras civiles, construcciones, licencias ambientales, etc","Empleado directo de tiempo completo, Contratista - prestación de servicios",4 a 6 años,Pregrado,9 millones a 10 millones,Bogotá D.C.,Tus buenos contactos y tu red profesional,Arqueólogo,"Obras civiles: empresas dedicadas a la construcción de carreteras, urbanismo, energía, construcción",Variables. Depende de contratos,Más de 15 días,De 1 a 3 personas,"Excel, Word, QGis, ArcGis, Google Maps, SQL, Software de dibujo técnico y edicion fotografica: Illustrator, Corel, Krita, etc, Inteligencia Artificial",Falta de estabilidad laboral,"No tengo título de posgrado aún, pero quiero hacerlo",No tengo posgrado,Aproximadamente lo que debería ganar,Mayor estabilidad laboral,3,
6/4/2026 16:34:11,"Si, es mi profesión principal",Hombre,20 años - 25 años,"Arqueología preventiva o de rescate: obras civiles, construcciones, licencias ambientales, etc",Empleado directo de tiempo completo,Entre 1 a 3 años,Pregrado,De 2.5 millones a 3 millones,"Bogotá D.C., Cesar",Años de experiencia,Auxiliar de arqueología,"Obras civiles: empresas dedicadas a la construcción de carreteras, urbanismo, energía, construcción",Variables. Depende de contratos,Más de 15 días,De 1 a 3 personas,"Excel, Word, QGis, Google Maps, Fotogrametría",Falta de estabilidad laboral,"No tengo título de posgrado aún, pero quiero hacerlo",No tengo posgrado,Mucho menor a la que debería ganar,Mayor estabilidad laboral,5,
6/4/2026 22:18:21,"Si, es mi profesión principal",Hombre,20 años - 25 años,"Arqueología preventiva o de rescate: obras civiles, construcciones, licencias ambientales, etc",Empleado directo de tiempo completo,Menos de 1 año,Pregrado,De 2 millones a 2.5 millones,Bogotá D.C.,"Tu especialidad técnica en arqueología: cerámica, líticos, etc",Auxiliar de arqueología,Consultoría ambiental o estudios de impacto,Variables. Depende de contratos,No realizo trabajo de campo,Ninguna,Excel,Bajos salarios,"No tengo título de posgrado aún, pero quiero hacerlo",No tengo posgrado,Algo menor de lo que debería ganar,Mayor estabilidad laboral,3,
6/5/2026 12:39:04,"Si, es mi profesión principal",Hombre,20 años - 25 años,Ambas por igual,"Contratista - prestación de servicios, Trabajador independiente, Arqueología digital: modelos 3D, reconstrucción histórica, videojuegos, etc",Entre 1 a 3 años,Pregrado,De 2 millones a 2.5 millones,"Bogotá D.C., Meta, Sucre","Habilidades tecnológicas: programación, Excel, analitica de datos, bases de datos, etc",Auxiliar de arqueología,"Obras civiles: empresas dedicadas a la construcción de carreteras, urbanismo, energía, construcción",Variables. Depende de contratos,Más de 15 días,Ninguna,"Excel, Word, QGis, Software de creación 3D: Blender, Agisfot Metashape, SketchUp, etc, ArcGis, Fotogrametría, Software de dibujo técnico y edicion fotografica: Illustrator, Corel, Krita, etc",Falta de relación entre formación y oportunidades laborales,"No tengo título de posgrado aún, pero quiero hacerlo",No tengo posgrado,Mucho menor a la que debería ganar,Mejor reconocimiento profesional,3,"Puede uno cumplir los perfiles laborales pero si no eres parte de la palanca no te contratan, también de que tener RNA no asegura tampoco el poder ejercer algo más allá de “auxiliar” y que muchos de los arqueólogos líderes o asesores no dan crédito de los datos y e información que sus auxiliares levantan en campo. Los auxiliares son igual de importantes y hasta más esenciales "
6/7/2026 7:30:19,"No actualmente, pero lo he hecho antes",Mujer,31 años - 35 años,"Arqueología preventiva o de rescate: obras civiles, construcciones, licencias ambientales, etc",Nunca he ganado ingresos,Entre 1 a 3 años,Pregrado,De 2 millones a 2.5 millones,Risaralda,"Conocimientos especializados en zooarqueología, bioarqueología o afines","Profesor de antropología, arqueología o afines",Escuelas o colegios,Ninguno,No realizo trabajo de campo,Ninguna,"Excel, Word, SPSS, Citacion bibliográfica: Mendeley, Zotero, EndNote, etc",Falta de estabilidad laboral,"No tengo título de posgrado aún, pero quiero hacerlo",No tengo posgrado,Mucho menor a la que debería ganar,Más regulación del sector,3,
6/7/2026 16:57:39,"Si, es mi profesión principal",Hombre,26 años - 30 años,"Arqueología preventiva o de rescate: obras civiles, construcciones, licencias ambientales, etc",Trabajador independiente,Menos de 1 año,Pregrado,Menos de 2 millones de pesos,Cundinamarca,Años de experiencia,Arqueólogo,"Obras civiles: empresas dedicadas a la construcción de carreteras, urbanismo, energía, construcción",Ocasionales o esporádicos,De 1 a 5 días,Ninguna,"Word, Fotogrametría",Falta de reconocimiento profesional,"No tengo título de posgrado aún, pero quiero hacerlo",No tengo posgrado,Algo menor de lo que debería ganar,Más oportunidades de empleo,3,
6/8/2026 10:00:39,"Si, ocasionalmente",Mujer,20 años - 25 años,Ambas por igual,Investigación en laboratorio,Entre 1 a 3 años,Estudiante de pregrado,Menos de 2 millones de pesos,Magdalena,"Tu especialidad técnica en arqueología: cerámica, líticos, etc",Semillerista - Estudiante,Trabajo en laboratorios,Ocasionales o esporádicos,De 1 a 5 días,De 1 a 3 personas,"Excel, Word, QGis, Google Maps, Citacion bibliográfica: Mendeley, Zotero, EndNote, etc, Redes sociales: WhatsApp, Telegram, etc",Poca oferta de empleos,"No tengo título de posgrado aún, pero quiero hacerlo",No tengo posgrado,Mucho menor a la que debería ganar,El pensum de las universidades,5,"Desde mi proceso personal como estudiante y casi profesional, he identificado varias limitantes a lo largo del camino: en primera instancia, la falta de màs profesores en la universidad que se comprometan en la labor de enseñar arqueologìa, puesto que he visto còmo la responsabildiad de enseñar solo cae sobre unos pocos y son quienes llevan nuestro proceso de aprendizaje e investigaciòn. Y por otro lado, la falta de accesibilidad a una oportunidad laboral. Nuevamente nuestro proceso de aprendizaje y estabilidad recae sobre unos pocos y fuera de allì es complicado conseguir màs oportunidades. Este ha sido un proceso hermoso, en el que me encuentro enteramente agradecida por las oportunidades que he tenido a lo largo del mismo; pero quisiera poder acceder a màs oportunidades por mi propia cuenta y poder realizar una especializaciòn o maestrìa que me permita trabajar en el camino."
6/8/2026 14:57:06,"Si, es mi profesión principal",Hombre,26 años - 30 años,Ambas por igual,Empleado directo de tiempo completo,Entre 1 a 3 años,Pregrado,De 2.5 millones a 3 millones,Santander,Años de experiencia,Auxiliar de arqueología,"Obras civiles: empresas dedicadas a la construcción de carreteras, urbanismo, energía, construcción",Ocasionales o esporádicos,Más de 15 días,De 1 a 3 personas,QGis,Falta de reconocimiento profesional,"No tengo título de posgrado aún, pero quiero hacerlo",SIG. Geografía. Estudios territoriales. Ciencias Ambientales. Catastro. Teledetección. Arqueobotánica,Algo menor de lo que debería ganar,Mejor reconocimiento profesional,2,
6/8/2026 17:27:06,"Si, es mi profesión principal",Hombre,26 años - 30 años,"Arqueología académica o básica: docencia, investigación, editoriales, museos, semilleros, proyectos academicos, universidades",Docencia e investigación universitaria,Entre 1 a 3 años,Maestría,Menos de 2 millones de pesos,Bogotá D.C.,Palanca,"Profesor de antropología, arqueología o afines",Universidad,Variables. Depende de contratos,No realizo trabajo de campo,Ninguna,Word,Falta de estabilidad laboral,Sin maestría no sería profesor pero igual el salario es pobre,Antropología en general o arqueología,Mucho menor a la que debería ganar,Mayor estabilidad laboral,2,
6/8/2026 17:30:20,"Si, es mi profesión principal",Hombre,31 años - 35 años,"Arqueología preventiva o de rescate: obras civiles, construcciones, licencias ambientales, etc",Empleado directo de tiempo completo,11 y 15 años,Pregrado,De 4 millones a 5 millones,Antioquia ,Tener RNA,"Profesor de antropología, arqueología o afines","Obras civiles: empresas dedicadas a la construcción de carreteras, urbanismo, energía, construcción",Muy estables. Cuento siempre con un salario fijo,No realizo trabajo de campo,Ninguna,"Excel, Word, QGis, Google Maps, Redes sociales: WhatsApp, Telegram, etc, Inteligencia Artificial",Poca oferta de empleos,"No tengo título de posgrado aún, pero quiero hacerlo",No tengo posgrado,Aproximadamente lo que debería ganar,Más regulación del sector,3,
6/8/2026 17:37:18,"Si, es mi profesión principal",Hombre,41 años - 45 años,"Arqueología preventiva o de rescate: obras civiles, construcciones, licencias ambientales, etc",Empleado directo de tiempo completo,11 y 15 años,Pregrado,7 millones a 8 millones,Caldas,Años de experiencia,Arqueólogo,Parques foltovoltáicos. Sector energético,Muy estables. Cuento siempre con un salario fijo,De 1 a 5 días,Ninguna,"Excel, Word, Google Sheets, Python, SPSS, QGis, Software de creación 3D: Blender, Agisfot Metashape, SketchUp, etc, ArcGis, Google Maps, Fotogrametría, Software de dibujo técnico y edicion fotografica: Illustrator, Corel, Krita, etc, Inteligencia Artificial",Otro,"No tengo título de posgrado aún, pero quiero hacerlo",No tengo posgrado,Aproximadamente lo que debería ganar,Mejor reconocimiento profesional,5,
6/8/2026 18:48:51,"Si, es mi profesión principal",Hombre,26 años - 30 años,"Arqueología preventiva o de rescate: obras civiles, construcciones, licencias ambientales, etc",Empleado directo de tiempo completo,4 a 6 años,Maestría,7 millones a 8 millones,"Santander, Antioquía","Nivel de formacion academica (especializacion, maestria, doctorado)",Arqueólogo,Parques foltovoltáicos. Sector energético,Muy estables. Cuento siempre con un salario fijo,De 1 a 5 días,Ninguna,"Excel, Word, QGis, Google Maps, Fotogrametría, Citacion bibliográfica: Mendeley, Zotero, EndNote, etc, Redes sociales: WhatsApp, Telegram, etc, Inteligencia Artificial",Falta de estabilidad laboral,Definitivamente. Mejoró mis oportunidades y mi salario,Antropología en general o arqueología,Algo menor de lo que debería ganar,Mejores salarios,5,
6/8/2026 18:50:53,"Si, es mi profesión principal",Hombre,31 años - 35 años,"Arqueología preventiva o de rescate: obras civiles, construcciones, licencias ambientales, etc",Empleado directo de tiempo completo,7 a 10 años,Pregrado,De 5 millones a 6 millones,"Bogotá D.C., Bolivar",conocer como se hace la arqueología histórica en colombia,Arqueólogo,"Obras civiles: empresas dedicadas a la construcción de carreteras, urbanismo, energía, construcción",Muy estables. Cuento siempre con un salario fijo,De 1 a 5 días,Ninguna,"Excel, Word, Google Sheets, QGis, Software de creación 3D: Blender, Agisfot Metashape, SketchUp, etc, Software de dibujo técnico y edicion fotografica: Illustrator, Corel, Krita, etc, Redes sociales: WhatsApp, Telegram, etc",Falta de reconocimiento profesional,"No tengo título de posgrado aún, pero quiero hacerlo",Gestión del patrimonio cultural. Curaduría y restauración. Arquitectura. Estudios urbanisticos. Museología. Artes,Aproximadamente lo que debería ganar,Mejor reconocimiento profesional,4,
6/8/2026 19:52:34,"Si, es mi profesión principal",Mujer,20 años - 25 años,"Arqueología preventiva o de rescate: obras civiles, construcciones, licencias ambientales, etc",Empleado directo de tiempo completo,Menos de 1 año,Pregrado,De 2.5 millones a 3 millones,Antioquia,Manejar SIG,Auxiliar de arqueología,"Obras civiles: empresas dedicadas a la construcción de carreteras, urbanismo, energía, construcción",Muy estables. Cuento siempre con un salario fijo,Más de 15 días,Ninguna,"Excel, Word, QGis, AutoCAD",Bajos salarios,"No tengo título de posgrado aún, pero quiero hacerlo",No tengo posgrado,Aproximadamente lo que debería ganar,Más oportunidades de empleo,5,
6/9/2026 15:44:30,"No actualmente, pero lo he hecho antes",Mujer,36 años - 40 años,"Arqueología preventiva o de rescate: obras civiles, construcciones, licencias ambientales, etc",Emprendimientos propios - empresa propia,4 a 6 años,Pregrado,Nunca he ganado nada,Antioquía ,Tus buenos contactos y tu red profesional,Empresario o emprendedor,"Soy empresario, emprendedor",Ninguno,No realizo trabajo de campo,Ninguna,"Excel, Word, Google Sheets, QGis, ArcGis, Google Maps, Redes sociales: WhatsApp, Telegram, etc, Inteligencia Artificial",Falta de relación entre formación y oportunidades laborales,"No tengo título de posgrado aún, pero quiero hacerlo",No tengo posgrado,Mucho menor a la que debería ganar,Más regulación del sector,5,
6/9/2026 19:26:29,"Si, es mi profesión principal",Hombre,26 años - 30 años,"Arqueología preventiva o de rescate: obras civiles, construcciones, licencias ambientales, etc",Empleado directo de tiempo parcial,4 a 6 años,Pregrado,De 4 millones a 5 millones,Bogotá D.C.,Años de experiencia,Arqueólogo,"Obras civiles: empresas dedicadas a la construcción de carreteras, urbanismo, energía, construcción",Variables. Depende de contratos,11 a 15 días,Ninguna,"Excel, Word, QGis, AutoCAD, Google Maps, Fotogrametría, Redes sociales: WhatsApp, Telegram, etc, Inteligencia Artificial",Falta de claridad en tarifas u honorarios,"No tengo título de posgrado aún, pero quiero hacerlo",Zooarqueología. Biología. Bioarqueología. Osteología. Medicina. Nutrición. Paleoantropologia. Biología molecular.,Mucho menor a la que debería ganar,Más regulación del sector,5,"Considero necesario plantear el impacto que tienen las obras civiles pequeñas que no cuentan con programa de arqueología y que se desarrollan en zonas con potencial arqueológico medio/alto. La normativa debería aplicar a TODA obra de infraestructura, pues es muy probable que se esté afectando el patrimonio por ese tipo de vacíos legales"
6/10/2026 10:17:02,"Si, es mi profesión principal",Mujer,26 años - 30 años,"Arqueología preventiva o de rescate: obras civiles, construcciones, licencias ambientales, etc",Empleado directo de tiempo completo,Entre 1 a 3 años,Pregrado,De 3 millones a 4 millones,Bogotá D.C.,Años de experiencia,Auxiliar de arqueología,"Obras civiles: empresas dedicadas a la construcción de carreteras, urbanismo, energía, construcción",Muy estables. Cuento siempre con un salario fijo,De 1 a 5 días,Ninguna,"Excel, Word, QGis, Citacion bibliográfica: Mendeley, Zotero, EndNote, etc",Falta de estabilidad laboral,No aplica,No tengo posgrado,Mucho menor a la que debería ganar,Mayor estabilidad laboral,2,
6/10/2026 11:09:39,"Si, es mi profesión principal",Hombre,36 años - 40 años,"Arqueología preventiva o de rescate: obras civiles, construcciones, licencias ambientales, etc",Empleado directo de tiempo completo,7 a 10 años,Pregrado,De 3 millones a 4 millones,Magdalena,Años de experiencia,Auxiliar de arqueología,"Obras civiles: empresas dedicadas a la construcción de carreteras, urbanismo, energía, construcción",Muy estables. Cuento siempre con un salario fijo,De 6 a 10 días,Ninguna,"Excel, Word",Falta de estabilidad laboral,"No tengo título de posgrado aún, pero quiero hacerlo",No tengo posgrado,Aproximadamente lo que debería ganar,Mayor estabilidad laboral,4,
6/10/2026 12:00:11,"No actualmente, pero lo he hecho antes",Hombre,26 años - 30 años,Ambas por igual,"Empleado directo de tiempo completo, Contratista - prestación de servicios",4 a 6 años,Especializacion,De 5 millones a 6 millones,"Bogotá D.C., Atlánico, Bolivar, Boyacá, Cesar",Años de experiencia,Arqueólogo,"Obras civiles: empresas dedicadas a la construcción de carreteras, urbanismo, energía, construcción",Variables. Depende de contratos,Más de 15 días,De 4 a 10 personas,"Excel, Word, Software de creación 3D: Blender, Agisfot Metashape, SketchUp, etc, ArcGis, Google Maps, Software de dibujo técnico y edicion fotografica: Illustrator, Corel, Krita, etc",Falta de estabilidad laboral,Definitivamente. Mejoró mis oportunidades y mi salario,Antropología en general o arqueología,Algo menor de lo que debería ganar,Mayor estabilidad laboral,4,
6/10/2026 12:12:39,"Si, es mi profesión principal",Genero no binario,26 años - 30 años,"Arqueología preventiva o de rescate: obras civiles, construcciones, licencias ambientales, etc","Empleado directo de tiempo completo, Contratista - prestación de servicios, Consultoria",Entre 1 a 3 años,Pregrado,De 3 millones a 4 millones,"Bogotá D.C., Atlánico",Años de experiencia,Auxiliar de arqueología,"Obras civiles: empresas dedicadas a la construcción de carreteras, urbanismo, energía, construcción",Variables. Depende de contratos,Más de 15 días,De 1 a 3 personas,"Google Sheets, QGis, Fotogrametría",Bajos salarios,"No tengo título de posgrado aún, pero quiero hacerlo",Gestión del patrimonio cultural. Curaduría y restauración. Arquitectura. Estudios urbanisticos. Museología. Artes,Algo menor de lo que debería ganar,Mejores salarios,3,
6/10/2026 14:53:24,"Si, ocasionalmente",Mujer,31 años - 35 años,"Arqueología preventiva o de rescate: obras civiles, construcciones, licencias ambientales, etc",Contratista - prestación de servicios,4 a 6 años,Estudiante de pregrado,De 2.5 millones a 3 millones,"Amazonas, Tolima",Años de experiencia,Arqueólogo,Parques foltovoltáicos. Sector energético,Ocasionales o esporádicos,Más de 15 días,Ninguna,"Excel, Word, Redes sociales: WhatsApp, Telegram, etc",Bajos salarios,"No tengo título de posgrado aún, pero quiero hacerlo",No tengo posgrado,Mucho menor a la que debería ganar,Mejores salarios,2,"Considero que los cargos de arqueología no deberían ser contratados por terceros, los dineros del profesionales se los están quedan los intermediarios."
6/10/2026 16:29:29,"Si, es mi profesión principal",Hombre,20 años - 25 años,"Arqueología preventiva o de rescate: obras civiles, construcciones, licencias ambientales, etc",Empleado directo de tiempo completo,Menos de 1 año,Pregrado,Menos de 2 millones de pesos,Bogotá D.C.,Tener RNA,Arqueólogo,"Soy empresario, emprendedor",Variables. Depende de contratos,No realizo trabajo de campo,Ninguna,"Excel, Word, QGis, ArcGis, Google Maps, Fotogrametría, Software de dibujo técnico y edicion fotografica: Illustrator, Corel, Krita, etc, Citacion bibliográfica: Mendeley, Zotero, EndNote, etc, Redes sociales: WhatsApp, Telegram, etc, Inteligencia Artificial",Bajos salarios,"No tengo título de posgrado aún, pero quiero hacerlo",No tengo posgrado,Mucho menor a la que debería ganar,Mayor estabilidad laboral,4,
6/10/2026 16:43:24,"Si, es mi profesión principal",Hombre,36 años - 40 años,Ambas por igual,"Empleado directo de tiempo completo, Contratista - prestación de servicios, Consultoria, Investigación en laboratorio",11 y 15 años,Maestría,6 millones a 7 millones,"Atlánico, Antioquia","Tu especialidad técnica en arqueología: cerámica, líticos, etc",Arqueólogo,Consultoría ambiental o estudios de impacto,Muy estables. Cuento siempre con un salario fijo,11 a 15 días,De 4 a 10 personas,"Excel, Word, QGis, Google Maps",Bajos salarios,Poco útil. Muy poco realmente,Otro,Algo menor de lo que debería ganar,Mejores salarios,5,
6/10/2026 20:37:22,"Si, es mi profesión principal",Mujer,20 años - 25 años,"Arqueología académica o básica: docencia, investigación, editoriales, museos, semilleros, proyectos academicos, universidades",Nunca he ganado ingresos,No tengo experiencia,Estudiante de pregrado,Nunca he ganado nada,Bogotá D.C.,Años de experiencia,Semillerista - Estudiante,Voluntariado,Ninguno,No realizo trabajo de campo,Ninguna,"Excel, Word, QGis, Google Maps, Citacion bibliográfica: Mendeley, Zotero, EndNote, etc, Redes sociales: WhatsApp, Telegram, etc",Diferencias marcadas entre sectores (académico vs obras civiles),"No tengo título de posgrado aún, pero quiero hacerlo",No tengo posgrado,No sé cuánto debería ganar realmente,Más regulación del sector,3,
6/10/2026 22:59:47,"Si, es mi profesión principal",Mujer,41 años - 45 años,"Arqueología preventiva o de rescate: obras civiles, construcciones, licencias ambientales, etc",Trabajador independiente,11 y 15 años,Pregrado,De 5 millones a 6 millones,"Bogotá D.C., Caldas",Años de experiencia,Arqueólogo,"Obras civiles: empresas dedicadas a la construcción de carreteras, urbanismo, energía, construcción",Variables. Depende de contratos,Más de 15 días,Más de 10 personas,"Excel, Word, Google Sheets, QGis, ArcGis, AutoCAD, Google Maps, Redes sociales: WhatsApp, Telegram, etc",Falta de estabilidad laboral,"No tengo título de posgrado aún, pero quiero hacerlo",No tengo posgrado,Algo menor de lo que debería ganar,Mayor estabilidad laboral,3,"El tema de la salud de los arqueólogos y arqueólogos debería ser un punto importante en las contrataciones, ya que muchas veces las condiciones laborales aumentan el riesgo de enfermedades laborales que muy pocas veces sin tenidas en cuenta, durante y después de las actividades, especialmente las realizadas en campo, donde las jornadas a veces son muy exigentes. "
6/11/2026 7:12:52,"Si, es mi profesión principal",Hombre,31 años - 35 años,"Arqueología preventiva o de rescate: obras civiles, construcciones, licencias ambientales, etc","Empleado directo de tiempo completo, Contratista - prestación de servicios, Arqueología digital: modelos 3D, reconstrucción histórica, videojuegos, etc",7 a 10 años,Pregrado,De 4 millones a 5 millones,Cundinamarca,Tener RNA,Arqueólogo,"Obras civiles: empresas dedicadas a la construcción de carreteras, urbanismo, energía, construcción",Variables. Depende de contratos,De 1 a 5 días,De 1 a 3 personas,"Excel, Word, QGis, Fotogrametría, Software de dibujo técnico y edicion fotografica: Illustrator, Corel, Krita, etc, Redes sociales: WhatsApp, Telegram, etc",Falta de claridad en tarifas u honorarios,"Útil. Lo mejoró si, pero no lo que esperaba",Antropología en general o arqueología,Algo menor de lo que debería ganar,Mayor estabilidad laboral,4,
6/11/2026 8:36:55,"Si, ocasionalmente",Mujer,41 años - 45 años,Ambas por igual,"Contratista - prestación de servicios, Trabajador independiente, Turismo, Museos y conservación. Gestor cultural",7 a 10 años,Estudiante de pregrado,De 2 millones a 2.5 millones,"Antioquia, Sucre, Tolima, Valle del Cauca",Tener RNA,Auxiliar de arqueología,Gestión del patrimonio cultural,Variables. Depende de contratos,11 a 15 días,Ninguna,"Excel, Word, QGis, ArcGis, Software de dibujo técnico y edicion fotografica: Illustrator, Corel, Krita, etc",Falta de estabilidad laboral,"Útil. Lo mejoró si, pero no lo que esperaba",No tengo posgrado,Aproximadamente lo que debería ganar,Mejor reconocimiento profesional,5,
6/11/2026 10:25:18,"Si, es mi profesión principal",Hombre,31 años - 35 años,"Arqueología preventiva o de rescate: obras civiles, construcciones, licencias ambientales, etc","Empleado directo de tiempo completo, Consultoria, Divulgacion cientifica",7 a 10 años,Pregrado,De 4 millones a 5 millones,"Bogotá D.C., Sucre",Tener RNA,Arqueólogo,"Obras civiles: empresas dedicadas a la construcción de carreteras, urbanismo, energía, construcción",Muy estables. Cuento siempre con un salario fijo,Más de 15 días,De 1 a 3 personas,"Excel, Word, QGis, Software de dibujo técnico y edicion fotografica: Illustrator, Corel, Krita, etc",Falta de estabilidad laboral,"No tengo título de posgrado aún, pero quiero hacerlo",Gestión del patrimonio cultural. Curaduría y restauración. Arquitectura. Estudios urbanisticos. Museología. Artes,Algo menor de lo que debería ganar,Mayor estabilidad laboral,4,
6/11/2026 18:07:53,"Si, ocasionalmente",Mujer,26 años - 30 años,"Arqueología preventiva o de rescate: obras civiles, construcciones, licencias ambientales, etc",Empleado directo de tiempo completo,Entre 1 a 3 años,Estudiante de pregrado,De 2.5 millones a 3 millones,"Córdoba, Tolima","Conocimientos especializados en zooarqueología, bioarqueología o afines",Auxiliar de arqueología,"Obras civiles: empresas dedicadas a la construcción de carreteras, urbanismo, energía, construcción",Variables. Depende de contratos,Más de 15 días,De 1 a 3 personas,"Word, QGis, Google Maps, Redes sociales: WhatsApp, Telegram, etc, Inteligencia Artificial",Poca oferta de empleos,"No tengo título de posgrado aún, pero quiero hacerlo",No tengo posgrado,Mucho menor a la que debería ganar,Más oportunidades de empleo,3,
6/11/2026 18:07:54,"Si, es mi profesión principal",Hombre,31 años - 35 años,"Arqueología preventiva o de rescate: obras civiles, construcciones, licencias ambientales, etc",Empleado directo de tiempo completo,4 a 6 años,Pregrado,De 4 millones a 5 millones,Tolima,Tus buenos contactos y tu red profesional,Arqueólogo,"Obras civiles: empresas dedicadas a la construcción de carreteras, urbanismo, energía, construcción",Variables. Depende de contratos,Más de 15 días,De 1 a 3 personas,"Excel, Word, QGis, Software de creación 3D: Blender, Agisfot Metashape, SketchUp, etc, AutoCAD, Fotogrametría, Redes sociales: WhatsApp, Telegram, etc, Inteligencia Artificial",Poca oferta de empleos,Estoy haciendo una maestría ,Gestión del patrimonio cultural. Curaduría y restauración. Arquitectura. Estudios urbanisticos. Museología. Artes,Mucho menor a la que debería ganar,Más oportunidades de empleo,3,
6/12/2026 8:22:48,"Si, es mi profesión principal",Mujer,26 años - 30 años,"Arqueología preventiva o de rescate: obras civiles, construcciones, licencias ambientales, etc","Empleado directo de tiempo completo, Contratista - prestación de servicios",Menos de 1 año,Pregrado,De 3 millones a 4 millones,"Tolima, Valle del Cauca",Tus buenos contactos y tu red profesional,Auxiliar de arqueología,"Obras civiles: empresas dedicadas a la construcción de carreteras, urbanismo, energía, construcción",Variables. Depende de contratos,Más de 15 días,Ninguna,"Excel, Word, QGis, ArcGis, Google Maps, Redes sociales: WhatsApp, Telegram, etc, Inteligencia Artificial",Falta de estabilidad laboral,"Útil. Lo mejoró si, pero no lo que esperaba",Gestión del patrimonio cultural. Curaduría y restauración. Arquitectura. Estudios urbanisticos. Museología. Artes,Algo menor de lo que debería ganar,Mayor estabilidad laboral,4,
6/12/2026 10:06:05,"Si, es mi profesión principal",Hombre,41 años - 45 años,"Arqueología preventiva o de rescate: obras civiles, construcciones, licencias ambientales, etc","Contratista - prestación de servicios, Docencia e investigación universitaria",11 y 15 años,Maestría,De 3 millones a 4 millones,"Bogotá D.C., Santander",Tus buenos contactos y tu red profesional,"Profesor de antropología, arqueología o afines",Universidad,Variables. Depende de contratos,No realizo trabajo de campo,De 1 a 3 personas,"Excel, Word, QGis, Google Maps, Software de dibujo técnico y edicion fotografica: Illustrator, Corel, Krita, etc, Citacion bibliográfica: Mendeley, Zotero, EndNote, etc",Bajos salarios,"Útil. Lo mejoró si, pero no lo que esperaba",Antropología en general o arqueología,Mucho menor a la que debería ganar,Mejores salarios,3,"Es urgente consolidar un colegio de arqueólogos que permita generar tarifas dignas de salarios dependiendo nuestro perfil profesional, años de experiencia y rol dentro de los proyectos. "
6/12/2026 15:37:35,No,Mujer,20 años - 25 años,"Arqueología académica o básica: docencia, investigación, editoriales, museos, semilleros, proyectos academicos, universidades",Nunca he ganado ingresos,Entre 1 a 3 años,Estudiante de pregrado,Menos de 2 millones de pesos,Bogotá D.C.,Manejar SIG,Semillerista - Estudiante,Universidad,Ninguno,No realizo trabajo de campo,Ninguna,"Excel, QGis",Falta de estabilidad laboral,"No tengo título de posgrado aún, pero quiero hacerlo",No tengo posgrado,No sé cuánto debería ganar realmente,Más oportunidades de empleo,3,
6/16/2026 2:01:24,"Si, es mi profesión principal",Hombre,31 años - 35 años,"Arqueología preventiva o de rescate: obras civiles, construcciones, licencias ambientales, etc","Empleado directo de tiempo completo, Contratista - prestación de servicios, Trabajador independiente, Consultoria",4 a 6 años,Pregrado,De 4 millones a 5 millones,Bogotá D.C.,"Acá se debería tener opción de respuesta múltiple. En mi caso SIG, bases de datos, analitica de datos, gesrion y coordinacion de proyetos",Arqueólogo,"Obras civiles: empresas dedicadas a la construcción de carreteras, urbanismo, energía, construcción",Muy estables. Cuento siempre con un salario fijo,De 1 a 5 días,De 4 a 10 personas,"Excel, Word, QGis, Software de creación 3D: Blender, Agisfot Metashape, SketchUp, etc, Fotogrametría, SQL, Inteligencia Artificial",Falta de reconocimiento profesional,Inicie y no termine. Mala formacion.,Antropología en general o arqueología,Algo menor de lo que debería ganar,Mayor estabilidad laboral,2,"Ser arqueologxs esta dificil. Si no se actualizan a algo que aporte en términos tecnocratas, paila. La disciplina esta cambiando por las logicas del mercado actual. Ya no hacemos arqueologia, en realidad."
6/16/2026 19:48:49,"Si, es mi profesión principal",Mujer,26 años - 30 años,"Arqueología preventiva o de rescate: obras civiles, construcciones, licencias ambientales, etc",Contratista - prestación de servicios,Entre 1 a 3 años,Pregrado,De 3 millones a 4 millones,Cauca,Tener RNA,Arqueólogo,"Obras civiles: empresas dedicadas a la construcción de carreteras, urbanismo, energía, construcción",Muy estables. Cuento siempre con un salario fijo,Más de 15 días,De 4 a 10 personas,"Excel, Word, QGis, Google Maps, Citacion bibliográfica: Mendeley, Zotero, EndNote, etc, Redes sociales: WhatsApp, Telegram, etc",Falta de reconocimiento profesional,"No tengo título de posgrado aún, pero quiero hacerlo",No tengo posgrado,Algo menor de lo que debería ganar,Más regulación del sector,5,"La arqueología es vista desde los sectores privados como empresas de infraestructura como algo innecesario, por ende, los salarios, la calidad laboral y la experiencia dentro del entorno se hace precaria. "
6/16/2026 19:50:55,"Si, es mi profesión principal",Hombre,31 años - 35 años,Ambas por igual,"Contratista - prestación de servicios, Trabajador independiente, Emprendimientos propios - empresa propia",7 a 10 años,Maestría,6 millones a 7 millones,"Magdalena, Nariño","Nivel de formacion academica (especializacion, maestria, doctorado)",Coordinador de proyectos o afines,Universidad,Variables. Depende de contratos,De 6 a 10 días,De 4 a 10 personas,"Excel, Word, QGis, ArcGis, AutoCAD, Google Maps, Fotogrametría, Software de dibujo técnico y edicion fotografica: Illustrator, Corel, Krita, etc, Citacion bibliográfica: Mendeley, Zotero, EndNote, etc, Redes sociales: WhatsApp, Telegram, etc, Inteligencia Artificial",Falta de estabilidad laboral,Definitivamente. Mejoró mis oportunidades y mi salario,Administración. Economia. Gerencia de proyectos.,Algo menor de lo que debería ganar,Mayor estabilidad laboral,4,"Soy campesino, la educación me abrió muchas puertas, no obstante, la oferta laboral es poca y por lo tanto competitiva, el problema radica en que muchas antropólogos trabajan en arqueología por el dinero y no por convicción y eso afecta mucho a la arqueología colombiana, son personas que les falta preparación, y se quejan. Ese no quiere decir que todos los antropólogos sean mediocres, muchos estudian con autonomía y saben muchísimo sin haber visto tantas materias relacionadas a arqueología. Cómo en todas las carreras hay personas que sobresalen y otras que no. En muchas empresas los sueldos son bajos, especialmente en Bogotá por eso decidí viajar a donde hay oportunidades y es difícil estar lejos de la familia. "
6/16/2026 19:59:28,"Si, es mi profesión principal",Mujer,36 años - 40 años,"Arqueología preventiva o de rescate: obras civiles, construcciones, licencias ambientales, etc",Consultoria,11 y 15 años,Especializacion,De 4 millones a 5 millones,Bogotá D.C.,Habilidades de comunicación y persuasión,Coordinador de proyectos o afines,"Trabajo independiente, freenlance o por proyectos",Variables. Depende de contratos,No realizo trabajo de campo,Más de 10 personas,"Excel, Word, Google Sheets, QGis, Google Maps, Redes sociales: WhatsApp, Telegram, etc, Inteligencia Artificial",Falta de estabilidad laboral,"Útil. Lo mejoró si, pero no lo que esperaba",Antropología en general o arqueología,No sé cuánto debería ganar realmente,Más regulación del sector,4,Los arqueólogos de alguna forma somos también responsables de la inestabilidad laboral y precarización ya que saltamos fácilmente de un proyecto a otro dejando resultados inconclusos y pérdida de información o materiales sin responsabilidad 
6/16/2026 20:04:23,"Si, es mi profesión principal",Hombre,41 años - 45 años,"Arqueología preventiva o de rescate: obras civiles, construcciones, licencias ambientales, etc",Contratista - prestación de servicios,11 y 15 años,Maestría,7 millones a 8 millones,Bogotá D.C.,Calidad y responsabilidad en el trabajo. ,Director o lider de proyecto,"Obras civiles: empresas dedicadas a la construcción de carreteras, urbanismo, energía, construcción",Muy estables. Cuento siempre con un salario fijo,De 6 a 10 días,Más de 10 personas,"Excel, Word, Google Sheets, Python, QGis, ArcGis, AutoCAD, Google Maps, Fotogrametría, Software de dibujo técnico y edicion fotografica: Illustrator, Corel, Krita, etc, Redes sociales: WhatsApp, Telegram, etc",Falta de reconocimiento profesional,Considero que el posgrado no es relevante,SIG. Geografía. Estudios territoriales. Ciencias Ambientales. Catastro. Teledetección. Arqueobotánica,Algo menor de lo que debería ganar,Mejor reconocimiento profesional,5,"La encuesta no considera factores personales como la responsabilidad en el trabajo, el uso de sustancias, la calidad en la redacción de informes técnicos y académicos, productos cartográficos, no solamente en el área de SIG, sino productos conceptuales epistemológicos en el área de la geografía y de la arqueología, que son lo más importante a mi manera de ver,  en términos de la estabilidad profesional, no solamente en la arqueología, sino en cualquier campo. Considerar además que debemos revisar los estándares de calidad de los arqueólogos en el extranjero, para tener un referente y evaluar cómo estamos haciendo nuestro trabajo, así como evaluar la posibilidad de formación académica en el extranjero o incluso de trabajo fuera del país, ya que nuestro trabajo está demasiado sujeto a las condiciones políticas y normativas de Colombia."
6/16/2026 21:03:08,"Si, es mi profesión principal",Mujer,20 años - 25 años,"Arqueología preventiva o de rescate: obras civiles, construcciones, licencias ambientales, etc","Empleado directo de tiempo completo, Contratista - prestación de servicios",Entre 1 a 3 años,Pregrado,De 3 millones a 4 millones,"Bogotá D.C., Casanare, Tolima",Tus buenos contactos y tu red profesional,Auxiliar de arqueología,"Obras civiles: empresas dedicadas a la construcción de carreteras, urbanismo, energía, construcción",Variables. Depende de contratos,Más de 15 días,De 1 a 3 personas,"Excel, QGis, ArcGis, Google Maps, Redes sociales: WhatsApp, Telegram, etc",Falta de estabilidad laboral,No tengo posgrado,No tengo posgrado,Mucho menor a la que debería ganar,Mejores salarios,3,"La arqueología debería tener mejores salarios y mayor oportunidad de estabilidad laboral, en especial que se trate con la seriedad que lo merece y que lxs compañeritxs se dejen de tirar la plaza."
6/16/2026 23:23:28,"Si, es mi profesión principal",Hombre,36 años - 40 años,"Arqueología preventiva o de rescate: obras civiles, construcciones, licencias ambientales, etc","Empleado directo de tiempo completo, Contratista - prestación de servicios",4 a 6 años,Pregrado,De 5 millones a 6 millones,Caldas,Años de experiencia,Auxiliar de arqueología,"Obras civiles: empresas dedicadas a la construcción de carreteras, urbanismo, energía, construcción",Muy estables. Cuento siempre con un salario fijo,Más de 15 días,De 4 a 10 personas,"Excel, Word, Fotogrametría",Falta de estabilidad laboral,"No tengo título de posgrado aún, pero quiero hacerlo",No tengo posgrado,Algo menor de lo que debería ganar,Mayor estabilidad laboral,5,"Me gusta trabajar en arqueología cada campo es una experiencia nueva, nuevos aprendizajes en mi vida laboral y personal."
6/17/2026 7:44:11,No,Mujer,20 años - 25 años,"Arqueología académica o básica: docencia, investigación, editoriales, museos, semilleros, proyectos academicos, universidades","Nunca he ganado ingresos, Investigación en laboratorio",Menos de 1 año,Pregrado,Nunca he ganado nada,Bogotá D.C.,Años de experiencia,Auxiliar de arqueología,Universidad,Ninguno,No realizo trabajo de campo,Ninguna,"Excel, Word",Poca oferta de empleos,"No tengo título de posgrado aún, pero quiero hacerlo",Otro,No sé cuánto debería ganar realmente,Mayor estabilidad laboral,4,Quisiera encontrar empleo
6/17/2026 7:48:12,"No actualmente, pero lo he hecho antes",Mujer,26 años - 30 años,"Arqueología académica o básica: docencia, investigación, editoriales, museos, semilleros, proyectos academicos, universidades","Trabajador independiente, Divulgacion cientifica",4 a 6 años,Maestría,De 2 millones a 2.5 millones,"Valle del Cauca, México",Tus buenos contactos y tu red profesional,Investigador independiente,Escuelas o colegios,Ocasionales o esporádicos,No realizo trabajo de campo,Ninguna,"Excel, Word, SPSS, ArcGis, AutoCAD, Google Maps, Fotogrametría, Software de dibujo técnico y edicion fotografica: Illustrator, Corel, Krita, etc, Citacion bibliográfica: Mendeley, Zotero, EndNote, etc, Inteligencia Artificial",Poca oferta de empleos,"El posgrado es relevante, me dió mucha claridad conceptual y epistemica, sin embargo, actualmente no lo ejecuto formalmente en mi trabajo, soy docente de Política Global.",Arqueometría. Ciencias de datos. Ingeniería de sistemas. Analítica de datos. Inteligencia artificial,Algo menor de lo que debería ganar,Más oportunidades de empleo,5,"Amo la arqueología, pero lamentablemente en Colombia no he encontrado posibilidad de trabajar, aunque he mandado hoja de vida a todas partes"
6/17/2026 11:25:49,"No actualmente, pero lo he hecho antes",Hombre,31 años - 35 años,"Arqueología preventiva o de rescate: obras civiles, construcciones, licencias ambientales, etc",Beca,7 a 10 años,Especializacion,De 4 millones a 5 millones,"Bogotá D.C., Antioquia","Nivel de formacion academica (especializacion, maestria, doctorado)",Semillerista - Estudiante,Consultoría ambiental o estudios de impacto,Muy estables. Cuento siempre con un salario fijo,Más de 15 días,Ninguna,"Excel, Word, Google Sheets, QGis, ArcGis, Google Maps, Citacion bibliográfica: Mendeley, Zotero, EndNote, etc, Redes sociales: WhatsApp, Telegram, etc",Bajos salarios,"Útil. Lo mejoró si, pero no lo que esperaba",Antropología en general o arqueología,No sé cuánto debería ganar realmente,Mejor capacitación técnica,4,.
6/17/2026 12:49:02,"Si, es mi profesión principal",Hombre,31 años - 35 años,"Arqueología preventiva o de rescate: obras civiles, construcciones, licencias ambientales, etc",Trabajador independiente,Entre 1 a 3 años,Pregrado,Menos de 2 millones de pesos,Boyacá,Tus buenos contactos y tu red profesional,Arqueólogo,"Trabajo independiente, freenlance o por proyectos",Variables. Depende de contratos,No realizo trabajo de campo,Ninguna,"Excel, Word, QGis, Software de creación 3D: Blender, Agisfot Metashape, SketchUp, etc, Google Maps, Fotogrametría, Software de dibujo técnico y edicion fotografica: Illustrator, Corel, Krita, etc, Citacion bibliográfica: Mendeley, Zotero, EndNote, etc, Redes sociales: WhatsApp, Telegram, etc, Inteligencia Artificial",Falta de claridad en tarifas u honorarios,"No tengo título de posgrado aún, pero quiero hacerlo",No tengo posgrado,Mucho menor a la que debería ganar,Mayor estabilidad laboral,2,Ninguna 
6/17/2026 14:00:35,"Si, es mi profesión principal",Hombre,26 años - 30 años,"Arqueología preventiva o de rescate: obras civiles, construcciones, licencias ambientales, etc",Empleado directo de tiempo completo,Entre 1 a 3 años,Pregrado,De 3 millones a 4 millones,Meta,Ninguno se tiene en cuenta ,Auxiliar de arqueología,Empresas petroleras o de extracción de gas,Muy estables. Cuento siempre con un salario fijo,Más de 15 días,Ninguna,"Excel, Word, QGis, Redes sociales: WhatsApp, Telegram, etc",Falta de estabilidad laboral,"No tengo título de posgrado aún, pero quiero hacerlo",No tengo posgrado,Algo menor de lo que debería ganar,Mayor estabilidad laboral,1,No estudien arqueología o Antropología 
6/17/2026 16:12:14,"No actualmente, pero lo he hecho antes",Mujer,26 años - 30 años,"Arqueología preventiva o de rescate: obras civiles, construcciones, licencias ambientales, etc",No ejerzo ,Menos de 1 año,Pregrado,De 2.5 millones a 3 millones,Antioquia,Tener RNA,Auxiliar de arqueología,"Obras civiles: empresas dedicadas a la construcción de carreteras, urbanismo, energía, construcción",Ninguno,Más de 15 días,Ninguna,"Excel, Word, Citacion bibliográfica: Mendeley, Zotero, EndNote, etc, Inteligencia Artificial",Falta de estabilidad laboral,Para nada. Lo que aprendí no se aplica en mi trabajo. La inversión se perdió,Gestión del patrimonio cultural. Curaduría y restauración. Arquitectura. Estudios urbanisticos. Museología. Artes,Mucho menor a la que debería ganar,Mejor reconocimiento profesional,1,"Inestabilidad laboral, trabajo muy pesado con bajos salarios"
6/18/2026 14:49:53,"Si, es mi profesión principal",Hombre,50 años o más,Ambas por igual,Empleado directo de tiempo completo,11 y 15 años,Doctorado,Prefiero no responder,"Chocó, Guaviare","Nivel de formacion academica (especializacion, maestria, doctorado)",Arqueólogo,ICANH,Muy estables. Cuento siempre con un salario fijo,3 meses al año,De 1 a 3 personas,"QGis, Fotogrametría, Software de dibujo técnico y edicion fotografica: Illustrator, Corel, Krita, etc",Falta de reconocimiento profesional,Definitivamente. Mejoró mis oportunidades y mi salario,Antropología en general o arqueología,Aproximadamente lo que debería ganar,El pensum de las universidades,5,"La arqueología en Colombia se puede volver más fuerte e incidir más si logra organizarse con métodos compartidos, mejorar la formación en método y técnica arqueológica, superar la metodología Pittsburg"
6/18/2026 16:32:40,Soy docente de bioarqueología en una universidad pública,Trans,50 años o más,Ambas por igual,Docencia e investigación universitaria,11 y 15 años,Posdoctorado,Más de 10 millones,"Cauca, Nariño, Valle del Cauca",Saber matemáticas y estadística,"Profesor de antropología, arqueología o afines",Universidad,Muy estables. Cuento siempre con un salario fijo,11 a 15 días,De 4 a 10 personas,"Excel, Word, SPSS, Google Maps, Fotogrametría",La información es muy dispersa,Definitivamente. Mejoró mis oportunidades y mi salario,Zooarqueología. Biología. Bioarqueología. Osteología. Medicina. Nutrición. Paleoantropologia. Biología molecular.,Aproximadamente lo que debería ganar,Más regulación del sector,5,"Debo formar bioarqueologos, arqueologos, antropólogos forenses y expertos en Conflicto, he notado que en estas áreas hay mejoras los últimos 15 años, pero también hay nuevas  tensionas en  particular con las empresas privadas que contratan mis estudiantes, no son respetuosas, no pagan bien, abusan de su posición y la inestabilidad laboral no colabora en esta situación, la verdad deberían ser más reguladas igual como ocurre en otros países como Canadá donde estudie, ahí todo es más claro desde el principio, no es perfecto pero es más claro en que te metes."
6/18/2026 17:19:24,"Si, es mi profesión principal",Hombre,46 años -50 años,"Arqueología académica o básica: docencia, investigación, editoriales, museos, semilleros, proyectos academicos, universidades",Docencia e investigación universitaria,11 y 15 años,Doctorado,9 millones a 10 millones,Cauca,"Nivel de formacion academica (especializacion, maestria, doctorado)","Profesor de antropología, arqueología o afines",Universidad,Variables. Depende de contratos,De 1 a 5 días,De 1 a 3 personas,"Excel, Word, QGis, AutoCAD, Citacion bibliográfica: Mendeley, Zotero, EndNote, etc, SURFER",Falta de estabilidad laboral,Definitivamente. Mejoró mis oportunidades y mi salario,Antropología en general o arqueología,Aproximadamente lo que debería ganar,Mayor estabilidad laboral,5,"La lista es larga de cosas por decir, pero solo mencionaré algunas, relacionadas con la profesión de la arqueología en nuestro país:
-Hay un marcado individualismo entre los arqueólogos, especialmente entre aquellos que les ha ido bien laboralmente. Desisten de cualquier debate sobre regulación de salarios. Lo consideran una amenaza a su estatus quo, aun cuando los posibles beneficiados sean otros colegas.
-La arqueología, especialmente la preventiva, se convirtió en una técnica de gestión de patrimonio, no hay, con raras excepciones, un interés en responder preguntas antropológicas. O las preguntas son irrelevantes o no contestadas.
-El arqueólogo auxiliar o asistente es separado de la producción del conocimiento. Solo realiza las actividades que se le indica sin especificarle las razones de esas actividades.
-Hay una fuerte explotación laboral de los trabajadores de la arqueología, especialmente en días de trabajo continuo.
-Los antropólogos que no son arqueólogos son vistos como una amenaza a la disponibilidad de empleo; sin embargo, los propios arqueólogos son quienes contratan a estos antropólogos sin conocimiento en arqueología (con el riesgo a la destrucción del patrimonio que esto conlleva)."
6/18/2026 17:28:28,"Si, es mi profesión principal",Hombre,46 años -50 años,"Arqueología académica o básica: docencia, investigación, editoriales, museos, semilleros, proyectos academicos, universidades",Docencia e investigación universitaria,11 y 15 años,Doctorado,Más de 10 millones,Boyacá,"Producción de artículos, libros, etc","Profesor de antropología, arqueología o afines",Universidad,Muy estables. Cuento siempre con un salario fijo,Depende del mes,De 1 a 3 personas,"Excel, Word, ArcGis, AutoCAD, Google Maps, Software de dibujo técnico y edicion fotografica: Illustrator, Corel, Krita, etc, Citacion bibliográfica: Mendeley, Zotero, EndNote, etc, Redes sociales: WhatsApp, Telegram, etc",Exceso de informalidad,Definitivamente. Mejoró mis oportunidades y mi salario,Antropología en general o arqueología,No sé cuánto debería ganar realmente,Mejor capacitación técnica,5,Ufff demasiadas para un formulario...
6/18/2026 19:40:02,"Si, es mi profesión principal",Hombre,50 años o más,"Arqueología académica o básica: docencia, investigación, editoriales, museos, semilleros, proyectos academicos, universidades",Docencia e investigación universitaria,11 y 15 años,Doctorado,7 millones a 8 millones,"Bolivar, Córdoba, Sucre","Producción de artículos, libros, etc","Profesor de antropología, arqueología o afines",Universidad,Muy estables. Cuento siempre con un salario fijo,Más de 15 días,De 4 a 10 personas,"Excel, Word, Google Sheets, Python, SPSS, QGis, Software de creación 3D: Blender, Agisfot Metashape, SketchUp, etc, ArcGis, AutoCAD, Google Maps, Fotogrametría, Software de dibujo técnico y edicion fotografica: Illustrator, Corel, Krita, etc, Citacion bibliográfica: Mendeley, Zotero, EndNote, etc, Redes sociales: WhatsApp, Telegram, etc, Inteligencia Artificial",Falta de estabilidad laboral,Definitivamente. Mejoró mis oportunidades y mi salario,Antropología en general o arqueología,Algo menor de lo que debería ganar,Mayor estabilidad laboral,5,Espero que nos puedan compartir los resultados de la investigación.
6/19/2026 14:12:38,"Si, es mi profesión principal",Mujer,46 años -50 años,"Arqueología académica o básica: docencia, investigación, editoriales, museos, semilleros, proyectos academicos, universidades",Docencia e investigación universitaria,11 y 15 años,Doctorado,7 millones a 8 millones,Bogotá D.C.,"Nivel de formacion academica (especializacion, maestria, doctorado)","Profesor de antropología, arqueología o afines",Universidad,Muy estables. Cuento siempre con un salario fijo,No realizo trabajo de campo,Ninguna,"Excel, Word, SPSS, Redes sociales: WhatsApp, Telegram, etc",Falta de estabilidad laboral,Definitivamente. Mejoró mis oportunidades y mi salario,Zooarqueología. Biología. Bioarqueología. Osteología. Medicina. Nutrición. Paleoantropologia. Biología molecular.,Algo menor de lo que debería ganar,Mayor estabilidad laboral,5,no desligo la antropología de la arqueología por lo que me considero una antropologa que se hace preguntas del pasado 
6/19/2026 14:25:30,"No actualmente, pero lo he hecho antes",Mujer,20 años - 25 años,"Arqueología preventiva o de rescate: obras civiles, construcciones, licencias ambientales, etc",por ahora no genero ingresos ,Menos de 1 año,Pregrado,Menos de 2 millones de pesos,Bogotá D.C.,Tus buenos contactos y tu red profesional,desempleada,"Obras civiles: empresas dedicadas a la construcción de carreteras, urbanismo, energía, construcción",Ocasionales o esporádicos,No realizo trabajo de campo,Ninguna,"Excel, Redes sociales: WhatsApp, Telegram, etc",Falta de estabilidad laboral,"No tengo título de posgrado aún, pero quiero hacerlo",No tengo posgrado,Mucho menor a la que debería ganar,Mayor estabilidad laboral,1,"Elegir la carrera parece por hobbie, lo malo es elegirla siendo una persona pobre que espera poder vivir de ello y se enfrenta al nomadismo laboral, la falta de empleo, pagas precarias e inestabilidad laboral. "
6/19/2026 14:49:15,"Si, es mi profesión principal",Hombre,20 años - 25 años,"Arqueología preventiva o de rescate: obras civiles, construcciones, licencias ambientales, etc",Empleado directo de tiempo completo,Entre 1 a 3 años,Pregrado,De 3 millones a 4 millones,"Antioquia, Cesar",Habilidades de comunicación y persuasión,Arqueólogo,Instituciones gubernamentales,Muy estables. Cuento siempre con un salario fijo,11 a 15 días,De 1 a 3 personas,"Excel, Word, QGis, Google Maps, Redes sociales: WhatsApp, Telegram, etc",Falta de claridad en tarifas u honorarios,"No tengo título de posgrado aún, pero quiero hacerlo",Administración. Economia. Gerencia de proyectos.,Mucho menor a la que debería ganar,Más regulación del sector,5,Es fundamental fortalecer la ética y las habilidades de gerencia 
6/19/2026 15:57:27,"No actualmente, pero lo he hecho antes",Hombre,50 años o más,"Arqueología académica o básica: docencia, investigación, editoriales, museos, semilleros, proyectos academicos, universidades","Docencia e investigación universitaria, Consultoria",11 y 15 años,Posdoctorado,De 5 millones a 6 millones,Magdalena,Saber bucear,"Profesor de antropología, arqueología o afines",Universidad,Variables. Depende de contratos,No realizo trabajo de campo,De 1 a 3 personas,"Software de creación 3D: Blender, Agisfot Metashape, SketchUp, etc, ArcGis",Falta de claridad en tarifas u honorarios,Considero que el posgrado no es relevante,Antropología en general o arqueología,Aproximadamente lo que debería ganar,Mejor claridad en los honorarios o sueldos,2,"Mi campo de experiencia a lo largo de los años ha ido de la arqueología, en especial la histórica, hacia estudios del patrimonio. Esto me ha conectado con discusiones de arqueología indígena, pero no estoy seguro de que la arqueología indígena sea un tipo especial de arqueología. La arqueología histórica me ha conectado con el estudio de patrimonio cultural sumergido que es un campo de estudio aparentemente emergente. En la medida en que el Estado propuso normativas para regular el campo, la normalización salarial hizo que lo que era una buena oportunidad laboral, comenzara a ser precaria. En la actualidad mi trabajo tiene que ver más con el patrimonio y la docencia universitaria interdisciplinaria, así que no sé si mi visión de la arqueología sirva de algo."
6/20/2026 10:18:43,"Si, ocasionalmente",Hombre,31 años - 35 años,"Arqueología preventiva o de rescate: obras civiles, construcciones, licencias ambientales, etc",Empleado directo de tiempo completo,Entre 1 a 3 años,Pregrado,De 2.5 millones a 3 millones,"Atlánico, Valle del Cauca",Tus buenos contactos y tu red profesional,Auxiliar de arqueología,"Obras civiles: empresas dedicadas a la construcción de carreteras, urbanismo, energía, construcción",Ocasionales o esporádicos,Más de 15 días,Ninguna,"Excel, Word, QGis",Falta de estabilidad laboral,Poco útil. Muy poco realmente,No tengo posgrado,Mucho menor a la que debería ganar,Mejor reconocimiento profesional,2,La decadencia de la profesión viene principalmente por parte de colegas y también hay un regionalismo casi radical por aconglomerar los empleos
6/20/2026 11:08:55,"Si, es mi profesión principal",Hombre,31 años - 35 años,"Arqueología preventiva o de rescate: obras civiles, construcciones, licencias ambientales, etc","Contratista - prestación de servicios, Trabajador independiente",7 a 10 años,Pregrado,De 4 millones a 5 millones,Antioquia,Años de experiencia,Director o lider de proyecto,"Obras civiles: empresas dedicadas a la construcción de carreteras, urbanismo, energía, construcción",Variables. Depende de contratos,Más de 15 días,De 1 a 3 personas,"Excel, Word, Google Sheets, QGis, ArcGis, AutoCAD, Google Maps, Redes sociales: WhatsApp, Telegram, etc, Inteligencia Artificial",Bajos salarios,"Útil. Lo mejoró si, pero no lo que esperaba",No tengo posgrado,Mucho menor a la que debería ganar,Más regulación del sector,4,"Una vez me echaron de un proyecto de arqueología por fumar bareta, a lo que yo me pregunto ¿ qué tiene que ver lo uno con lo otro?  Entonces eso me hace pensar, que tan excluyentes y fascista puede llegar a ser un arqueólogo que se lucra con el discurso del patrimonio. "
6/20/2026 19:13:47,"Si, es mi profesión principal",Hombre,26 años - 30 años,"Arqueología preventiva o de rescate: obras civiles, construcciones, licencias ambientales, etc","Contratista - prestación de servicios, Trabajador independiente",4 a 6 años,Especializacion,6 millones a 7 millones,Bogotá D.C.,"Conocimientos especializados en zooarqueología, bioarqueología o afines",Coordinador de proyectos o afines,Instituciones gubernamentales,Variables. Depende de contratos,11 a 15 días,De 4 a 10 personas,"Excel, Word, Google Sheets, QGis, ArcGis, Google Maps, Citacion bibliográfica: Mendeley, Zotero, EndNote, etc, Redes sociales: WhatsApp, Telegram, etc, Inteligencia Artificial",Bajos salarios,"Útil. Lo mejoró si, pero no lo que esperaba",SIG. Geografía. Estudios territoriales. Ciencias Ambientales. Catastro. Teledetección. Arqueobotánica,Algo menor de lo que debería ganar,Más regulación del sector,2,"Por favor, compartir los resultados de esta encuesta."
6/21/2026 17:41:15,"Si, es mi profesión principal",Hombre,36 años - 40 años,"Arqueología preventiva o de rescate: obras civiles, construcciones, licencias ambientales, etc",Empleado directo de tiempo completo,7 a 10 años,Pregrado,De 4 millones a 5 millones,La Guajira,Casualidad,Auxiliar de arqueología,"Obras civiles: empresas dedicadas a la construcción de carreteras, urbanismo, energía, construcción",Muy estables. Cuento siempre con un salario fijo,Más de 15 días,Ninguna,"Excel, Word, QGis, Google Maps, Redes sociales: WhatsApp, Telegram, etc",Poca oferta de empleos,"No tengo título de posgrado aún, pero quiero hacerlo",No tengo posgrado,Algo menor de lo que debería ganar,Más oportunidades de empleo,2,.
6/21/2026 18:00:06,"No actualmente, pero lo he hecho antes",Hombre,36 años - 40 años,"Arqueología preventiva o de rescate: obras civiles, construcciones, licencias ambientales, etc",No estoy laborando ,4 a 6 años,Estudiante de pregrado,De 3 millones a 4 millones,Putumayo,Tus buenos contactos y tu red profesional,Auxiliar de arqueología,Empresas petroleras o de extracción de gas,Variables. Depende de contratos,Más de 15 días,Ninguna,Excel,Bajos salarios,"No tengo título de posgrado aún, pero quiero hacerlo",No tengo posgrado,Mucho menor a la que debería ganar,Mayor estabilidad laboral,3,N/A
6/21/2026 18:33:43,"Si, es mi profesión principal",Helicóptero de ataque Apache,26 años - 30 años,"Arqueología preventiva o de rescate: obras civiles, construcciones, licencias ambientales, etc",Empleado directo de tiempo completo,7 a 10 años,Pregrado,De 3 millones a 4 millones,Bogotá D.C.,Tus buenos contactos y tu red profesional,Arqueólogo,"Obras civiles: empresas dedicadas a la construcción de carreteras, urbanismo, energía, construcción",Variables. Depende de contratos,"Todo el mes, tengo que estar en obra así no excavemos.",Ninguna,"Excel, Word, Google Sheets, QGis, Software de creación 3D: Blender, Agisfot Metashape, SketchUp, etc, Google Maps, Fotogrametría, Software de dibujo técnico y edicion fotografica: Illustrator, Corel, Krita, etc, Citacion bibliográfica: Mendeley, Zotero, EndNote, etc, Redes sociales: WhatsApp, Telegram, etc, Inteligencia Artificial",Bajos salarios,"No tengo título de posgrado aún, pero quiero hacerlo",No tengo posgrado,Algo menor de lo que debería ganar,Más regulación del sector,2,"Me arrepiento de haber estudiado arqueología. Si tuviera la oportunidad de volver atrás, no estudiaría nuevamente esta carrera en Colombia, y mucho menos invertiría tiempo y dinero en un posgrado. El principal problema no es la disciplina en sí, que me sigue pareciendo fascinante, sino el estado del gremio y las condiciones laborales que lo rodean.

En mi experiencia, es un medio lleno de personas que constantemente se apuñalan por la espalda. Muchos colegas, apenas logran ascender un poco o conseguir una posición de coordinación, se olvidan de quienes están debajo y empiezan a trasladarles responsabilidades, a competir de forma desleal o incluso a perjudicarlos para mantenerse en sus cargos. La solidaridad profesional es escasa y predominan los intereses personales y no mencionar a la “ética” profesional de muchos colegas que brilla por su ausencia encubriendo temas de acoso entre estudiantes y/o profesionales.

Un ejemplo reciente es lo que ocurre en Metro Línea 1. Los arqueólogos de los contratistas hemos terminado asumiendo los rescates arqueológicos, cuando originalmente nuestros contratos fueron firmados para realizar actividades de monitoreo. La responsabilidad que antes recaía sobre ML1 se ha ido transfiriendo a los contratistas sin que exista una modificación clara de las condiciones laborales o una compensación acorde con el aumento de las responsabilidades. Se termina exigiendo más trabajo, más conocimiento y más exposición a riesgos administrativos y técnicos, pero con el mismo salario y bajo las mismas condiciones.

A esto se suma otro problema estructural de la profesión: la enorme precariedad laboral. En Colombia, gran parte de los arqueólogos depende de contratos temporales ligados a proyectos de infraestructura. Cuando se acaba una obra, se acaba el empleo. No existe una carrera profesional estable, son escasas las plazas en investigación y docencia, y los salarios muchas veces no corresponden con la formación requerida ni con el nivel de responsabilidad que implica tomar decisiones sobre patrimonio arqueológico. En muchos casos, después de cinco años de carrera y varios años de experiencia, se termina viviendo de contrato en contrato, sin estabilidad ni perspectivas claras de crecimiento.

También existe una desconexión entre las universidades y la realidad laboral. Se forman arqueólogos con expectativas académicas y de investigación, pero el mercado colombiano está dominado por la arqueología preventiva, donde la presión por cumplir cronogramas y satisfacer las necesidades de las obras suele primar sobre la investigación científica. El resultado es una profesión que exige una alta especialización, pero que rara vez recompensa ese esfuerzo con estabilidad, reconocimiento o posibilidades reales de desarrollo.

Por todo esto, si tuviera la oportunidad de empezar de nuevo, probablemente elegiría otra carrera. La arqueología sigue siendo una disciplina apasionante, pero las condiciones en las que se ejerce en Colombia hacen muy difícil recomendarla a alguien que esté pensando en estudiar el pregrado hoy en día."
6/21/2026 18:36:51,"Si, es mi profesión principal",Mujer,20 años - 25 años,"Arqueología preventiva o de rescate: obras civiles, construcciones, licencias ambientales, etc",Empleado directo de tiempo completo,Entre 1 a 3 años,Estudiante de pregrado,Menos de 2 millones de pesos,Bogotá D.C.,Tus buenos contactos y tu red profesional,Auxiliar de arqueología,Trabajo en laboratorios,Muy estables. Cuento siempre con un salario fijo,No realizo trabajo de campo,Ninguna,"Excel, Word",Bajos salarios,"Útil. Lo mejoró si, pero no lo que esperaba",No tengo posgrado,Mucho menor a la que debería ganar,Mejores salarios,1,Realmente los salarios son precarios incluso cuando se va a campo y saber que en campo lo máximo son 4.5 millones es decepcionante comparado con otras carreras. No hay oportunidades de crecimiento ni de trabajos que den estabilidad 
6/21/2026 18:55:38,"Si, es mi profesión principal",Mujer,26 años - 30 años,"Arqueología académica o básica: docencia, investigación, editoriales, museos, semilleros, proyectos academicos, universidades",Empleado directo de tiempo completo,4 a 6 años,Maestría,De 5 millones a 6 millones,Bogotá D.C.,Saber bucear,Arqueólogo,Instituciones gubernamentales,Variables. Depende de contratos,De 1 a 5 días,Ninguna,"Excel, Word, Google Sheets, QGis, Software de creación 3D: Blender, Agisfot Metashape, SketchUp, etc, ArcGis, Google Maps, Fotogrametría, Software de dibujo técnico y edicion fotografica: Illustrator, Corel, Krita, etc, Citacion bibliográfica: Mendeley, Zotero, EndNote, etc",Falta de estabilidad laboral,Para nada. Lo que aprendí no se aplica en mi trabajo. La inversión se perdió,Otro,Aproximadamente lo que debería ganar,Mayor estabilidad laboral,4,Ninguno
6/22/2026 7:56:56,"Si, es mi profesión principal",Hombre,50 años o más,"Arqueología preventiva o de rescate: obras civiles, construcciones, licencias ambientales, etc","Empleado directo de tiempo completo, Contratista - prestación de servicios",7 a 10 años,Pregrado,De 5 millones a 6 millones,Bogotá D.C.,Manejar SIG,Arqueólogo,"Obras civiles: empresas dedicadas a la construcción de carreteras, urbanismo, energía, construcción",Muy estables. Cuento siempre con un salario fijo,Más de 15 días,Ninguna,"Excel, Word, QGis, Google Maps",Falta de reconocimiento profesional,"Útil. Lo mejoró si, pero no lo que esperaba",No tengo posgrado,Algo menor de lo que debería ganar,Más regulación del sector,5,No quiero contestar
6/22/2026 10:29:41,"No actualmente, pero lo he hecho antes",Hombre,31 años - 35 años,"Arqueología preventiva o de rescate: obras civiles, construcciones, licencias ambientales, etc",Contratista - prestación de servicios,7 a 10 años,Pregrado,De 4 millones a 5 millones,Meta,Tener RNA,Arqueólogo,"Trabajo independiente, freenlance o por proyectos",Ocasionales o esporádicos,Más de 15 días,Ninguna,"Excel, Word, QGis, Citacion bibliográfica: Mendeley, Zotero, EndNote, etc",Poca oferta de empleos,"No tengo título de posgrado aún, pero quiero hacerlo",SIG. Geografía. Estudios territoriales. Ciencias Ambientales. Catastro. Teledetección. Arqueobotánica,Mucho menor a la que debería ganar,Más oportunidades de empleo,3,"Las empresas de infraestructura en cooperación con el ICANH, han denigrado el quehacer arqueológico, el ICANH que se supone debería también servir como una especie de defensora de los derechos laborales y personales de los arqueólogos, ha permitido que la precarización laboral por parte de las empresas sea el pan de cada día. Por eso hoy vemos bajos salarios, pésimas condiciones laborales, sobreexplotación laboral, pocas ofertas laborales, pocas o casi nulas oportunidades de crecer dentro de una empresa o de mantenerse estable por un buen término de tiempo, vinculaciones laborales paupérrimas, entre otros problemas."
6/22/2026 10:56:24,"Si, es mi profesión principal",Hombre,50 años o más,"Arqueología académica o básica: docencia, investigación, editoriales, museos, semilleros, proyectos academicos, universidades",Empleado directo de tiempo completo,11 y 15 años,Doctorado,Más de 10 millones,Bogotá D.C.,"Nivel de formacion academica (especializacion, maestria, doctorado)","Profesor de antropología, arqueología o afines",Semillerista de investigación - Universidad,Muy estables. Cuento siempre con un salario fijo,De 6 a 10 días,Más de 10 personas,Word,La información es muy dispersa,Definitivamente. Mejoró mis oportunidades y mi salario,Arqueometría. Ciencias de datos. Ingeniería de sistemas. Analítica de datos. Inteligencia artificial,Algo menor de lo que debería ganar,Más oportunidades de empleo,5,"Personalmente, no tengo un gran problema... Pero extraño trabajar en las excavaciones en las que participé antes de venir a Colombia... Esto probablemente se deba a la falta de financiación; el gobierno no tiene una política de financiación para la cultura."
6/22/2026 16:41:19,"Si, ocasionalmente",Mujer,50 años o más,"Arqueología académica o básica: docencia, investigación, editoriales, museos, semilleros, proyectos academicos, universidades","Docente, investigador, independiente",11 y 15 años,Maestría,6 millones a 7 millones,"Bogotá D.C., Bolivar",Tener una marca personal reconocida,"Profesor, director - coordinador proyectos, investigador",Gestión del patrimonio cultural,Variables. Depende de contratos,Más de 15 días,Más de 10 personas,"Excel, Word, Google Sheets, SPSS, Google Maps, Fotogrametría, Software de dibujo técnico y edicion fotografica: Illustrator, Corel, Krita, etc, Inteligencia Artificial",Falta de relación entre formación y oportunidades laborales,Vale la pena ser transdisciplinario,Otro,No sé cuánto debería ganar realmente,El pensum de las universidades,4,"La formación del estudiante (no su necesidad individual) debería orientarse no solo a responder ""demandas del mercado"", sino también a generar las condiciones para que estas reconozcan el valor de la arqueología y el patrimonio, por ende, a su trabajo."
6/22/2026 21:18:04,"Si, es mi profesión principal",Hombre,26 años - 30 años,Área forense,Contratista - prestación de servicios,Entre 1 a 3 años,Pregrado,De 5 millones a 6 millones,Caldas,Años de experiencia,Antropologo Forense,Sector forense - Fiscalía - UBPD,Muy estables. Cuento siempre con un salario fijo,11 a 15 días,De 1 a 3 personas,"Excel, Word, Google Sheets, SPSS, QGis, Software de creación 3D: Blender, Agisfot Metashape, SketchUp, etc, ArcGis, Google Maps, Fotogrametría, Software de dibujo técnico y edicion fotografica: Illustrator, Corel, Krita, etc, Inteligencia Artificial",Falta de estabilidad laboral,"No tengo título de posgrado aún, pero quiero hacerlo",SIG. Geografía. Estudios territoriales. Ciencias Ambientales. Catastro. Teledetección. Arqueobotánica,Aproximadamente lo que debería ganar,Más oportunidades de empleo,4,N/A
6/23/2026 6:16:33,"Si, es mi profesión principal",Mujer,36 años - 40 años,"Arqueología preventiva o de rescate: obras civiles, construcciones, licencias ambientales, etc",Empleado directo de tiempo completo,4 a 6 años,Pregrado,De 3 millones a 4 millones,Bogotá D.C.,Tener RNA,Arqueólogo,"Obras civiles: empresas dedicadas a la construcción de carreteras, urbanismo, energía, construcción",Variables. Depende de contratos,Más de 15 días,De 1 a 3 personas,"Excel, Word, QGis, Redes sociales: WhatsApp, Telegram, etc",Falta de claridad en tarifas u honorarios,No tengo posgrado ,No tengo posgrado,Mucho menor a la que debería ganar,Mayor estabilidad laboral,3,"Tenía más sueldo hace un año, volví a ganar lo que ganaba hace 4; ni siquiera se siente estancamiento si no retroceso y eso es triste "
6/23/2026 6:42:06,"Si, es mi profesión principal",Hombre,26 años - 30 años,"Arqueología preventiva o de rescate: obras civiles, construcciones, licencias ambientales, etc",Empleado directo de tiempo completo,7 a 10 años,Especializacion,6 millones a 7 millones,Atlánico,Manejar SIG,Coordinador de proyectos o afines,Consultoría ambiental o estudios de impacto,Muy estables. Cuento siempre con un salario fijo,No realizo trabajo de campo,De 4 a 10 personas,"Excel, Word, Python, QGis",Falta de estabilidad laboral,Poco útil. Muy poco realmente,SIG. Geografía. Estudios territoriales. Ciencias Ambientales. Catastro. Teledetección. Arqueobotánica,Mucho menor a la que debería ganar,Mayor estabilidad laboral,3,Gracias por la actividad. Es muy necesaria
6/23/2026 8:30:19,"Si, es mi profesión principal",Hombre,31 años - 35 años,"Arqueología preventiva o de rescate: obras civiles, construcciones, licencias ambientales, etc",Empleado directo de tiempo completo,7 a 10 años,Especializacion,6 millones a 7 millones,"Bolivar, Cesar, Córdoba, Magdalena","Años de experiencia, Manejar DIG, Tener RNA, Habilidades tecnológicas: programación, Excel, analítica de datos, bases de datos, etc.",Coordinador de proyectos o afines,"Obras civiles: empresas dedicadas a la construcción de carreteras, urbanismo, energía, construcción",Muy estables. Cuento siempre con un salario fijo,No realizo trabajo de campo,De 1 a 3 personas,"Excel, Word, Python, QGis, ArcGis, AutoCAD, Google Maps, Inteligencia Artificial",Bajos salarios,Definitivamente. Mejoró mis oportunidades y mi salario,SIG. Geografía. Estudios territoriales. Ciencias Ambientales. Catastro. Teledetección. Arqueobotánica,Aproximadamente lo que debería ganar,Mejores salarios,2,"La pregunta 17 deberían dejarla en selección múltiple, no solo el bajo salario es uno de los problemas en el mercado laboral de arqueología, también lo está la estabilidad, los tipos de contratos, los horarios (en ocasiones) y por supuesto la diferencia entre la preventiva con la académica.

Todo lo anterior influye en que actualmente los profesionales en antropología y arqueología prácticamente regalen su trabajo bajo la premisa de que preferimos ganar algo que no ganar nada, y es una realidad, obviamente mucho vamos a elegir eso porque necesitamos tener con que suplir por lo menos las necesidades básicas. 

Yo inicié así, por fortuna encontré un trabajo donde si han reconocido mis aportes, pero no todos mi colegas tienen el mismo éxito. Y bueno, esperemos que este nuevo gobierno no joda más el sector cultura porque aunque si apoye el sector infraestructura, construcción y etc (porque eso es sinónimo de avance y productividad) si debilitan la parte cultural no sabemos qué fututo le espere programa de preventiva, que en estos momentos es el que más empleo está generando en el gremio."
6/24/2026 7:39:20,"Si, es mi profesión principal",Hombre,31 años - 35 años,"Arqueología preventiva o de rescate: obras civiles, construcciones, licencias ambientales, etc",Empleado directo de tiempo completo,4 a 6 años,Pregrado,De 4 millones a 5 millones,Cundinamarca,Años de experiencia,Coordinador de proyectos o afines,"Obras civiles: empresas dedicadas a la construcción de carreteras, urbanismo, energía, construcción",Variables. Depende de contratos,De 1 a 5 días,De 1 a 3 personas,"Excel, Word, Google Sheets, QGis, Google Maps, Redes sociales: WhatsApp, Telegram, etc",La información es muy dispersa,"No tengo título de posgrado aún, pero quiero hacerlo",No tengo posgrado,Algo menor de lo que debería ganar,Mejores salarios,3,El salario y reconocimiento profesional son los puntos claves que hacen que la mayoría de arqueólogos en el país no tengan condiciones ideales 
6/24/2026 9:03:51,"Si, es mi profesión principal",Mujer,31 años - 35 años,"Arqueología preventiva o de rescate: obras civiles, construcciones, licencias ambientales, etc",Empleado directo de tiempo completo,7 a 10 años,Especializacion,De 5 millones a 6 millones,"Bogotá D.C., Meta",Años de experiencia,Arqueólogo,"Obras civiles: empresas dedicadas a la construcción de carreteras, urbanismo, energía, construcción",Muy estables. Cuento siempre con un salario fijo,No realizo trabajo de campo,Ninguna,"Excel, Word, QGis, Google Maps, Redes sociales: WhatsApp, Telegram, etc",Falta de estabilidad laboral,"No tengo título de posgrado aún, pero quiero hacerlo",Otro,Mucho menor a la que debería ganar,Mayor estabilidad laboral,4," En la arqueología en Colombia, se han mantenido en cargos decisivos e importantes las mismas personas durante mucho tiempo, lo que ocasiona que el trabajo dependa de un sistema de relaciones personales en donde si no le caes bien a estas personas, no tienes trabajo."
6/26/2026 12:12:42,"Si, es mi profesión principal",Mujer,50 años o más,Ambas por igual,"Contratista - prestación de servicios, Docencia e investigación universitaria",11 y 15 años,Doctorado,6 millones a 7 millones,Bogotá D.C.,"Nivel de formacion academica (especializacion, maestria, doctorado)","Profesor de antropología, arqueología o afines",Universidad,Variables. Depende de contratos,De 1 a 5 días,Ninguna,"Excel, QGis, Fotogrametría, Citacion bibliográfica: Mendeley, Zotero, EndNote, etc",Falta de estabilidad laboral,"Útil. Lo mejoró si, pero no lo que esperaba",Zooarqueología. Biología. Bioarqueología. Osteología. Medicina. Nutrición. Paleoantropologia. Biología molecular.,Mucho menor a la que debería ganar,Mayor estabilidad laboral,4,"Algunos de los cuestionamientos , no se pueden responder con una única respuesta"
6/26/2026 12:17:12,"No actualmente, pero lo he hecho antes",Hombre,31 años - 35 años,"Arqueología preventiva o de rescate: obras civiles, construcciones, licencias ambientales, etc","Empleado directo de tiempo completo, Contratista - prestación de servicios",Entre 1 a 3 años,Pregrado,De 2 millones a 2.5 millones,Antioquia,Años de experiencia,Auxiliar de arqueología,"Obras civiles: empresas dedicadas a la construcción de carreteras, urbanismo, energía, construcción",Variables. Depende de contratos,Más de 15 días,Ninguna,"Excel, Word, QGis, Google Maps",Falta de estabilidad laboral,"No tengo título de posgrado aún, pero quiero hacerlo",No tengo posgrado,Algo menor de lo que debería ganar,Más oportunidades de empleo,2,Yo solo quiero sugerir que los resultados de esta encuesta sean socializados con el ICANH y las principales empresas de la construcción.
6/29/2026 22:22:23,"No actualmente, pero lo he hecho antes",Mujer,31 años - 35 años,"Arqueología preventiva o de rescate: obras civiles, construcciones, licencias ambientales, etc",Contratista - prestación de servicios,7 a 10 años,Pregrado,De 3 millones a 4 millones,Antioquia,En realidad es un área donde las posibilidades de subir el sueldo son muy limitadas a pesar de cualquier conocimiento específico.,Arqueólogo,"Obras civiles: empresas dedicadas a la construcción de carreteras, urbanismo, energía, construcción",Variables. Depende de contratos,Más de 15 días,De 4 a 10 personas,"Excel, Word, QGis, ArcGis, Google Maps, Citacion bibliográfica: Mendeley, Zotero, EndNote, etc, Redes sociales: WhatsApp, Telegram, etc",Falta de estabilidad laboral,"No tengo posgrado, porque los colegas que conozco que si lo tienen han tenido demasiadas dificultades para encontrar trabajo por estar "" sobre perfilados"" o no se les reconoce lo aprendido a nivel económico.",No tengo posgrado,Mucho menor a la que debería ganar,Mayor estabilidad laboral,3,.
6/30/2026 8:13:38,"Si, es mi profesión principal",Mujer,36 años - 40 años,"Arqueología preventiva o de rescate: obras civiles, construcciones, licencias ambientales, etc",Contratista - prestación de servicios,4 a 6 años,Pregrado,De 2 millones a 2.5 millones,Magdalena,Tus buenos contactos y tu red profesional,Desempleada,"Obras civiles: empresas dedicadas a la construcción de carreteras, urbanismo, energía, construcción",Ocasionales o esporádicos,Más de 15 días,Ninguna,"Excel, Word, QGis, Google Maps, Fotogrametría, Redes sociales: WhatsApp, Telegram, etc, Inteligencia Artificial",Poca oferta de empleos,"No tengo título de posgrado aún, pero quiero hacerlo",Gestión del patrimonio cultural. Curaduría y restauración. Arquitectura. Estudios urbanisticos. Museología. Artes,No sé cuánto debería ganar realmente,Más oportunidades de empleo,4,"He amado mi profesión todo el tiempo soy feliz de hacerlo así tenga poco pago, me conformo con poco dinero, lo triste es no tener nada de oferta de trabajo y que pasen los meses y sigas esperando que aparezca algo pero no hay empleo, si tus amigos o familiares no te emplean no tienes nada."
6/30/2026 10:08:13,"No actualmente, pero lo he hecho antes",Mujer,26 años - 30 años,"Arqueología preventiva o de rescate: obras civiles, construcciones, licencias ambientales, etc","Trabajador independiente, Consultoria",7 a 10 años,Maestría,De 2.5 millones a 3 millones,"Bogotá D.C., Antioquia",Manejar SIG,Auxiliar de arqueología,Consultoría ambiental o estudios de impacto,Variables. Depende de contratos,Más de 15 días,De 4 a 10 personas,"Excel, Word, Python, QGis, Google Maps, Software de dibujo técnico y edicion fotografica: Illustrator, Corel, Krita, etc, Citacion bibliográfica: Mendeley, Zotero, EndNote, etc, Redes sociales: WhatsApp, Telegram, etc",Bajos salarios,Para nada. Lo que aprendí no se aplica en mi trabajo. La inversión se perdió,Antropología en general o arqueología,Mucho menor a la que debería ganar,Más regulación del sector,1,"esta opcion deberia ser opcional y es obligatoria, en teoría solo deberia ser si uno lo desea, pero el formulario no se deja enviar si uno no escribe nada aqui. Bruh. "
6/30/2026 14:24:33,"No actualmente, pero lo he hecho antes",Mujer,31 años - 35 años,"Arqueología preventiva o de rescate: obras civiles, construcciones, licencias ambientales, etc",Trabajador independiente,4 a 6 años,Pregrado,De 2.5 millones a 3 millones,"Bogotá D.C., Atlánico, Cundinamarca, Magdalena",Tus buenos contactos y tu red profesional,Investigador independiente,"Trabajo independiente, freenlance o por proyectos",Variables. Depende de contratos,No realizo trabajo de campo,Ninguna,"Excel, Word, Google Sheets, QGis, Software de creación 3D: Blender, Agisfot Metashape, SketchUp, etc",Falta de claridad en tarifas u honorarios,"No tengo título de posgrado aún, pero quiero hacerlo",No tengo posgrado,Mucho menor a la que debería ganar,Más regulación del sector,4,. 
7/1/2026 19:30:27,"Si, es mi profesión principal",Hombre,36 años - 40 años,"Arqueología preventiva o de rescate: obras civiles, construcciones, licencias ambientales, etc",Empleado directo de tiempo completo,7 a 10 años,Maestría,De 4 millones a 5 millones,Sucre,Tus buenos contactos y tu red profesional,Arqueólogo,"Obras civiles: empresas dedicadas a la construcción de carreteras, urbanismo, energía, construcción",Variables. Depende de contratos,30,Más de 10 personas,"Excel, Word, QGis, Google Maps, Redes sociales: WhatsApp, Telegram, etc, Inteligencia Artificial",Bajos salarios,Considero que el posgrado no es relevante,Antropología en general o arqueología,Mucho menor a la que debería ganar,Mejor claridad en los honorarios o sueldos,2,Es un gremio donde los colegas son más explotadores que los ingenieros y dónde el ente regulador le exige más al profesional que a las empresas que son las que generan el detrimento patrimonial
7/2/2026 6:29:42,"Si, es mi profesión principal",Hombre,31 años - 35 años,"Arqueología preventiva o de rescate: obras civiles, construcciones, licencias ambientales, etc",Empleado directo de tiempo completo,11 y 15 años,Pregrado,De 5 millones a 6 millones,Santander,Años de experiencia,Arqueólogo,"Obras civiles: empresas dedicadas a la construcción de carreteras, urbanismo, energía, construcción",Muy estables. Cuento siempre con un salario fijo,De 6 a 10 días,De 4 a 10 personas,"Excel, Word, QGis, ArcGis, Google Maps, Software de dibujo técnico y edicion fotografica: Illustrator, Corel, Krita, etc, Redes sociales: WhatsApp, Telegram, etc",Bajos salarios,"No tengo título de posgrado aún, pero quiero hacerlo",Gestión del patrimonio cultural. Curaduría y restauración. Arquitectura. Estudios urbanisticos. Museología. Artes,Algo menor de lo que debería ganar,Mejores salarios,2,"La formación de un gremio en el que podamos protegernos y garantizar el debido manejo arqueológico de los proyectos, además de, salarios dignos."
7/2/2026 11:07:46,"Si, es mi profesión principal",Prefiero no decirlo,26 años - 30 años,"Arqueología preventiva o de rescate: obras civiles, construcciones, licencias ambientales, etc","Contratista - prestación de servicios, Consultoria",Menos de 1 año,Pregrado,De 4 millones a 5 millones,"Atlánico, Cundinamarca",Años de experiencia,Auxiliar de arqueología,Consultoría ambiental o estudios de impacto,Variables. Depende de contratos,Más de 15 días,De 1 a 3 personas,"QGis, Google Maps",Bajos salarios,"No tengo título de posgrado aún, pero quiero hacerlo",No tengo posgrado,Aproximadamente lo que debería ganar,Mejores salarios,3,"El problema base actual de la arqueología en Colombia se reproduce en la medida en que los líderes de arqueología, (no todos, pero si varios que conozco de primera mano) no trabajan para el patrimonio del Estado y los ciudadanos, sino que se enriquecen a costas de estudiantes y recién graduados que son fácilmente manipulables, y sin el suficiente profesional criterio para discutir o notificar irregularidades. NUNCA SE REGALEN, IGUAL LES IMPORTAN UNA MIERDA A SUS EMPLEADORES, NUESTRO TRABAJO VALE DEMASIADO, DÉMONOS EL VALOR QUE TENEMOS"
7/2/2026 13:05:12,"Si, es mi profesión principal",Mujer,50 años o más,Ambas por igual,"Contratista - prestación de servicios, Docencia e investigación universitaria",11 y 15 años,Doctorado,6 millones a 7 millones,"Bogotá D.C., Santander","Nivel de formacion academica (especializacion, maestria, doctorado)","Profesor de antropología, arqueología o afines",Universidad,Variables. Depende de contratos,De 1 a 5 días,Ninguna,"Excel, Word, Google Sheets, SPSS, QGis, Software de creación 3D: Blender, Agisfot Metashape, SketchUp, etc, Google Maps, Fotogrametría, Software de dibujo técnico y edicion fotografica: Illustrator, Corel, Krita, etc, Citacion bibliográfica: Mendeley, Zotero, EndNote, etc, Redes sociales: WhatsApp, Telegram, etc, Inteligencia Artificial",Falta de estabilidad laboral,"Útil. Lo mejoró si, pero no lo que esperaba",Zooarqueología. Biología. Bioarqueología. Osteología. Medicina. Nutrición. Paleoantropologia. Biología molecular.,Mucho menor a la que debería ganar,Más regulación del sector,4,La desigualdad basada en género es determinante 
7/2/2026 14:54:48,"Si, es mi profesión principal",Mujer,36 años - 40 años,"Arqueología preventiva o de rescate: obras civiles, construcciones, licencias ambientales, etc","Contratista - prestación de servicios, Consultoria",11 y 15 años,Especializacion,De 2.5 millones a 3 millones,Antioquia,Tus buenos contactos y tu red profesional,Arqueólogo,"Trabajo independiente, freenlance o por proyectos",Variables. Depende de contratos,No realizo trabajo de campo,De 1 a 3 personas,"Excel, Word, Google Sheets, Google Maps, Citacion bibliográfica: Mendeley, Zotero, EndNote, etc, Redes sociales: WhatsApp, Telegram, etc, Inteligencia Artificial",Falta de estabilidad laboral,"Útil. Lo mejoró si, pero no lo que esperaba",Antropología en general o arqueología,Algo menor de lo que debería ganar,Mayor estabilidad laboral,4,N/A
7/6/2026 14:40:50,"No actualmente, pero lo he hecho antes",Mujer,26 años - 30 años,Área forense,Contratista - prestación de servicios,Entre 1 a 3 años,Especializacion,6 millones a 7 millones,"Quindio, Risaralda",Tus buenos contactos y tu red profesional,Antropóloga forense,Sector forense - Fiscalía - UBPD,Muy estables. Cuento siempre con un salario fijo,De 6 a 10 días,De 1 a 3 personas,"Excel, Word, QGis, ArcGis, Google Maps, Fotogrametría, Citacion bibliográfica: Mendeley, Zotero, EndNote, etc",Poca oferta de empleos,Mi posgrado no es en arquelogia,"Derecho. Antropología forense. Arqueología forense. Derechos humanos, enfocado al tema forense.",Aproximadamente lo que debería ganar,Mayor estabilidad laboral,5,"La universidad no nos enseña realmente el verdadero escenario profesional, falta preparación en hojas de vida, en entrevistas laborales que permitan desenvolverse mejor en estos procesos tan traumáticos para un recién egresado"
7/6/2026 16:33:06,"Si, es mi profesión principal",Hombre,26 años - 30 años,"Arqueología preventiva o de rescate: obras civiles, construcciones, licencias ambientales, etc",Empleado directo de tiempo completo,Entre 1 a 3 años,Pregrado,De 2.5 millones a 3 millones,Santander,Tus buenos contactos y tu red profesional,Auxiliar de arqueología,"Obras civiles: empresas dedicadas a la construcción de carreteras, urbanismo, energía, construcción",Variables. Depende de contratos,Más de 15 días,De 1 a 3 personas,"QGis, ArcGis",Falta de estabilidad laboral,"No tengo título de posgrado aún, pero quiero hacerlo",No tengo posgrado,Mucho mayor de lo que debería ganar,Más oportunidades de empleo,1,...
7/6/2026 19:28:34,"Si, es mi profesión principal",Hombre,20 años - 25 años,"Arqueología preventiva o de rescate: obras civiles, construcciones, licencias ambientales, etc",Empleado directo de tiempo completo,No tengo experiencia,Pregrado,De 2.5 millones a 3 millones,Bogotá D.C.,Años de experiencia,Auxiliar de arqueología,Trabajo en laboratorios,Variables. Depende de contratos,No realizo trabajo de campo,Ninguna,"Excel, Word, Google Sheets, QGis, Google Maps, Fotogrametría, Redes sociales: WhatsApp, Telegram, etc",Poca oferta de empleos,"No tengo título de posgrado aún, pero quiero hacerlo",Zooarqueología. Biología. Bioarqueología. Osteología. Medicina. Nutrición. Paleoantropologia. Biología molecular.,Aproximadamente lo que debería ganar,Más oportunidades de empleo,4,.
7/6/2026 19:38:57,"Si, es mi profesión principal",Mujer,26 años - 30 años,"Arqueología preventiva o de rescate: obras civiles, construcciones, licencias ambientales, etc","Empleado directo de tiempo completo, Contratista - prestación de servicios",7 a 10 años,Pregrado,De 4 millones a 5 millones,"Antioquia, Caldas, Cundinamarca, Meta",Manejar SIG,Arqueólogo,"Obras civiles: empresas dedicadas a la construcción de carreteras, urbanismo, energía, construcción",Variables. Depende de contratos,De 1 a 5 días,De 4 a 10 personas,"Excel, Word, QGis, ArcGis, Google Maps, Software de dibujo técnico y edicion fotografica: Illustrator, Corel, Krita, etc, Citacion bibliográfica: Mendeley, Zotero, EndNote, etc, Redes sociales: WhatsApp, Telegram, etc, Inteligencia Artificial",Poca oferta de empleos,"No tengo título de posgrado aún, pero quiero hacerlo",No tengo posgrado,Algo menor de lo que debería ganar,Mayor estabilidad laboral,2,"La oferta es muy limitada. Es muy tu a tu; es decir, la mayoría de los trabajos los he conseguido porque conocía a alguien, pero no hay casi vacantes en páginas de empleo, y las pocas que hay nunca llaman, se aplica a la vacante y no se recibe ninguna respuesta. Todo es muy informal. Eso genera mucha incertidumbre e inestabilidad. Y considero que hay también un monopolio en la arqueología preventiva, sobre los profesionales que obtienen el liderazgo de los proyectos. Siempre son los mismos. "
7/6/2026 20:28:06,"No actualmente, pero lo he hecho antes",Mujer,31 años - 35 años,"Arqueología académica o básica: docencia, investigación, editoriales, museos, semilleros, proyectos academicos, universidades","Contratista - prestación de servicios, Trabajador independiente, Divulgacion cientifica, Museos y conservación. Gestor cultural, Investigación en laboratorio",Entre 1 a 3 años,Pregrado,De 2 millones a 2.5 millones,"Bogotá D.C., Boyacá, Cundinamarca","Habilidades tecnológicas: programación, Excel, analitica de datos, bases de datos, etc",Gestor social o cultural,Gestión del patrimonio cultural,Variables. Depende de contratos,No realizo trabajo de campo,Ninguna,"Excel, Word, Google Sheets, QGis, SQL, Citacion bibliográfica: Mendeley, Zotero, EndNote, etc, Redes sociales: WhatsApp, Telegram, etc",Falta de claridad en tarifas u honorarios,"No tengo título de posgrado aún, pero quiero hacerlo",No tengo posgrado,Mucho menor a la que debería ganar,Más regulación del sector,3,.
7/6/2026 23:12:30,"Si, es mi profesión principal",Mujer,26 años - 30 años,"Arqueología preventiva o de rescate: obras civiles, construcciones, licencias ambientales, etc",Empleado directo de tiempo completo,Entre 1 a 3 años,Pregrado,De 4 millones a 5 millones,"Bogotá D.C., Boyacá, Cundinamarca",Años de experiencia,Arqueólogo,"Obras civiles: empresas dedicadas a la construcción de carreteras, urbanismo, energía, construcción",Variables. Depende de contratos,Más de 15 días,De 1 a 3 personas,"Excel, Word, Google Sheets, Python, QGis, Software de creación 3D: Blender, Agisfot Metashape, SketchUp, etc, ArcGis, AutoCAD, Google Maps, Fotogrametría, Redes sociales: WhatsApp, Telegram, etc, Inteligencia Artificial",Poca oferta de empleos,"Útil. Lo mejoró si, pero no lo que esperaba",Zooarqueología. Biología. Bioarqueología. Osteología. Medicina. Nutrición. Paleoantropologia. Biología molecular.,Mucho menor a la que debería ganar,Mayor estabilidad laboral,4,Ninguna
7/9/2026 14:29:48,"Si, es mi profesión principal",Mujer,26 años - 30 años,"Arqueología preventiva o de rescate: obras civiles, construcciones, licencias ambientales, etc",Empleado directo de tiempo completo,4 a 6 años,Especializacion,De 4 millones a 5 millones,"Bogotá D.C., Atlánico",Tener RNA,Arqueólogo,"Obras civiles: empresas dedicadas a la construcción de carreteras, urbanismo, energía, construcción",Variables. Depende de contratos,De 1 a 5 días,De 1 a 3 personas,"Excel, Word, QGis, AutoCAD, Google Maps, Redes sociales: WhatsApp, Telegram, etc",Bajos salarios,Poco útil. Muy poco realmente,Antropología en general o arqueología,Mucho menor a la que debería ganar,Más oportunidades de empleo,3,"Hay muy pocas oportunidades para hacer arqueología como debe ser, desde la investigación, dependemos de las empresas solo porque la ley se los exige pero aun así no valoran la profesión y pagan muy mal a los profesionales, los salarios no tienen en cuenta ni la experiencia ni el nivel de formación de la persona"
7/10/2026 11:23:55,"Si, es mi profesión principal",Hombre,36 años - 40 años,"Arqueología preventiva o de rescate: obras civiles, construcciones, licencias ambientales, etc","Empleado directo de tiempo completo, Contratista - prestación de servicios",4 a 6 años,Pregrado,De 3 millones a 4 millones,"Antioquia, Atlánico, Caquetá, La Guajira, Sucre",Años de experiencia,Auxiliar de arqueología,Consultoría ambiental o estudios de impacto,Variables. Depende de contratos,Más de 15 días,Ninguna,"Excel, QGis, ArcGis, Google Maps",Falta de estabilidad laboral,"No tengo título de posgrado aún, pero quiero hacerlo",No tengo posgrado,Aproximadamente lo que debería ganar,Más oportunidades de empleo,3,"Está es una manera real de entender el comportamiento laboral en arqueologia. Considero que una de las falencias que noto desde mi punto de vista, es la formación que tengo como antropólogo y por cuestiones laborales debemos adaptarnos a la arqueología y con ello recaen muchos problemas, entre ellos la falta de amor y apropiación por especializarse o realizar el trabajo correctamente. También, el gremio arqueólogico es demasiado cerrado y las luchas internas y de clases por parte de profesionales, hacen que hayan discordias y se preste para malas referencias y sea descartado. Gracias por querer hacer de la arqueologia una ciencia para construir y aprender. Saludos"
7/10/2026 16:23:26,"Si, es mi profesión principal",Mujer,41 años - 45 años,"Arqueología preventiva o de rescate: obras civiles, construcciones, licencias ambientales, etc",Contratista - prestación de servicios,4 a 6 años,Especializacion,De 3 millones a 4 millones,Bogotá D.C.,Aún no ha subido considerablemente,Arqueólogo,"Obras civiles: empresas dedicadas a la construcción de carreteras, urbanismo, energía, construcción",Variables. Depende de contratos,Más de 15 días,Ninguna,"Excel, Word, QGis, Google Maps",Falta de reconocimiento profesional,Recién me gradué de la especialización y aún no he podido el impacto del posgrado en mi salario o desarrollo profesional,Antropología en general o arqueología,Mucho menor a la que debería ganar,Más oportunidades de empleo,2,"Sería importante abrir más campo y oportunidades laborales relacionados con patrimonio, divulgación y apropiación del conocimiento"
7/15/2026 20:55:47,"Si, es mi profesión principal",Hombre,36 años - 40 años,"Arqueología preventiva o de rescate: obras civiles, construcciones, licencias ambientales, etc","Contratista - prestación de servicios, Trabajador independiente, Consultoria, Emprendimientos propios - empresa propia",7 a 10 años,Pregrado,De 4 millones a 5 millones,"Bogotá D.C., Atlánico, Bolivar, Huila, Meta",Tener RNA,Consultor,Parques foltovoltáicos. Sector energético,Variables. Depende de contratos,Más de 15 días,De 4 a 10 personas,"Excel, Word, QGis, Google Maps, Redes sociales: WhatsApp, Telegram, etc, Inteligencia Artificial",Poca oferta de empleos,Definitivamente. Mejoró mis oportunidades y mi salario,No tengo posgrado,Aproximadamente lo que debería ganar,Más oportunidades de empleo,5,muy buena encuesta
7/22/2026 8:15:38,"Si, es mi profesión principal",Mujer,46 años -50 años,"Arqueología preventiva o de rescate: obras civiles, construcciones, licencias ambientales, etc",Empleado directo de tiempo completo,7 a 10 años,Pregrado,De 3 millones a 4 millones,"Cesar, Magdalena","No he aumentado el sueldo considerablemente a pesar de tener más experiencia y por ende más conocimiento,empecé en 2015 con salario de 3000000 y hoy apenas alcance los 4 000000",Arqueólogo,"Obras civiles: empresas dedicadas a la construcción de carreteras, urbanismo, energía, construcción",Muy estables. Cuento siempre con un salario fijo,28,Ninguna,"Excel, Word",Falta de reconocimiento profesional,Poco útil. Muy poco realmente,No tengo posgrado,Aproximadamente lo que debería ganar,Mejor reconocimiento profesional,3,"Debería dejar de deshumanizarse el quehacer arqueológico, que los líderes de arqueología atendieran más y mejor el oficio,el propósito que tenemos sin desatender los temas de producción en las empresas, percibo lo contrario, atienden más la producción de la empresa y desatienden el propósito real de su oficio y/o cargo"
7/22/2026 9:04:12,"Si, es mi profesión principal",Hombre,26 años - 30 años,"Arqueología preventiva o de rescate: obras civiles, construcciones, licencias ambientales, etc",Empleado directo de tiempo completo,7 a 10 años,Pregrado,De 5 millones a 6 millones,"Atlánico, Cesar","Tu especialidad técnica en arqueología: cerámica, líticos, etc",Arqueólogo,"Obras civiles: empresas dedicadas a la construcción de carreteras, urbanismo, energía, construcción",Muy estables. Cuento siempre con un salario fijo,Más de 15 días,Más de 10 personas,"Excel, Word, Google Maps, Citacion bibliográfica: Mendeley, Zotero, EndNote, etc, Redes sociales: WhatsApp, Telegram, etc",Falta de relación entre formación y oportunidades laborales,Considero que el posgrado no es relevante,No tengo posgrado,Aproximadamente lo que debería ganar,Mayor estabilidad laboral,3,"Creo que es importante mencionar que en la arqueología preventiva es difícil la movilidad salarial, no existen ascensos y para lograrlos se deben tomar responsabilidades que algunas veces están por encima para las cuales fueron contratados los profesionales. Es decir, toca regalar trabajo para tener visibilidad y de esa forma los contratistas o jefes inmediatos puedan subir el salario después de un tiempo que no está establecido. "
7/28/2026 16:08:14,"Si, es mi profesión principal",Hombre,46 años -50 años,"Arqueología preventiva o de rescate: obras civiles, construcciones, licencias ambientales, etc",Contratista - prestación de servicios,11 y 15 años,Maestría,De 5 millones a 6 millones,Cundinamarca,Años de experiencia,Arqueólogo,"Obras civiles: empresas dedicadas a la construcción de carreteras, urbanismo, energía, construcción",Variables. Depende de contratos,De 1 a 5 días,De 1 a 3 personas,"Excel, Word, Google Sheets, QGis, Google Maps, Surfer, Mystat",Poca oferta de empleos,Mi maestría es en patrimonio cultural y estoy terminando,Otro,Mucho menor a la que debería ganar,El pensum de las universidades,5,En los años de experiencia debiron incluir un rango más amplio. En mi caso tengo más años de experiencia de los que se presentaron en las opciones. Gracias por el espacio